course_id,course_name,course_overview_raw,course_url,credits,discovery_method,discovery_source_url,display_course_code,http_status,in_canonical_workbooks_before,in_database_before,page_title,prerequisite_status,prerequisite_text_raw,reconciliation,seed,status,subject_category,validation_notes,validation_status
ELEX7010,Engineering Statistics,"The course covers numerical and graphical methods of descriptive statistics, basic probability theory, the notion of discrete and continuous random variables and their probability distributions (focussing on the binomial, geometric, hypergeometric, Poisson, uniform, exponential, normal and Erlang-k distributions), the connection between probability and statistical inference (population and sample), sampling and sampling distributions, computation of confidence interval estimates and testing of hypotheses (involving means, differences of means, proportions, difference of proportions, variances), an introduction to simple and multiple linear regression, an introduction to experimental design and analysis of variance, and an introduction to basic principles of quality control. Prerequisite(s) No prerequisites are required for this course. Credits 3.0 Not offered this term This course is not offered this term. Notify me to receive email notifications when the course opens for registration next term.",https://www.bcit.ca/courses/engineering-statistics-elex-7010/,3.0,program_matrix_link,https://www.bcit.ca/programs/electronics-bachelor-of-technology-part-time-8900btech/,ELEX 7010,200,False,False,Engineering Statistics ELEX 7010,explicit_none,No prerequisites are required for this course.,newly_found,True,Not offered this term,Electrical and Computer Engineering Course,,validated
ELEX7040,Engineering Materials,"Overview of materials used in engineering-metals, ceramics, plastics, semiconductors and wood. Examines microstructure of materials and macroscopic properties such as modulus of elasticity and tensile and shear strengths. Topics such as phase diagrams, solid state transformations, fracture, corrosion and sizing are included. Some laboratory demonstrations. Prerequisite(s) No prerequisites are required for this course. Credits 3.0 Not offered this term This course is not offered this term. Notify me to receive email notifications when the course opens for registration next term.",https://www.bcit.ca/courses/engineering-materials-elex-7040/,3.0,program_matrix_link,https://www.bcit.ca/programs/electronics-bachelor-of-technology-part-time-8900btech/,ELEX 7040,200,False,False,Engineering Materials ELEX 7040,explicit_none,No prerequisites are required for this course.,newly_found,True,Not offered this term,Electrical and Computer Engineering Course,,validated
ELEX7120,Linear Algebra and Vector Calculus,"This course covers the basics of vectors, matrices, matrix operations, determinants and linear transformations. Applications to linear algebraic equations and eigenvalue/eigenvector problems are covered, as well as to systems of linear ordinary differential equations. The course then covers vector functions and operators, curvilinear coordinates, line and surface integrals and integral theorems such as Stoke's and Green's theorems.. Applications in circuit theory, control systems, network theory, electromagnetism, robotics, gravitation, and system modeling are emphasized. Prerequisite(s) 50% in ELEX 7020 Credits 3.0 Not offered this term This course is not offered this term. Notify me to receive email notifications when the course opens for registration next term.",https://www.bcit.ca/courses/linear-algebra-and-vector-calculus-elex-7120/,3.0,program_matrix_link,https://www.bcit.ca/programs/electronics-bachelor-of-technology-part-time-8900btech/,ELEX 7120,200,False,False,Linear Algebra and Vector Calculus ELEX 7120,authoritative_raw_text,50% in ELEX 7020,newly_found,True,Not offered this term,Electrical and Computer Engineering Course,,validated
ELEX7121,Scientific Computing 2,"Covers numerical methods and use of computer algorithms for discrete least squares approximation, trigonometric polynomial approximation, Fast Fourier Transforms, and Boundary value problems. Solutions of second order partial differential equations, namely, elliptic (Laplace's and Poisson's), parabolic and hyperbolic equations, using finite difference methods will be covered. Computer programs and software packages (MATLAB) will be used to solve equations. Prerequisite(s) ELEX 7120 or can be taken concurrently Credits 1.0 Not offered this term This course is not offered this term. Notify me to receive email notifications when the course opens for registration next term.",https://www.bcit.ca/courses/scientific-computing-2-elex-7121/,1.0,program_matrix_link,https://www.bcit.ca/programs/electronics-bachelor-of-technology-part-time-8900btech/,ELEX 7121,200,False,False,Scientific Computing 2 ELEX 7121,authoritative_raw_text,ELEX 7120 or can be taken concurrently,newly_found,True,Not offered this term,Electrical and Computer Engineering Course,,validated
ELEX7140,Semiconductor Theory and Applications,This course is an introduction to semiconductor and electronic devices. Crystal properties of semiconductor materials will be described. After a review of the Bohr model and quantum mechanics Schrodinger equation will be solved. Energy bands and charge carriers in semiconductors will be described. Theory of forward-and reverse-biased p-n junction and transistor will be presented. Operation of field effect transistor will be explained. There will be experiments to relate theory to the electronic devices. Prerequisite(s) 50% in ELEX 7040 Credits 3.0 Not offered this term This course is not offered this term. Notify me to receive email notifications when the course opens for registration next term.,https://www.bcit.ca/courses/semiconductor-theory-and-applications-elex-7140/,3.0,program_matrix_link,https://www.bcit.ca/programs/electronics-bachelor-of-technology-part-time-8900btech/,ELEX 7140,200,False,False,Semiconductor Theory and Applications ELEX 7140,authoritative_raw_text,50% in ELEX 7040,newly_found,True,Not offered this term,Electrical and Computer Engineering Course,,validated
ELEX7210,Signal Theory and Processing,"This course is divided into two parts. Approximately 40% of the course time is devoted to continuous time signal processing and 60% to discrete time signal processing. The continuous time section of the course starts with a general overview of analog filter types and the approximation problem. Transfer functions for various filter types, typically Butterworth, Chebyshev, Cauer and Bessel, are then derived. Transformations from normalized low-pass to high-pass, band-pass, and band-reject and also scaling are covered. Various circuits to realize the resulting transfer functions are analyzed and implemented in the laboratory. The discrete time section starts with a review of the properties of sine waves including discrete time representation. Spectrum representation is examined and various Fourier series representations are covered. Sampling and aliasing are examined followed by an examination of the basics of FIR filters. Techniques for designing FIR filters are presented. The z-transform is developed, followed by an examination of recursive filters. Various s-plane to z-plane transformations are presented and design techniques for recursive filters are covered. The theory is strongly supported by several design projects which are implemented and tested in the laboratory. Prerequisite(s) 50% in ELEX 7110 Credits 3.0 Not offered this term This course is not offered this term. Notify me to receive email notifications when the course opens for registration next term.",https://www.bcit.ca/courses/signal-theory-and-processing-elex-7210/,3.0,program_matrix_link,https://www.bcit.ca/programs/electronics-bachelor-of-technology-part-time-8900btech/,ELEX 7210,200,False,False,Signal Theory and Processing ELEX 7210,authoritative_raw_text,50% in ELEX 7110,newly_found,True,Not offered this term,Electrical and Computer Engineering Course,,validated
ELEX7220,Feedback Control,"Linear controller design in a variety of application areas. Model equations from first principles, empirical models. Continuous and discrete time frameworks. PID control analysis, transform controller design, state feedback design the linear quadratic Gaussian regulator problem, dead time compensation, sensitivity analysis, predictive control. Hands-on labs form an integral part of the course. Prerequisite(s) 50% in ELEX 7110 Credits 3.0 Not offered this term This course is not offered this term. Notify me to receive email notifications when the course opens for registration next term.",https://www.bcit.ca/courses/feedback-control-elex-7220/,3.0,program_matrix_link,https://www.bcit.ca/programs/electronics-bachelor-of-technology-part-time-8900btech/,ELEX 7220,200,False,False,Feedback Control ELEX 7220,authoritative_raw_text,50% in ELEX 7110,newly_found,True,Not offered this term,Electrical and Computer Engineering Course,,validated
ELEX8010,Data Communication,"This course gives an overview of data communication. The course covers the ISO/OSI seven layer protocol model. Emphasis is placed on the role and function of communication protocols, particularly at the physical and data-link layers. Students gain an understanding of the various communication protocols that have been defined to create communication environments in which computers can exchange information in an open way. Course topics include protocol operation error detection and control, encoding, modulation techniques and data compression. Hands on data communication programming and hardware labs are incorporated into the course so that students can master the material. Prerequisite(s) 50% in ELEX 7020 Credits 3.0 Not offered this term This course is not offered this term. Notify me to receive email notifications when the course opens for registration next term.",https://www.bcit.ca/courses/data-communication-elex-8010/,3.0,program_matrix_link,https://www.bcit.ca/programs/electronics-bachelor-of-technology-part-time-8900btech/,ELEX 8010,200,False,False,Data Communication ELEX 8010,authoritative_raw_text,50% in ELEX 7020,newly_found,True,Not offered this term,Electrical and Computer Engineering Course,,validated
ELEX8030,Real-Time Embedded Systems,"This course covers software and hardware design for real-time embedded systems. Topics include real-time implementation of DSP algorithms, code and hardware optimization for speed and power, real-time operating systems, reliable operation, and overall system architecture. In the laboratory, students will apply selected concepts learned in the lectures by implementing them on a development board centered around a DSP-oriented microcontroller. This course uses C as the programming language. There is some interaction with assembly code. Tutorial time early in the course is available to bring students back up to speed on selected topics such as C programming. Prerequisite(s) No prerequisites are required for this course. Credits 3.0 Not offered this term This course is not offered this term. Notify me to receive email notifications when the course opens for registration next term.",https://www.bcit.ca/courses/real-time-embedded-systems-elex-8030/,3.0,program_matrix_link,https://www.bcit.ca/programs/electronics-bachelor-of-technology-part-time-8900btech/,ELEX 8030,200,False,False,Real-Time Embedded Systems ELEX 8030,explicit_none,No prerequisites are required for this course.,newly_found,True,Not offered this term,Electrical and Computer Engineering Course,,validated
ELEX8130,Computer Networks,"This course analyzes the various communication protocols that have been defined to create communication environments in which computers can exchange information in an open way. Course topics include protocol structures, inter-networking, high-speed networks and network management issues. Error control and correction, and queuing theory is also presented. Students will perform hands-on labs and programming assignments using BCIT's telecommunications lab hardware. Prerequisite(s) 50% in ELEX 8010 Credits 3.0 Not offered this term This course is not offered this term. Notify me to receive email notifications when the course opens for registration next term.",https://www.bcit.ca/courses/computer-networks-elex-8130/,3.0,program_matrix_link,https://www.bcit.ca/programs/electronics-bachelor-of-technology-part-time-8900btech/,ELEX 8130,200,False,False,Computer Networks ELEX 8130,authoritative_raw_text,50% in ELEX 8010,newly_found,True,Not offered this term,Electrical and Computer Engineering Course,,validated
ELEX8140,Mobile Communications,"This course covers an introduction to past and modern wireless communication systems (2G, 3G and Bluetooth). The cellular concept and system design fundamentals are presented. Discussion of mobile radio propagation for large-scale path loss is followed by small-scale fading and multi-path. A summary of various modulation techniques is given. Finally, multiple access techniques for wireless communication are described. There will be two or more labs. and a team project regarding coverage prediction and frequency re-use for a region of North America. Prerequisite(s) 50% in ELEX 7230 Credits 3.0 Not offered this term This course is not offered this term. Notify me to receive email notifications when the course opens for registration next term.",https://www.bcit.ca/courses/mobile-communications-elex-8140/,3.0,program_matrix_link,https://www.bcit.ca/programs/electronics-bachelor-of-technology-part-time-8900btech/,ELEX 8140,200,False,False,Mobile Communications ELEX 8140,authoritative_raw_text,50% in ELEX 7230,newly_found,True,Not offered this term,Electrical and Computer Engineering Course,,validated
ELEX8180,Discrete-Time Control Systems,"Model structure selection, noise and disturbance models, system identification- maximum likelihood, least squares, instrumental variables, correlation and frequency domain methods. Controller design in discrete time- z-transform, PID control, polynomial and state space methods, observers, LQR methods, cascade control, feedforward, selector control, gain scheduling, sampling, anti-aliasing and reconstruction, discrete equivalents of continuous time controllers, dead time compensation, nonlinearities, introduction to multivariable methods. Lab component includes identification and real time control of various processes, graphical user interface design and logic programming using Stateflow software. Prerequisite(s) 50% in ELEX 7220 Credits 3.0 Not offered this term This course is not offered this term. Notify me to receive email notifications when the course opens for registration next term.",https://www.bcit.ca/courses/discrete-time-control-systems-elex-8180/,3.0,program_matrix_link,https://www.bcit.ca/programs/electronics-bachelor-of-technology-part-time-8900btech/,ELEX 8180,200,False,False,Discrete-Time Control Systems ELEX 8180,authoritative_raw_text,50% in ELEX 7220,newly_found,True,Not offered this term,Electrical and Computer Engineering Course,,validated
ELEX8270,Power System Analysis,"The course presents methods of power system analysis and design in sufficient depth to give the basic knowledge for solving fundamental problems of modern power systems. The main goal of the course is to review the students existing knowledge of power systems and then advance it toward analysis methods, developing conceptual insights, and gaining experience with applicable software simulation and analytical tools through hands on laboratory exercises. Topics include: review of fundamentals of power systems, symmetrical components, modelling of generators, transformers, transmission lines and loads, principles of network analysis, power flow, faults, voltage and frequency controls, economic dispatch, voltage stability, and transient stability. Prerequisite(s) 50% in ELEX 7240 Credits 3.0 Not offered this term This course is not offered this term. Notify me to receive email notifications when the course opens for registration next term.",https://www.bcit.ca/courses/power-system-analysis-elex-8270/,3.0,program_matrix_link,https://www.bcit.ca/programs/electronics-bachelor-of-technology-part-time-8900btech/,ELEX 8270,200,False,False,Power System Analysis ELEX 8270,authoritative_raw_text,50% in ELEX 7240,newly_found,True,Not offered this term,Electrical and Computer Engineering Course,,validated
ELEX8275,RF Design Engineering,"This course covers the design principles for high frequency circuits, at the component and circuit level, from HF through the lower microwave range. Topics include: passive component behaviour, impedance matching networks, two-port network parameters, passive lumped and distributed filter design; stability, gain and noise considerations in amplifier design; oscillator design; detector and mixer design; control circuits. Labs require students to design, simulate, build and test various circuits applying theoretic knowledge. Prerequisite(s) 50% in ELEX 7230 Credits 3.0 Not offered this term This course is not offered this term. Notify me to receive email notifications when the course opens for registration next term.",https://www.bcit.ca/courses/rf-design-engineering-elex-8275/,3.0,program_matrix_link,https://www.bcit.ca/programs/electronics-bachelor-of-technology-part-time-8900btech/,ELEX 8275,200,False,False,RF Design Engineering ELEX 8275,authoritative_raw_text,50% in ELEX 7230,newly_found,True,Not offered this term,Electrical and Computer Engineering Course,,validated
ELEX8280,Engineering Law,"This course provides an introduction to the Canadian legal system, discusses business organizations, international considerations, tort liability, contracts (offer and acceptance, interpretation, discharge, breach, dispute resolutions), intellectual property law, legal and ethical responsibilities of professional engineer. The course will include critique and group discussion of case studies. Prerequisite(s) No prerequisites are required for this course. Credits 3.0 Not offered this term This course is not offered this term. Notify me to receive email notifications when the course opens for registration next term.",https://www.bcit.ca/courses/engineering-law-elex-8280/,3.0,program_matrix_link,https://www.bcit.ca/programs/electronics-bachelor-of-technology-part-time-8900btech/,ELEX 8280,200,False,False,Engineering Law ELEX 8280,explicit_none,No prerequisites are required for this course.,newly_found,True,Not offered this term,Electrical and Computer Engineering Course,,validated
FMGT8295,Engineering Economics,This course is meant to provide the practicing engineer with the financial knowledge and skills required for the economic analysis of business situations; more specifically the costs and benefits of alternative solutions to technical problems. This course covers the syllabus material for the CCPE Engineering Economics exam. Prerequisite(s) No prerequisites are required for this course. Credits 3.0 Not offered this term This course is not offered this term. Notify me to receive email notifications when the course opens for registration next term.,https://www.bcit.ca/courses/engineering-economics-fmgt-8295/,3.0,program_matrix_link,https://www.bcit.ca/programs/electronics-bachelor-of-technology-part-time-8900btech/,FMGT 8295,200,False,False,Engineering Economics FMGT 8295,explicit_none,No prerequisites are required for this course.,newly_found,True,Not offered this term,Financial Management Course,,validated
ACCG6310,,,https://www.bcit.ca/courses/auditing-and-assurance-accg-6310/,,program_matrix_link,https://www.bcit.ca/programs/professional-accounting-advanced-diploma-full-time-part-time-5290advdip/,ACCG 6310,,False,False,,,,discovered_unenriched,False,,,Official BCIT program page links to this course page; course detail page not enriched in this run.,official_program_link_candidate
ACCG6510,,,https://www.bcit.ca/courses/corporate-finance-principles-accg-6510/,,program_matrix_link,https://www.bcit.ca/programs/professional-accounting-advanced-diploma-full-time-part-time-5290advdip/,ACCG 6510,,False,False,,,,discovered_unenriched,False,,,Official BCIT program page links to this course page; course detail page not enriched in this run.,official_program_link_candidate
ACED1200,,,https://www.bcit.ca/courses/digital-modelling-fundamentals-aced-1200/,,program_matrix_link,https://www.bcit.ca/programs/fundamentals-in-architecture-construction-and-engineering-microcredential-part-time-0874cm/,ACED 1200,,False,False,,,,discovered_unenriched,False,,,Official BCIT program page links to this course page; course detail page not enriched in this run.,official_program_link_candidate
ACED1205,,,https://www.bcit.ca/courses/revit-fundamentals-aced-1205/,,program_matrix_link,https://www.bcit.ca/programs/essential-technical-skills-for-architecture-construction-and-engineering-certificate-part-time-6090cert/,ACED 1205,,False,False,,,,discovered_unenriched,False,,,Official BCIT program page links to this course page; course detail page not enriched in this run.,official_program_link_candidate
ACED1215,,,https://www.bcit.ca/courses/introduction-to-construction-project-management-communication-and-professionalism-aced-1215/,,program_matrix_link,https://www.bcit.ca/programs/fundamentals-in-architecture-construction-and-engineering-microcredential-part-time-0874cm/,ACED 1215,,False,False,,,,discovered_unenriched,False,,,Official BCIT program page links to this course page; course detail page not enriched in this run.,official_program_link_candidate
ACED1220,,,https://www.bcit.ca/courses/introduction-to-building-technology-aced-1220/,,program_matrix_link,https://www.bcit.ca/programs/fundamentals-in-architecture-construction-and-engineering-microcredential-part-time-0874cm/,ACED 1220,,False,False,,,,discovered_unenriched,False,,,Official BCIT program page links to this course page; course detail page not enriched in this run.,official_program_link_candidate
ACED1250,,,https://www.bcit.ca/courses/design-build-practicum-1-aced-1250/,,program_matrix_link,https://www.bcit.ca/programs/essential-technical-skills-for-architecture-construction-and-engineering-certificate-part-time-6090cert/,ACED 1250,,False,False,,,,discovered_unenriched,False,,,Official BCIT program page links to this course page; course detail page not enriched in this run.,official_program_link_candidate
ACED1270,,,https://www.bcit.ca/courses/design-build-practicum-2-aced-1270/,,program_matrix_link,https://www.bcit.ca/programs/essential-technical-skills-for-architecture-construction-and-engineering-certificate-part-time-6090cert/,ACED 1270,,False,False,,,,discovered_unenriched,False,,,Official BCIT program page links to this course page; course detail page not enriched in this run.,official_program_link_candidate
ACED1305,,,https://www.bcit.ca/courses/introduction-to-systems-structural-mechanical-and-electrical-aced-1305/,,program_matrix_link,https://www.bcit.ca/programs/essential-technical-skills-for-architecture-construction-and-engineering-certificate-part-time-6090cert/,ACED 1305,,False,False,,,,discovered_unenriched,False,,,Official BCIT program page links to this course page; course detail page not enriched in this run.,official_program_link_candidate
ACIM5040,,,https://www.bcit.ca/courses/variable-frequency-drives-and-servos-acim-5040/,,program_matrix_link,https://www.bcit.ca/programs/renewable-energy-electrical-systems-installation-and-maintenance-advanced-certificate-part-time-6185adcert/,ACIM 5040,,False,False,,,,discovered_unenriched,False,,,Official BCIT program page links to this course page; course detail page not enriched in this run.,official_program_link_candidate
ACIM6030,,,https://www.bcit.ca/courses/process-and-distributed-control-systems-acim-6030/,,program_matrix_link,https://www.bcit.ca/programs/automated-controls-installation-and-maintenance-advanced-certificate-part-time-1320adcert/,ACIM 6030,,False,False,,,,discovered_unenriched,False,,,Official BCIT program page links to this course page; course detail page not enriched in this run.,official_program_link_candidate
ACIM6040,,,https://www.bcit.ca/courses/industrial-communication-and-data-acquisition-acim-6040/,,program_matrix_link,https://www.bcit.ca/programs/automated-controls-installation-and-maintenance-advanced-certificate-part-time-1320adcert/,ACIM 6040,,False,False,,,,discovered_unenriched,False,,,Official BCIT program page links to this course page; course detail page not enriched in this run.,official_program_link_candidate
AIRC1004,,,https://www.bcit.ca/courses/introduction-to-airport-and-airside-operations-airc-1004/,,program_matrix_link,https://www.bcit.ca/programs/airport-operations-associate-certificate-part-time-1070acert/,AIRC 1004,,False,False,,,,discovered_unenriched,False,,,Official BCIT program page links to this course page; course detail page not enriched in this run.,official_program_link_candidate
AIRC1008,,,https://www.bcit.ca/courses/introduction-to-safety-management-systems-airc-1008/,,program_matrix_link,https://www.bcit.ca/programs/airport-operations-associate-certificate-part-time-1070acert/,AIRC 1008,,False,False,,,,discovered_unenriched,False,,,Official BCIT program page links to this course page; course detail page not enriched in this run.,official_program_link_candidate
AMFG4200,,,https://www.bcit.ca/courses/design-for-additive-manufacturing-dfam-amfg-4200/,,program_matrix_link,https://www.bcit.ca/programs/applied-additive-manufacturing-microcredential-part-time-0875cm/,AMFG 4200,,False,False,,,,discovered_unenriched,False,,,Official BCIT program page links to this course page; course detail page not enriched in this run.,official_program_link_candidate
AMFG4300,,,https://www.bcit.ca/courses/reverse-engineering-re-amfg-4300/,,program_matrix_link,https://www.bcit.ca/programs/applied-additive-manufacturing-microcredential-part-time-0875cm/,AMFG 4300,,False,False,,,,discovered_unenriched,False,,,Official BCIT program page links to this course page; course detail page not enriched in this run.,official_program_link_candidate
AMRC1017,,,https://www.bcit.ca/courses/area-manager-road-certification-in-field-practicum-amrc-1017/,,program_matrix_link,https://www.bcit.ca/programs/road-area-manager-certification-statement-of-completion-part-time-0425000000/,AMRC 1017,,False,False,,,,discovered_unenriched,False,,,Official BCIT program page links to this course page; course detail page not enriched in this run.,official_program_link_candidate
APIC1181,,,https://www.bcit.ca/courses/logistics-transportation-and-distribution-certification-apic-1181/,,program_matrix_link,https://www.bcit.ca/programs/operations-management-materials-management-option-certificate-part-time-690dmcert/,APIC 1181,,False,False,,,,discovered_unenriched,False,,,Official BCIT program page links to this course page; course detail page not enriched in this run.,official_program_link_candidate
ASCT1135,,,https://www.bcit.ca/courses/construction-drawings-for-commercial-buildings-asct-1135/,,program_matrix_link,https://www.bcit.ca/programs/construction-drawings-associate-certificate-part-time-1155acert/,ASCT 1135,,False,False,,,,discovered_unenriched,False,,,Official BCIT program page links to this course page; course detail page not enriched in this run.,official_program_link_candidate
ASCT1145,,,https://www.bcit.ca/courses/construction-drawings-for-industrial-buildings-asct-1145/,,program_matrix_link,https://www.bcit.ca/programs/construction-drawings-associate-certificate-part-time-1155acert/,ASCT 1145,,False,False,,,,discovered_unenriched,False,,,Official BCIT program page links to this course page; course detail page not enriched in this run.,official_program_link_candidate
ASCT1155,,,https://www.bcit.ca/courses/construction-drawings-for-residential-buildings-asct-1155/,,program_matrix_link,https://www.bcit.ca/programs/construction-drawings-associate-certificate-part-time-1155acert/,ASCT 1155,,False,False,,,,discovered_unenriched,False,,,Official BCIT program page links to this course page; course detail page not enriched in this run.,official_program_link_candidate
AUTO2160,,,https://www.bcit.ca/courses/automotive-service-advisor-auto-2160/,,program_matrix_link,https://www.bcit.ca/programs/automotive-service-management-essentials-microcredential-part-time-0838cm/,AUTO 2160,,False,False,,,,discovered_unenriched,False,,,Official BCIT program page links to this course page; course detail page not enriched in this run.,official_program_link_candidate
AUTO3160,,,https://www.bcit.ca/courses/automotive-service-management-auto-3160/,,program_matrix_link,https://www.bcit.ca/programs/automotive-service-management-essentials-microcredential-part-time-0838cm/,AUTO 3160,,False,False,,,,discovered_unenriched,False,,,Official BCIT program page links to this course page; course detail page not enriched in this run.,official_program_link_candidate
AVAO1186,,,https://www.bcit.ca/courses/technical-report-writing-and-communications-avao-1186/,,program_matrix_link,https://www.bcit.ca/programs/airport-operations-associate-certificate-part-time-1070acert/,AVAO 1186,,False,False,,,,discovered_unenriched,False,,,Official BCIT program page links to this course page; course detail page not enriched in this run.,official_program_link_candidate
AVAO1190,,,https://www.bcit.ca/courses/airport-master-planning-and-certification-avao-1190/,,program_matrix_link,https://www.bcit.ca/programs/airport-operations-associate-certificate-part-time-1070acert/,AVAO 1190,,False,False,,,,discovered_unenriched,False,,,Official BCIT program page links to this course page; course detail page not enriched in this run.,official_program_link_candidate
AVAO2222,,,https://www.bcit.ca/courses/human-factors-in-aviation-avao-2222/,,program_matrix_link,https://www.bcit.ca/programs/airport-operations-associate-certificate-part-time-1070acert/,AVAO 2222,,False,False,,,,discovered_unenriched,False,,,Official BCIT program page links to this course page; course detail page not enriched in this run.,official_program_link_candidate
AVAO2260,,,https://www.bcit.ca/courses/airport-security-systems-avao-2260/,,program_matrix_link,https://www.bcit.ca/programs/airport-operations-associate-certificate-part-time-1070acert/,AVAO 2260,,False,False,,,,discovered_unenriched,False,,,Official BCIT program page links to this course page; course detail page not enriched in this run.,official_program_link_candidate
AVAO2295,,,https://www.bcit.ca/courses/aerodrome-standards-and-recommended-practices-avao-2295/,,program_matrix_link,https://www.bcit.ca/programs/airport-operations-associate-certificate-part-time-1070acert/,AVAO 2295,,False,False,,,,discovered_unenriched,False,,,Official BCIT program page links to this course page; course detail page not enriched in this run.,official_program_link_candidate
AVAO3320,,,https://www.bcit.ca/courses/airport-safety-and-emergency-preparedness-avao-3320/,,program_matrix_link,https://www.bcit.ca/programs/airport-operations-associate-certificate-part-time-1070acert/,AVAO 3320,,False,False,,,,discovered_unenriched,False,,,Official BCIT program page links to this course page; course detail page not enriched in this run.,official_program_link_candidate
AVFL1000,,,https://www.bcit.ca/courses/aircraft-structural-inspection-techniques-avfl-1000/,,program_matrix_link,https://www.bcit.ca/programs/aircraft-defect-inspection-and-reporting-techniques-microcredential-part-time-0851cm/,AVFL 1000,,False,False,,,,discovered_unenriched,False,,,Official BCIT program page links to this course page; course detail page not enriched in this run.,official_program_link_candidate
AVFL1005,,,https://www.bcit.ca/courses/aircraft-inspection-defect-reporting-avfl-1005/,,program_matrix_link,https://www.bcit.ca/programs/aircraft-defect-inspection-and-reporting-techniques-microcredential-part-time-0851cm/,AVFL 1005,,False,False,,,,discovered_unenriched,False,,,Official BCIT program page links to this course page; course detail page not enriched in this run.,official_program_link_candidate
BABI1100,,,https://www.bcit.ca/courses/business-analytics-fundamentals-babi-1100/,,program_matrix_link,https://www.bcit.ca/programs/business-administration-general-option-diploma-part-time-703adipma/,BABI 1100,,False,False,,,,discovered_unenriched,False,,,Official BCIT program page links to this course page; course detail page not enriched in this run.,official_program_link_candidate
BABI4000,,,https://www.bcit.ca/courses/applied-data-management-for-analytics-babi-4000/,,program_matrix_link,https://www.bcit.ca/programs/business-data-management-associate-certificate-part-time-5295acert/,BABI 4000,,False,False,,,,discovered_unenriched,False,,,Official BCIT program page links to this course page; course detail page not enriched in this run.,official_program_link_candidate
BABI4005,,,https://www.bcit.ca/courses/dqm-with-python-babi-4005/,,program_matrix_link,https://www.bcit.ca/programs/business-data-management-associate-certificate-part-time-5295acert/,BABI 4005,,False,False,,,,discovered_unenriched,False,,,Official BCIT program page links to this course page; course detail page not enriched in this run.,official_program_link_candidate
BABI9005,,,https://www.bcit.ca/courses/theory-of-business-data-analytics-babi-9005/,,program_matrix_link,https://www.bcit.ca/programs/business-analytics-graduate-certificate-full-time-a600grcert/,BABI 9005,,False,False,,,,discovered_unenriched,False,,,Official BCIT program page links to this course page; course detail page not enriched in this run.,official_program_link_candidate
BABI9050,,,https://www.bcit.ca/courses/business-analytics-capstone-project-babi-9050/,,program_matrix_link,https://www.bcit.ca/programs/business-analytics-graduate-certificate-full-time-a600grcert/,BABI 9050,,False,False,,,,discovered_unenriched,False,,,Official BCIT program page links to this course page; course detail page not enriched in this run.,official_program_link_candidate
BCST0060,,,https://www.bcit.ca/courses/broadcast-television-and-video-production-pre-entry-course-bcst-0060/,,program_matrix_link,https://www.bcit.ca/programs/television-and-video-production-diploma-full-time-6130dipma/,BCST 0060,,False,False,,,,discovered_unenriched,False,,,Official BCIT program page links to this course page; course detail page not enriched in this run.,official_program_link_candidate
BCST1002,,,https://www.bcit.ca/courses/the-music-business-the-essentials-bcst-1002/,,program_matrix_link,https://www.bcit.ca/programs/radio-arts-and-entertainment-associate-certificate-part-time-6125acert/,BCST 1002,,False,False,,,,discovered_unenriched,False,,,Official BCIT program page links to this course page; course detail page not enriched in this run.,official_program_link_candidate
BCST1003,,,https://www.bcit.ca/courses/the-music-business-marketing-and-entertainment-law-bcst-1003/,,program_matrix_link,https://www.bcit.ca/programs/music-business-associate-certificate-part-time-5115acert/,BCST 1003,,False,False,,,,discovered_unenriched,False,,,Official BCIT program page links to this course page; course detail page not enriched in this run.,official_program_link_candidate
BCST1005,,,https://www.bcit.ca/courses/the-music-business-career-incubator-bcst-1005/,,program_matrix_link,https://www.bcit.ca/programs/music-business-associate-certificate-part-time-5115acert/,BCST 1005,,False,False,,,,discovered_unenriched,False,,,Official BCIT program page links to this course page; course detail page not enriched in this run.,official_program_link_candidate
BCST1006,,,https://www.bcit.ca/courses/the-music-business-revenue-streams-bcst-1006/,,program_matrix_link,https://www.bcit.ca/programs/music-business-associate-certificate-part-time-5115acert/,BCST 1006,,False,False,,,,discovered_unenriched,False,,,Official BCIT program page links to this course page; course detail page not enriched in this run.,official_program_link_candidate
BCST1129,,,https://www.bcit.ca/courses/home-music-recording-bcst-1129/,,program_matrix_link,https://www.bcit.ca/programs/video-production-and-editing-associate-certificate-part-time-6120acert/,BCST 1129,,False,False,,,,discovered_unenriched,False,,,Official BCIT program page links to this course page; course detail page not enriched in this run.,official_program_link_candidate
BCST1193,,,https://www.bcit.ca/courses/social-media-storytelling-bcst-1193/,,program_matrix_link,https://www.bcit.ca/programs/video-production-and-editing-associate-certificate-part-time-6120acert/,BCST 1193,,False,False,,,,discovered_unenriched,False,,,Official BCIT program page links to this course page; course detail page not enriched in this run.,official_program_link_candidate
BCST1201,,,https://www.bcit.ca/courses/journeys-from-script-to-screen-bcst-1201/,,program_matrix_link,https://www.bcit.ca/programs/video-production-and-editing-associate-certificate-part-time-6120acert/,BCST 1201,,False,False,,,,discovered_unenriched,False,,,Official BCIT program page links to this course page; course detail page not enriched in this run.,official_program_link_candidate
BCST1510,,,https://www.bcit.ca/courses/climate-change-storytelling-for-social-change-bcst-1510/,,program_matrix_link,https://www.bcit.ca/programs/radio-arts-and-entertainment-associate-certificate-part-time-6125acert/,BCST 1510,,False,False,,,,discovered_unenriched,False,,,Official BCIT program page links to this course page; course detail page not enriched in this run.,official_program_link_candidate
BCST3005,,,https://www.bcit.ca/courses/video-production-and-editing-final-project-bcst-3005/,,program_matrix_link,https://www.bcit.ca/programs/video-production-and-editing-associate-certificate-part-time-6120acert/,BCST 3005,,False,False,,,,discovered_unenriched,False,,,Official BCIT program page links to this course page; course detail page not enriched in this run.,official_program_link_candidate
BCST3073,,,https://www.bcit.ca/courses/building-your-digital-media-presence-bcst-3073/,,program_matrix_link,https://www.bcit.ca/programs/video-production-and-editing-associate-certificate-part-time-6120acert/,BCST 3073,,False,False,,,,discovered_unenriched,False,,,Official BCIT program page links to this course page; course detail page not enriched in this run.,official_program_link_candidate
BCST5035,,,https://www.bcit.ca/courses/global-storyteller-bcst-5035/,,program_matrix_link,https://www.bcit.ca/programs/global-business-studies-associate-certificate-part-time-6225acert/,BCST 5035,,False,False,,,,discovered_unenriched,False,,,Official BCIT program page links to this course page; course detail page not enriched in this run.,official_program_link_candidate
BHSC0100,,,https://www.bcit.ca/courses/human-biology-bhsc-0100/,,program_matrix_link,https://www.bcit.ca/programs/radiation-therapy-bachelor-of-science-full-time-8650bsc/,BHSC 0100,,False,False,,,,discovered_unenriched,False,,,Official BCIT program page links to this course page; course detail page not enriched in this run.,official_program_link_candidate
BHSC1146,,,https://www.bcit.ca/courses/human-behaviour-bhsc-1146/,,program_matrix_link,https://www.bcit.ca/programs/cardiology-technology-diploma-part-time-530adiplt/,BHSC 1146,,False,False,,,,discovered_unenriched,False,,,Official BCIT program page links to this course page; course detail page not enriched in this run.,official_program_link_candidate
BHSC2219,,,https://www.bcit.ca/courses/anatomy-and-physiology-for-cardiology-bhsc-2219/,,program_matrix_link,https://www.bcit.ca/programs/cardiology-technology-diploma-part-time-530adiplt/,BHSC 2219,,False,False,,,,discovered_unenriched,False,,,Official BCIT program page links to this course page; course detail page not enriched in this run.,official_program_link_candidate
BLAW3425,,,https://www.bcit.ca/courses/international-law-blaw-3425/,,program_matrix_link,https://www.bcit.ca/programs/international-trade-and-transportation-logistics-certificate-part-time-7460mcert/,BLAW 3425,,False,False,,,,discovered_unenriched,False,,,Official BCIT program page links to this course page; course detail page not enriched in this run.,official_program_link_candidate
BLDC1051,,,https://www.bcit.ca/courses/introduction-to-materials-and-methods-for-the-design-build-trainee-bldc-1051/,,program_matrix_link,https://www.bcit.ca/programs/essential-technical-skills-for-architecture-construction-and-engineering-certificate-part-time-6090cert/,BLDC 1051,,False,False,,,,discovered_unenriched,False,,,Official BCIT program page links to this course page; course detail page not enriched in this run.,official_program_link_candidate
BLDC2205,,,https://www.bcit.ca/courses/construction-2-b-bldc-2205/,,program_matrix_link,https://www.bcit.ca/programs/architectural-and-building-technology-certificate-part-time-6030cert/,BLDC 2205,,False,False,,,,discovered_unenriched,False,,,Official BCIT program page links to this course page; course detail page not enriched in this run.,official_program_link_candidate
BLDC3060,,,https://www.bcit.ca/courses/building-envelope-laboratory-bldc-3060/,,program_matrix_link,https://www.bcit.ca/programs/building-science-master-of-engineering-full-time-part-time-m120meng/,BLDC 3060,,False,False,,,,discovered_unenriched,False,,,Official BCIT program page links to this course page; course detail page not enriched in this run.,official_program_link_candidate
BLDG1137,,,https://www.bcit.ca/courses/building-envelope-solutions-bldg-1137/,,program_matrix_link,https://www.bcit.ca/programs/architectural-and-building-technology-certificate-part-time-6030cert/,BLDG 1137,,False,False,,,,discovered_unenriched,False,,,Official BCIT program page links to this course page; course detail page not enriched in this run.,official_program_link_candidate
BLDG3400,,,https://www.bcit.ca/courses/architectural-cad-3-3d-bldg-3400/,,program_matrix_link,https://www.bcit.ca/programs/architectural-and-building-technology-certificate-part-time-6030cert/,BLDG 3400,,False,False,,,,discovered_unenriched,False,,,Official BCIT program page links to this course page; course detail page not enriched in this run.,official_program_link_candidate
BLDG3405,,,https://www.bcit.ca/courses/architectural-cad-rendering-bldg-3405/,,program_matrix_link,https://www.bcit.ca/programs/architectural-and-building-technology-certificate-part-time-6030cert/,BLDG 3405,,False,False,,,,discovered_unenriched,False,,,Official BCIT program page links to this course page; course detail page not enriched in this run.,official_program_link_candidate
BLDT1042,,,https://www.bcit.ca/courses/construction-estimating-fundamentals-using-digital-tools-bldt-1042/,,program_matrix_link,https://www.bcit.ca/programs/essential-technical-skills-for-architecture-construction-and-engineering-certificate-part-time-6090cert/,BLDT 1042,,False,False,,,,discovered_unenriched,False,,,Official BCIT program page links to this course page; course detail page not enriched in this run.,official_program_link_candidate
BLDT1051,,,https://www.bcit.ca/courses/technical-writing-and-communications-bldt-1051/,,program_matrix_link,https://www.bcit.ca/programs/construction-operations-associate-certificate-part-time-7880acert/,BLDT 1051,,False,False,,,,discovered_unenriched,False,,,Official BCIT program page links to this course page; course detail page not enriched in this run.,official_program_link_candidate
BLDT2031,,,https://www.bcit.ca/courses/technical-writing-interpersonal-skills-bldt-2031/,,program_matrix_link,https://www.bcit.ca/programs/construction-supervision-certificate-part-time-7870cert/,BLDT 2031,,False,False,,,,discovered_unenriched,False,,,Official BCIT program page links to this course page; course detail page not enriched in this run.,official_program_link_candidate
BLDT2041,,,https://www.bcit.ca/courses/construction-design-principles-bldt-2041/,,program_matrix_link,https://www.bcit.ca/programs/construction-supervision-certificate-part-time-7870cert/,BLDT 2041,,False,False,,,,discovered_unenriched,False,,,Official BCIT program page links to this course page; course detail page not enriched in this run.,official_program_link_candidate
BLDT2051,,,https://www.bcit.ca/courses/construction-materials-and-assemblies-bldt-2051/,,program_matrix_link,https://www.bcit.ca/programs/construction-supervision-certificate-part-time-7870cert/,BLDT 2051,,False,False,,,,discovered_unenriched,False,,,Official BCIT program page links to this course page; course detail page not enriched in this run.,official_program_link_candidate
BLDT3071,,,https://www.bcit.ca/courses/safety-legislation-bldt-3071/,,program_matrix_link,https://www.bcit.ca/programs/construction-management-diploma-part-time-7710dipma/,BLDT 3071,,False,False,,,,discovered_unenriched,False,,,Official BCIT program page links to this course page; course detail page not enriched in this run.,official_program_link_candidate
BLDT3081,,,https://www.bcit.ca/courses/environmental-legislation-bldt-3081/,,program_matrix_link,https://www.bcit.ca/programs/construction-management-diploma-part-time-7710dipma/,BLDT 3081,,False,False,,,,discovered_unenriched,False,,,Official BCIT program page links to this course page; course detail page not enriched in this run.,official_program_link_candidate
BLDT3091,,,https://www.bcit.ca/courses/construction-estimating-2-bldt-3091/,,program_matrix_link,https://www.bcit.ca/programs/construction-management-diploma-part-time-7710dipma/,BLDT 3091,,False,False,,,,discovered_unenriched,False,,,Official BCIT program page links to this course page; course detail page not enriched in this run.,official_program_link_candidate
BLDT4050,,,https://www.bcit.ca/courses/construction-economics-bldt-4050/,,program_matrix_link,https://www.bcit.ca/programs/construction-management-diploma-part-time-7710dipma/,BLDT 4050,,False,False,,,,discovered_unenriched,False,,,Official BCIT program page links to this course page; course detail page not enriched in this run.,official_program_link_candidate
BLDT4081,,,https://www.bcit.ca/courses/green-building-construction-practices-bldt-4081/,,program_matrix_link,https://www.bcit.ca/programs/construction-management-diploma-part-time-7710dipma/,BLDT 4081,,False,False,,,,discovered_unenriched,False,,,Official BCIT program page links to this course page; course detail page not enriched in this run.,official_program_link_candidate
BLDT4091,,,https://www.bcit.ca/courses/organizational-behaviour-in-construction-industry-bldt-4091/,,program_matrix_link,https://www.bcit.ca/programs/construction-management-diploma-part-time-7710dipma/,BLDT 4091,,False,False,,,,discovered_unenriched,False,,,Official BCIT program page links to this course page; course detail page not enriched in this run.,official_program_link_candidate
BMKR1100,,,https://www.bcit.ca/courses/safe-acceptable-work-practices-bmkr-1100/,,program_matrix_link,https://www.bcit.ca/programs/boilermaker-foundation-certificate-full-time-1450ttcert/,BMKR 1100,,False,False,,,,discovered_unenriched,False,,,Official BCIT program page links to this course page; course detail page not enriched in this run.,official_program_link_candidate
BSCI5100,,,https://www.bcit.ca/courses/fundamentals-of-building-science-bsci-5100/,,program_matrix_link,https://www.bcit.ca/programs/building-energy-modelling-and-performance-analysis-advanced-certificate-part-time-5235adcert/,BSCI 5100,,False,False,,,,discovered_unenriched,False,,,Official BCIT program page links to this course page; course detail page not enriched in this run.,official_program_link_candidate
BSCI5110,,,https://www.bcit.ca/courses/building-energy-modelling-level-1-bsci-5110/,,program_matrix_link,https://www.bcit.ca/programs/building-energy-modelling-and-performance-analysis-advanced-certificate-part-time-5235adcert/,BSCI 5110,,False,False,,,,discovered_unenriched,False,,,Official BCIT program page links to this course page; course detail page not enriched in this run.,official_program_link_candidate
BSCI5120,,,https://www.bcit.ca/courses/introduction-to-building-envelope-and-mechanical-systems-bsci-5120/,,program_matrix_link,https://www.bcit.ca/programs/building-energy-modelling-and-performance-analysis-advanced-certificate-part-time-5235adcert/,BSCI 5120,,False,False,,,,discovered_unenriched,False,,,Official BCIT program page links to this course page; course detail page not enriched in this run.,official_program_link_candidate
BSCI5210,,,https://www.bcit.ca/courses/building-energy-modelling-level-2-bsci-5210/,,program_matrix_link,https://www.bcit.ca/programs/building-energy-modelling-and-performance-analysis-advanced-certificate-part-time-5235adcert/,BSCI 5210,,False,False,,,,discovered_unenriched,False,,,Official BCIT program page links to this course page; course detail page not enriched in this run.,official_program_link_candidate
BSCI5220,,,https://www.bcit.ca/courses/advanced-building-envelope-and-mechanical-systems-bsci-5220/,,program_matrix_link,https://www.bcit.ca/programs/building-energy-modelling-and-performance-analysis-advanced-certificate-part-time-5235adcert/,BSCI 5220,,False,False,,,,discovered_unenriched,False,,,Official BCIT program page links to this course page; course detail page not enriched in this run.,official_program_link_candidate
BSCI5230,,,https://www.bcit.ca/courses/introduction-to-energy-auditing-and-measurement-and-verification-bsci-5230/,,program_matrix_link,https://www.bcit.ca/programs/building-energy-modelling-and-performance-analysis-advanced-certificate-part-time-5235adcert/,BSCI 5230,,False,False,,,,discovered_unenriched,False,,,Official BCIT program page links to this course page; course detail page not enriched in this run.,official_program_link_candidate
BSCI5250,,,https://www.bcit.ca/courses/building-energy-performance-optimization-process-capstone-project-bsci-5250/,,program_matrix_link,https://www.bcit.ca/programs/building-energy-modelling-and-performance-analysis-advanced-certificate-part-time-5235adcert/,BSCI 5250,,False,False,,,,discovered_unenriched,False,,,Official BCIT program page links to this course page; course detail page not enriched in this run.,official_program_link_candidate
BSCI9000,,,https://www.bcit.ca/courses/building-science-for-building-systems-bsci-9000/,,program_matrix_link,https://www.bcit.ca/programs/building-science-master-of-engineering-full-time-part-time-m120meng/,BSCI 9000,,False,False,,,,discovered_unenriched,False,,,Official BCIT program page links to this course page; course detail page not enriched in this run.,official_program_link_candidate
BSCI9020,,,https://www.bcit.ca/courses/building-materials-bsci-9020/,,program_matrix_link,https://www.bcit.ca/programs/building-science-master-of-engineering-full-time-part-time-m120meng/,BSCI 9020,,False,False,,,,discovered_unenriched,False,,,Official BCIT program page links to this course page; course detail page not enriched in this run.,official_program_link_candidate
BSCI9050,,,https://www.bcit.ca/courses/research-methods-bsci-9050/,,program_matrix_link,https://www.bcit.ca/programs/building-science-master-of-engineering-full-time-part-time-m120meng/,BSCI 9050,,False,False,,,,discovered_unenriched,False,,,Official BCIT program page links to this course page; course detail page not enriched in this run.,official_program_link_candidate
BSCI9054,,,https://www.bcit.ca/courses/graduate-seminar-orientation-bsci-9054/,,program_matrix_link,https://www.bcit.ca/programs/building-science-master-of-engineering-full-time-part-time-m120meng/,BSCI 9054,,False,False,,,,discovered_unenriched,False,,,Official BCIT program page links to this course page; course detail page not enriched in this run.,official_program_link_candidate
BSCI9055,,,https://www.bcit.ca/courses/graduate-seminar-series-bsci-9055/,,program_matrix_link,https://www.bcit.ca/programs/building-science-master-of-engineering-full-time-part-time-m120meng/,BSCI 9055,,False,False,,,,discovered_unenriched,False,,,Official BCIT program page links to this course page; course detail page not enriched in this run.,official_program_link_candidate
BSCI9100,,,https://www.bcit.ca/courses/building-environment-and-climate-bsci-9100/,,program_matrix_link,https://www.bcit.ca/programs/building-science-master-of-engineering-full-time-part-time-m120meng/,BSCI 9100,,False,False,,,,discovered_unenriched,False,,,Official BCIT program page links to this course page; course detail page not enriched in this run.,official_program_link_candidate
BSCI9120,,,https://www.bcit.ca/courses/building-envelope-1-bsci-9120/,,program_matrix_link,https://www.bcit.ca/programs/building-science-master-of-engineering-full-time-part-time-m120meng/,BSCI 9120,,False,False,,,,discovered_unenriched,False,,,Official BCIT program page links to this course page; course detail page not enriched in this run.,official_program_link_candidate
BSCI9130,,,https://www.bcit.ca/courses/building-energy-performance-bsci-9130/,,program_matrix_link,https://www.bcit.ca/programs/building-science-master-of-engineering-full-time-part-time-m120meng/,BSCI 9130,,False,False,,,,discovered_unenriched,False,,,Official BCIT program page links to this course page; course detail page not enriched in this run.,official_program_link_candidate
BSCI9150,,,https://www.bcit.ca/courses/mechanical-systems-and-control-bsci-9150/,,program_matrix_link,https://www.bcit.ca/programs/building-science-master-of-engineering-full-time-part-time-m120meng/,BSCI 9150,,False,False,,,,discovered_unenriched,False,,,Official BCIT program page links to this course page; course detail page not enriched in this run.,official_program_link_candidate
BSCI9160,,,https://www.bcit.ca/courses/noise-control-bsci-9160/,,program_matrix_link,https://www.bcit.ca/programs/building-science-master-of-engineering-full-time-part-time-m120meng/,BSCI 9160,,False,False,,,,discovered_unenriched,False,,,Official BCIT program page links to this course page; course detail page not enriched in this run.,official_program_link_candidate
BSCI9220,,,https://www.bcit.ca/courses/building-envelope-2-bsci-9220/,,program_matrix_link,https://www.bcit.ca/programs/building-science-master-of-engineering-full-time-part-time-m120meng/,BSCI 9220,,False,False,,,,discovered_unenriched,False,,,Official BCIT program page links to this course page; course detail page not enriched in this run.,official_program_link_candidate
BSCI9230,,,https://www.bcit.ca/courses/measurement-and-verification-bsci-9230/,,program_matrix_link,https://www.bcit.ca/programs/building-science-master-of-engineering-full-time-part-time-m120meng/,BSCI 9230,,False,False,,,,discovered_unenriched,False,,,Official BCIT program page links to this course page; course detail page not enriched in this run.,official_program_link_candidate
BSCI9240,,,https://www.bcit.ca/courses/modelling-of-heat-and-mass-transfer-in-buildings-bsci-9240/,,program_matrix_link,https://www.bcit.ca/programs/building-science-master-of-engineering-full-time-part-time-m120meng/,BSCI 9240,,False,False,,,,discovered_unenriched,False,,,Official BCIT program page links to this course page; course detail page not enriched in this run.,official_program_link_candidate
BSCI9250,,,https://www.bcit.ca/courses/advanced-energy-simulation-bsci-9250/,,program_matrix_link,https://www.bcit.ca/programs/building-science-master-of-engineering-full-time-part-time-m120meng/,BSCI 9250,,False,False,,,,discovered_unenriched,False,,,Official BCIT program page links to this course page; course detail page not enriched in this run.,official_program_link_candidate
BSCI9630,,,https://www.bcit.ca/courses/proposal-preparation-part-1-bsci-9630/,,program_matrix_link,https://www.bcit.ca/programs/building-engineering-building-science-master-of-applied-science-full-time-part-time-m220masc/,BSCI 9630,,False,False,,,,discovered_unenriched,False,,,Official BCIT program page links to this course page; course detail page not enriched in this run.,official_program_link_candidate
BSCI9640,,,https://www.bcit.ca/courses/proposal-preparation-part-2-bsci-9640/,,program_matrix_link,https://www.bcit.ca/programs/building-engineering-building-science-master-of-applied-science-full-time-part-time-m220masc/,BSCI 9640,,False,False,,,,discovered_unenriched,False,,,Official BCIT program page links to this course page; course detail page not enriched in this run.,official_program_link_candidate
BSUS5110,,,https://www.bcit.ca/courses/sustainable-business-strategy-bsus-5110/,,program_matrix_link,https://www.bcit.ca/programs/sustainable-business-leadership-advanced-diploma-part-time-5180padvdip/,BSUS 5110,,False,False,,,,discovered_unenriched,False,,,Official BCIT program page links to this course page; course detail page not enriched in this run.,official_program_link_candidate
BSUS5190,,,https://www.bcit.ca/courses/sustainable-business-industry-project-bsus-5190/,,program_matrix_link,https://www.bcit.ca/programs/sustainable-business-advanced-certificate-part-time-5145adcert/,BSUS 5190,,False,False,,,,discovered_unenriched,False,,,Official BCIT program page links to this course page; course detail page not enriched in this run.,official_program_link_candidate
BSUS5200,,,https://www.bcit.ca/courses/sustainable-business-leadership-consulting-project-development-bsus-5200/,,program_matrix_link,https://www.bcit.ca/programs/sustainable-business-leadership-advanced-diploma-part-time-5180padvdip/,BSUS 5200,,False,False,,,,discovered_unenriched,False,,,Official BCIT program page links to this course page; course detail page not enriched in this run.,official_program_link_candidate
BSUS5220,,,https://www.bcit.ca/courses/circular-economy-bsus-5220/,,program_matrix_link,https://www.bcit.ca/programs/sustainable-business-leadership-advanced-diploma-part-time-5180padvdip/,BSUS 5220,,False,False,,,,discovered_unenriched,False,,,Official BCIT program page links to this course page; course detail page not enriched in this run.,official_program_link_candidate
BSUS5300,,,https://www.bcit.ca/courses/sustainable-business-leadership-consulting-project-delivery-bsus-5300/,,program_matrix_link,https://www.bcit.ca/programs/sustainable-business-leadership-advanced-diploma-part-time-5180padvdip/,BSUS 5300,,False,False,,,,discovered_unenriched,False,,,Official BCIT program page links to this course page; course detail page not enriched in this run.,official_program_link_candidate
BSUS5350,,,https://www.bcit.ca/courses/producing-a-data-driven-impact-report-bsus-5350/,,program_matrix_link,https://www.bcit.ca/programs/sustainable-business-leadership-advanced-diploma-part-time-5180padvdip/,BSUS 5350,,False,False,,,,discovered_unenriched,False,,,Official BCIT program page links to this course page; course detail page not enriched in this run.,official_program_link_candidate
BSUS7100,,,https://www.bcit.ca/courses/ecological-economics-social-and-environmental-policy-bsus-7100/,,program_matrix_link,https://www.bcit.ca/programs/bachelor-of-business-administration-bachelor-of-business-administration-full-time-part-time-9975bba/,BSUS 7100,,False,False,,,,discovered_unenriched,False,,,Official BCIT program page links to this course page; course detail page not enriched in this run.,official_program_link_candidate
BSYS1000,,,https://www.bcit.ca/courses/business-information-systems-bsys-1000/,,program_matrix_link,https://www.bcit.ca/programs/financial-planning-diploma-part-time-6055pdipma/,BSYS 1000,,False,False,,,,discovered_unenriched,False,,,Official BCIT program page links to this course page; course detail page not enriched in this run.,official_program_link_candidate
BSYS1100,,,https://www.bcit.ca/courses/ai-integrity-and-you-a-foundation-for-academic-and-professional-life-bsys-1100/,,program_matrix_link,https://www.bcit.ca/programs/quality-and-process-management-certificate-part-time-6945cert/,BSYS 1100,,False,False,,,,discovered_unenriched,False,,,Official BCIT program page links to this course page; course detail page not enriched in this run.,official_program_link_candidate
BSYS2050,,,https://www.bcit.ca/courses/business-data-analytics-bsys-2050/,,program_matrix_link,https://www.bcit.ca/programs/business-analytics-graduate-certificate-full-time-a600grcert/,BSYS 2050,,False,False,,,,discovered_unenriched,False,,,Official BCIT program page links to this course page; course detail page not enriched in this run.,official_program_link_candidate
BSYS2051,,,https://www.bcit.ca/courses/introduction-to-business-data-analytics-with-ms-excel-ms-365-for-windows-bsys-2051/,,program_matrix_link,https://www.bcit.ca/programs/business-analytics-graduate-certificate-full-time-a600grcert/,BSYS 2051,,False,False,,,,discovered_unenriched,False,,,Official BCIT program page links to this course page; course detail page not enriched in this run.,official_program_link_candidate
BSYS3800,,,https://www.bcit.ca/courses/business-information-systems-for-managers-bsys-3800/,,program_matrix_link,https://www.bcit.ca/programs/business-management-advanced-diploma-advanced-diploma-full-time-part-time-5312advdip/,BSYS 3800,,False,False,,,,discovered_unenriched,False,,,Official BCIT program page links to this course page; course detail page not enriched in this run.,official_program_link_candidate
BSYS4001,,,https://www.bcit.ca/courses/artificial-intelligence-management-2-bsys-4001/,,program_matrix_link,https://www.bcit.ca/programs/artificial-intelligence-management-associate-certificate-part-time-5245acert/,BSYS 4001,,False,False,,,,discovered_unenriched,False,,,Official BCIT program page links to this course page; course detail page not enriched in this run.,official_program_link_candidate
BSYS4005,,,https://www.bcit.ca/courses/applied-ai-management-topics-bsys-4005/,,program_matrix_link,https://www.bcit.ca/programs/artificial-intelligence-management-associate-certificate-part-time-5245acert/,BSYS 4005,,False,False,,,,discovered_unenriched,False,,,Official BCIT program page links to this course page; course detail page not enriched in this run.,official_program_link_candidate
BSYS4051,,,https://www.bcit.ca/courses/business-operations-modelling-with-excel-bsys-4051/,,program_matrix_link,https://www.bcit.ca/programs/operations-management-materials-management-option-certificate-part-time-690dmcert/,BSYS 4051,,False,False,,,,discovered_unenriched,False,,,Official BCIT program page links to this course page; course detail page not enriched in this run.,official_program_link_candidate
BSYS4061,,,https://www.bcit.ca/courses/advanced-business-operations-systems-in-access-bsys-4061/,,program_matrix_link,https://www.bcit.ca/programs/operations-management-materials-management-option-certificate-part-time-690dmcert/,BSYS 4061,,False,False,,,,discovered_unenriched,False,,,Official BCIT program page links to this course page; course detail page not enriched in this run.,official_program_link_candidate
BSYS4205,,,https://www.bcit.ca/courses/business-intelligence-2-bsys-4205/,,program_matrix_link,https://www.bcit.ca/programs/business-intelligence-associate-certificate-part-time-5275acert/,BSYS 4205,,False,False,,,,discovered_unenriched,False,,,Official BCIT program page links to this course page; course detail page not enriched in this run.,official_program_link_candidate
BSYS5100,,,https://www.bcit.ca/courses/ai-in-the-organization-strategy-ethics-and-practice-bsys-5100/,,program_matrix_link,https://www.bcit.ca/programs/bachelor-of-business-administration-bachelor-of-business-administration-full-time-part-time-9975bba/,BSYS 5100,,False,False,,,,discovered_unenriched,False,,,Official BCIT program page links to this course page; course detail page not enriched in this run.,official_program_link_candidate
BSYS5800,,,https://www.bcit.ca/courses/business-data-analytics-for-managers-bsys-5800/,,program_matrix_link,https://www.bcit.ca/programs/business-management-advanced-diploma-advanced-diploma-full-time-part-time-5312advdip/,BSYS 5800,,False,False,,,,discovered_unenriched,False,,,Official BCIT program page links to this course page; course detail page not enriched in this run.,official_program_link_candidate
BUSA1060,,,https://www.bcit.ca/courses/canadian-business-and-society-busa-1060/,,program_matrix_link,https://www.bcit.ca/programs/business-fundamentals-associate-certificate-full-time-7985acert/,BUSA 1060,,False,False,,,,discovered_unenriched,False,,,Official BCIT program page links to this course page; course detail page not enriched in this run.,official_program_link_candidate
BUSA2150,,,https://www.bcit.ca/courses/introduction-to-organizational-development-busa-2150/,,program_matrix_link,https://www.bcit.ca/programs/financial-planning-diploma-part-time-6055pdipma/,BUSA 2150,,False,False,,,,discovered_unenriched,False,,,Official BCIT program page links to this course page; course detail page not enriched in this run.,official_program_link_candidate
BUSA3015,,,https://www.bcit.ca/courses/negotiation-skills-busa-3015/,,program_matrix_link,https://www.bcit.ca/programs/project-management-associate-certificate-part-time-5085acert/,BUSA 3015,,False,False,,,,discovered_unenriched,False,,,Official BCIT program page links to this course page; course detail page not enriched in this run.,official_program_link_candidate
BUSA3165,,,https://www.bcit.ca/courses/leadership-3-leading-organizations-busa-3165/,,program_matrix_link,https://www.bcit.ca/programs/leadership-associate-certificate-part-time-6830acert/,BUSA 3165,,False,False,,,,discovered_unenriched,False,,,Official BCIT program page links to this course page; course detail page not enriched in this run.,official_program_link_candidate
BUSA3515,,,https://www.bcit.ca/courses/management-science-busa-3515/,,program_matrix_link,https://www.bcit.ca/programs/business-administration-management-option-diploma-part-time-703ddipma/,BUSA 3515,,False,False,,,,discovered_unenriched,False,,,Official BCIT program page links to this course page; course detail page not enriched in this run.,official_program_link_candidate
BUSA4500,,,https://www.bcit.ca/courses/international-business-practices-busa-4500/,,program_matrix_link,https://www.bcit.ca/programs/operations-management-materials-management-option-certificate-part-time-690dmcert/,BUSA 4500,,False,False,,,,discovered_unenriched,False,,,Official BCIT program page links to this course page; course detail page not enriched in this run.,official_program_link_candidate
BUSA4950,,,https://www.bcit.ca/courses/business-consulting-projects-for-part-time-studies-busa-4950/,,program_matrix_link,https://www.bcit.ca/programs/business-administration-marketing-option-diploma-part-time-703edipma/,BUSA 4950,,False,False,,,,discovered_unenriched,False,,,Official BCIT program page links to this course page; course detail page not enriched in this run.,official_program_link_candidate
BUSA5028,,,https://www.bcit.ca/courses/social-return-on-investment-busa-5028/,,program_matrix_link,https://www.bcit.ca/programs/bachelor-of-business-administration-bachelor-of-business-administration-full-time-part-time-9975bba/,BUSA 5028,,False,False,,,,discovered_unenriched,False,,,Official BCIT program page links to this course page; course detail page not enriched in this run.,official_program_link_candidate
BUSA5030,,,https://www.bcit.ca/courses/independent-business-studies-1-busa-5030/,,program_matrix_link,https://www.bcit.ca/programs/financial-management-professional-accounting-option-certificate-part-time-585fmcert/,BUSA 5030,,False,False,,,,discovered_unenriched,False,,,Official BCIT program page links to this course page; course detail page not enriched in this run.,official_program_link_candidate
BUSA7810,,,https://www.bcit.ca/courses/introduction-to-business-management-strategies-in-energy-busa-7810/,,program_matrix_link,https://www.bcit.ca/programs/bachelor-of-business-administration-bachelor-of-business-administration-full-time-part-time-9975bba/,BUSA 7810,,False,False,,,,discovered_unenriched,False,,,Official BCIT program page links to this course page; course detail page not enriched in this run.,official_program_link_candidate
BUSA7820,,,https://www.bcit.ca/courses/business-management-strategies-the-impact-of-energy-costs-on-the-bottom-line-busa-7820/,,program_matrix_link,https://www.bcit.ca/programs/bachelor-of-business-administration-bachelor-of-business-administration-full-time-part-time-9975bba/,BUSA 7820,,False,False,,,,discovered_unenriched,False,,,Official BCIT program page links to this course page; course detail page not enriched in this run.,official_program_link_candidate
BUSA8100,,,https://www.bcit.ca/courses/cross-cultural-management-busa-8100/,,program_matrix_link,https://www.bcit.ca/programs/bachelor-of-business-administration-bachelor-of-business-administration-full-time-part-time-9975bba/,BUSA 8100,,False,False,,,,discovered_unenriched,False,,,Official BCIT program page links to this course page; course detail page not enriched in this run.,official_program_link_candidate
BUSA9000,,,https://www.bcit.ca/courses/management-skills-and-applications-busa-9000/,,program_matrix_link,https://www.bcit.ca/programs/building-energy-modelling-graduate-certificate-part-time-a200grcert/,BUSA 9000,,False,False,,,,discovered_unenriched,False,,,Official BCIT program page links to this course page; course detail page not enriched in this run.,official_program_link_candidate
CARD2202,,,https://www.bcit.ca/courses/cardiology-diagnostic-testing-methodology-card-2202/,,program_matrix_link,https://www.bcit.ca/programs/cardiology-technology-diploma-part-time-530adiplt/,CARD 2202,,False,False,,,,discovered_unenriched,False,,,Official BCIT program page links to this course page; course detail page not enriched in this run.,official_program_link_candidate
CARD4201,,,https://www.bcit.ca/courses/concepts-in-ambulatory-ecg-card-4201/,,program_matrix_link,https://www.bcit.ca/programs/cardiology-technology-diploma-part-time-530adiplt/,CARD 4201,,False,False,,,,discovered_unenriched,False,,,Official BCIT program page links to this course page; course detail page not enriched in this run.,official_program_link_candidate
CARD4202,,,https://www.bcit.ca/courses/concepts-in-exercise-tolerance-testing-card-4202/,,program_matrix_link,https://www.bcit.ca/programs/cardiology-technology-diploma-part-time-530adiplt/,CARD 4202,,False,False,,,,discovered_unenriched,False,,,Official BCIT program page links to this course page; course detail page not enriched in this run.,official_program_link_candidate
CERM4010,,,https://www.bcit.ca/courses/canadian-employment-readiness-foundations-cerm-4010/,,program_matrix_link,https://www.bcit.ca/programs/canadian-employment-readiness-cer-microcredential-part-time-0825cm/,CERM 4010,,False,False,,,,discovered_unenriched,False,,,Official BCIT program page links to this course page; course detail page not enriched in this run.,official_program_link_candidate
CERM4020,,,https://www.bcit.ca/courses/canadian-employment-readiness-boot-camp-cerm-4020/,,program_matrix_link,https://www.bcit.ca/programs/canadian-employment-readiness-cer-microcredential-part-time-0825cm/,CERM 4020,,False,False,,,,discovered_unenriched,False,,,Official BCIT program page links to this course page; course detail page not enriched in this run.,official_program_link_candidate
CESA7100,,,https://www.bcit.ca/courses/energy-modelling-for-building-professionals-cesa-7100/,,program_matrix_link,https://www.bcit.ca/programs/building-energy-modelling-graduate-certificate-part-time-a200grcert/,CESA 7100,,False,False,,,,discovered_unenriched,False,,,Official BCIT program page links to this course page; course detail page not enriched in this run.,official_program_link_candidate
CINT2222,,,https://www.bcit.ca/courses/chinese-studies-cint-2222/,,program_matrix_link,https://www.bcit.ca/programs/bachelor-of-business-administration-bachelor-of-business-administration-full-time-part-time-9975bba/,CINT 2222,,False,False,,,,discovered_unenriched,False,,,Official BCIT program page links to this course page; course detail page not enriched in this run.,official_program_link_candidate
CITX1010,,,https://www.bcit.ca/courses/introduction-to-docker-and-containerization-technologies-citx-1010/,,program_matrix_link,https://www.bcit.ca/programs/fundamentals-of-virtual-containers-microcredential-part-time-0844cm/,CITX 1010,,False,False,,,,discovered_unenriched,False,,,Official BCIT program page links to this course page; course detail page not enriched in this run.,official_program_link_candidate
CITX1020,,,https://www.bcit.ca/courses/advanced-containerization-concepts-citx-1020/,,program_matrix_link,https://www.bcit.ca/programs/fundamentals-of-virtual-containers-microcredential-part-time-0844cm/,CITX 1020,,False,False,,,,discovered_unenriched,False,,,Official BCIT program page links to this course page; course detail page not enriched in this run.,official_program_link_candidate
CITX1142,,,https://www.bcit.ca/courses/citx1142/,,program_matrix_link,https://www.bcit.ca/programs/network-administrator-technician-associate-certificate-part-time-1885acerts/,CITX 1142,,False,False,,,,discovered_unenriched,False,,,Official BCIT program page links to this course page; course detail page not enriched in this run.,official_program_link_candidate
CITX1187,,,https://www.bcit.ca/courses/cybersecurity-operations-citx-1187/,,program_matrix_link,https://www.bcit.ca/programs/cisco-certified-network-associate-statement-of-completion-part-time-5460nobcit/,CITX 1187,,False,False,,,,discovered_unenriched,False,,,Official BCIT program page links to this course page; course detail page not enriched in this run.,official_program_link_candidate
CITX3063,,,https://www.bcit.ca/courses/cisco-enterprise-core-networking-encor-citx-3063/,,program_matrix_link,https://www.bcit.ca/programs/cisco-certified-network-professional-statement-of-completion-part-time-5470nobcit/,CITX 3063,,False,False,,,,discovered_unenriched,False,,,Official BCIT program page links to this course page; course detail page not enriched in this run.,official_program_link_candidate
CITX3064,,,https://www.bcit.ca/courses/enterprise-advanced-routing-and-services-citx-3064/,,program_matrix_link,https://www.bcit.ca/programs/cisco-certified-network-professional-statement-of-completion-part-time-5470nobcit/,CITX 3064,,False,False,,,,discovered_unenriched,False,,,Official BCIT program page links to this course page; course detail page not enriched in this run.,official_program_link_candidate
CIVL1160,,,https://www.bcit.ca/courses/applied-hydrology-civl-1160/,,program_matrix_link,https://www.bcit.ca/programs/civil-technology-certificate-part-time-5430cert/,CIVL 1160,,False,False,,,,discovered_unenriched,False,,,Official BCIT program page links to this course page; course detail page not enriched in this run.,official_program_link_candidate
CIVL1580,,,https://www.bcit.ca/courses/construction-materials-testing-fundamentals-civl-1580/,,program_matrix_link,https://www.bcit.ca/programs/civil-technology-certificate-part-time-5430cert/,CIVL 1580,,False,False,,,,discovered_unenriched,False,,,Official BCIT program page links to this course page; course detail page not enriched in this run.,official_program_link_candidate
CIVL2121,,,https://www.bcit.ca/courses/stress-analysis-1-civl-2121/,,program_matrix_link,https://www.bcit.ca/programs/civil-technology-certificate-part-time-5430cert/,CIVL 2121,,False,False,,,,discovered_unenriched,False,,,Official BCIT program page links to this course page; course detail page not enriched in this run.,official_program_link_candidate
CIVL2124,,,https://www.bcit.ca/courses/asphalt-technology-civl-2124/,,program_matrix_link,https://www.bcit.ca/programs/civil-technology-certificate-part-time-5430cert/,CIVL 2124,,False,False,,,,discovered_unenriched,False,,,Official BCIT program page links to this course page; course detail page not enriched in this run.,official_program_link_candidate
CIVL2170,,,https://www.bcit.ca/courses/intro-to-structural-design-civl-2170/,,program_matrix_link,https://www.bcit.ca/programs/civil-technology-certificate-part-time-5430cert/,CIVL 2170,,False,False,,,,discovered_unenriched,False,,,Official BCIT program page links to this course page; course detail page not enriched in this run.,official_program_link_candidate
CIVL3140,,,https://www.bcit.ca/courses/soil-mechanics-2-civl-3140/,,program_matrix_link,https://www.bcit.ca/programs/civil-technology-certificate-part-time-5430cert/,CIVL 3140,,False,False,,,,discovered_unenriched,False,,,Official BCIT program page links to this course page; course detail page not enriched in this run.,official_program_link_candidate
CIVL3171,,,https://www.bcit.ca/courses/wood-design-civl-3171/,,program_matrix_link,https://www.bcit.ca/programs/civil-technology-certificate-part-time-5430cert/,CIVL 3171,,False,False,,,,discovered_unenriched,False,,,Official BCIT program page links to this course page; course detail page not enriched in this run.,official_program_link_candidate
CIVL3172,,,https://www.bcit.ca/courses/steel-design-civl-3172/,,program_matrix_link,https://www.bcit.ca/programs/civil-technology-certificate-part-time-5430cert/,CIVL 3172,,False,False,,,,discovered_unenriched,False,,,Official BCIT program page links to this course page; course detail page not enriched in this run.,official_program_link_candidate
CIVL3173,,,https://www.bcit.ca/courses/introduction-to-reinforced-concrete-design-civl-3173/,,program_matrix_link,https://www.bcit.ca/programs/civil-technology-certificate-part-time-5430cert/,CIVL 3173,,False,False,,,,discovered_unenriched,False,,,Official BCIT program page links to this course page; course detail page not enriched in this run.,official_program_link_candidate
COMM0015,,,https://www.bcit.ca/courses/english-competency-assessment-comm-0015/,,program_matrix_link,https://www.bcit.ca/programs/business-fundamentals-associate-certificate-full-time-7985acert/,COMM 0015,,False,False,,,,discovered_unenriched,False,,,Official BCIT program page links to this course page; course detail page not enriched in this run.,official_program_link_candidate
COMM0033,,,https://www.bcit.ca/courses/english-speaking-and-listening-assessment-comm-0033/,,program_matrix_link,https://www.bcit.ca/programs/business-fundamentals-associate-certificate-full-time-7985acert/,COMM 0033,,False,False,,,,discovered_unenriched,False,,,Official BCIT program page links to this course page; course detail page not enriched in this run.,official_program_link_candidate
COMM1009,,,https://www.bcit.ca/courses/technical-writing-definitions-instructions-and-process-descriptions-comm-1009/,,program_matrix_link,https://www.bcit.ca/programs/technical-writing-associate-certificate-part-time-6425acert/,COMM 1009,,False,False,,,,discovered_unenriched,False,,,Official BCIT program page links to this course page; course detail page not enriched in this run.,official_program_link_candidate
COMM1100,,,https://www.bcit.ca/courses/business-communication-1-comm-1100/,,program_matrix_link,https://www.bcit.ca/programs/financial-planning-diploma-part-time-6055pdipma/,COMM 1100,,False,False,,,,discovered_unenriched,False,,,Official BCIT program page links to this course page; course detail page not enriched in this run.,official_program_link_candidate
COMM1103,,,https://www.bcit.ca/courses/introduction-to-business-and-technical-communication-comm-1103/,,program_matrix_link,https://www.bcit.ca/programs/tourism-and-hospitality-associate-certificate-part-time-6590acert/,COMM 1103,,False,False,,,,discovered_unenriched,False,,,Official BCIT program page links to this course page; course detail page not enriched in this run.,official_program_link_candidate
COMM1106,,,https://www.bcit.ca/courses/introduction-to-business-and-technical-communication-with-language-development-component-comm-1106/,,program_matrix_link,https://www.bcit.ca/programs/medical-office-assistant-associate-certificate-part-time-6630acert/,COMM 1106,,False,False,,,,discovered_unenriched,False,,,Official BCIT program page links to this course page; course detail page not enriched in this run.,official_program_link_candidate
COMM1108,,,https://www.bcit.ca/courses/introduction-to-business-communication-for-the-construction-professional-comm-1108/,,program_matrix_link,https://www.bcit.ca/programs/essential-technical-skills-for-architecture-construction-and-engineering-certificate-part-time-6090cert/,COMM 1108,,False,False,,,,discovered_unenriched,False,,,Official BCIT program page links to this course page; course detail page not enriched in this run.,official_program_link_candidate
COMM1111,,,https://www.bcit.ca/courses/introduction-to-workplace-communication-comm-1111/,,program_matrix_link,https://www.bcit.ca/programs/business-management-advanced-diploma-advanced-diploma-full-time-part-time-5312advdip/,COMM 1111,,False,False,,,,discovered_unenriched,False,,,Official BCIT program page links to this course page; course detail page not enriched in this run.,official_program_link_candidate
COMM1117,,,https://www.bcit.ca/courses/introduction-to-intercultural-business-communication-and-workplace-diversity-comm-1117/,,program_matrix_link,https://www.bcit.ca/programs/global-business-studies-associate-certificate-part-time-6225acert/,COMM 1117,,False,False,,,,discovered_unenriched,False,,,Official BCIT program page links to this course page; course detail page not enriched in this run.,official_program_link_candidate
COMM1120,,,https://www.bcit.ca/courses/communication-1-comm-1120/,,program_matrix_link,https://www.bcit.ca/programs/residential-interiors-diploma-part-time-6140dipma/,COMM 1120,,False,False,,,,discovered_unenriched,False,,,Official BCIT program page links to this course page; course detail page not enriched in this run.,official_program_link_candidate
COMM1260,,,https://www.bcit.ca/courses/designing-and-writing-online-help-comm-1260/,,program_matrix_link,https://www.bcit.ca/programs/technical-writing-associate-certificate-part-time-6425acert/,COMM 1260,,False,False,,,,discovered_unenriched,False,,,Official BCIT program page links to this course page; course detail page not enriched in this run.,official_program_link_candidate
COMM2002,,,https://www.bcit.ca/courses/business-and-technical-correspondence-with-language-development-component-comm-2002/,,program_matrix_link,https://www.bcit.ca/programs/financial-planning-diploma-part-time-6055pdipma/,COMM 2002,,False,False,,,,discovered_unenriched,False,,,Official BCIT program page links to this course page; course detail page not enriched in this run.,official_program_link_candidate
COMM2003,,,https://www.bcit.ca/courses/business-and-technical-reports-with-language-development-component-comm-2003/,,program_matrix_link,https://www.bcit.ca/programs/financial-planning-diploma-part-time-6055pdipma/,COMM 2003,,False,False,,,,discovered_unenriched,False,,,Official BCIT program page links to this course page; course detail page not enriched in this run.,official_program_link_candidate
COMM2200,,,https://www.bcit.ca/courses/business-communication-2-comm-2200/,,program_matrix_link,https://www.bcit.ca/programs/financial-planning-diploma-part-time-6055pdipma/,COMM 2200,,False,False,,,,discovered_unenriched,False,,,Official BCIT program page links to this course page; course detail page not enriched in this run.,official_program_link_candidate
COMM2202,,,https://www.bcit.ca/courses/business-and-technical-correspondence-comm-2202/,,program_matrix_link,https://www.bcit.ca/programs/media-techniques-for-business-certificate-part-time-6450mcert/,COMM 2202,,False,False,,,,discovered_unenriched,False,,,Official BCIT program page links to this course page; course detail page not enriched in this run.,official_program_link_candidate
COMM2203,,,https://www.bcit.ca/courses/business-and-technical-reports-comm-2203/,,program_matrix_link,https://www.bcit.ca/programs/quality-and-process-management-certificate-part-time-6945cert/,COMM 2203,,False,False,,,,discovered_unenriched,False,,,Official BCIT program page links to this course page; course detail page not enriched in this run.,official_program_link_candidate
COMM2206,,,https://www.bcit.ca/courses/writing-for-the-computer-industry-comm-2206/,,program_matrix_link,https://www.bcit.ca/programs/technical-writing-associate-certificate-part-time-6425acert/,COMM 2206,,False,False,,,,discovered_unenriched,False,,,Official BCIT program page links to this course page; course detail page not enriched in this run.,official_program_link_candidate
COMM2207,,,https://www.bcit.ca/courses/single-sourcing-for-technical-writers-comm-2207/,,program_matrix_link,https://www.bcit.ca/programs/technical-writing-associate-certificate-part-time-6425acert/,COMM 2207,,False,False,,,,discovered_unenriched,False,,,Official BCIT program page links to this course page; course detail page not enriched in this run.,official_program_link_candidate
COMM2210,,,https://www.bcit.ca/courses/industry-project-for-technical-writers-comm-2210/,,program_matrix_link,https://www.bcit.ca/programs/technical-writing-associate-certificate-part-time-6425acert/,COMM 2210,,False,False,,,,discovered_unenriched,False,,,Official BCIT program page links to this course page; course detail page not enriched in this run.,official_program_link_candidate
COMM2216,,,https://www.bcit.ca/courses/business-communications-2-comm-2216/,,program_matrix_link,https://www.bcit.ca/programs/computer-systems-certificate-part-time-5500cert/,COMM 2216,,False,False,,,,discovered_unenriched,False,,,Official BCIT program page links to this course page; course detail page not enriched in this run.,official_program_link_candidate
COMM2320,,,https://www.bcit.ca/courses/communication-2-comm-2320/,,program_matrix_link,https://www.bcit.ca/programs/residential-interiors-diploma-part-time-6140dipma/,COMM 2320,,False,False,,,,discovered_unenriched,False,,,Official BCIT program page links to this course page; course detail page not enriched in this run.,official_program_link_candidate
COMM3111,,,https://www.bcit.ca/courses/managerial-communication-comm-3111/,,program_matrix_link,https://www.bcit.ca/programs/business-management-advanced-diploma-advanced-diploma-full-time-part-time-5312advdip/,COMM 3111,,False,False,,,,discovered_unenriched,False,,,Official BCIT program page links to this course page; course detail page not enriched in this run.,official_program_link_candidate
COMM7100,,,https://www.bcit.ca/courses/intercultural-communication-competency-and-diversity-awareness-for-professionals-comm-7100/,,program_matrix_link,https://www.bcit.ca/programs/specialty-nursing-perioperative-bachelor-of-science-in-nursing-part-time-810hbsn/,COMM 7100,,False,False,,,,discovered_unenriched,False,,,Official BCIT program page links to this course page; course detail page not enriched in this run.,official_program_link_candidate
COMM7200,,,https://www.bcit.ca/courses/report-writing-and-workplace-communication-for-forensic-investigation-comm-7200/,,program_matrix_link,https://www.bcit.ca/programs/forensic-investigation-forensic-science-option-bachelor-of-technology-part-time-847bbtech/,COMM 7200,,False,False,,,,discovered_unenriched,False,,,Official BCIT program page links to this course page; course detail page not enriched in this run.,official_program_link_candidate
COMM7500,,,https://www.bcit.ca/courses/critical-analysis-for-environmental-engineering-projects-comm-7500/,,program_matrix_link,https://www.bcit.ca/programs/environmental-engineering-bachelor-of-technology-full-time-part-time-8120btech/,COMM 7500,,False,False,,,,discovered_unenriched,False,,,Official BCIT program page links to this course page; course detail page not enriched in this run.,official_program_link_candidate
COMM8510,,,https://www.bcit.ca/courses/laboratory-report-writing-comm-8510/,,program_matrix_link,https://www.bcit.ca/programs/environmental-engineering-bachelor-of-technology-full-time-part-time-8120btech/,COMM 8510,,False,False,,,,discovered_unenriched,False,,,Official BCIT program page links to this course page; course detail page not enriched in this run.,official_program_link_candidate
COMM8590,,,https://www.bcit.ca/courses/capstone-project-writing-comm-8590/,,program_matrix_link,https://www.bcit.ca/programs/environmental-engineering-bachelor-of-technology-full-time-part-time-8120btech/,COMM 8590,,False,False,,,,discovered_unenriched,False,,,Official BCIT program page links to this course page; course detail page not enriched in this run.,official_program_link_candidate
COMM9000,,,https://www.bcit.ca/courses/applied-communication-for-building-engineers-comm-9000/,,program_matrix_link,https://www.bcit.ca/programs/building-energy-modelling-graduate-certificate-part-time-a200grcert/,COMM 9000,,False,False,,,,discovered_unenriched,False,,,Official BCIT program page links to this course page; course detail page not enriched in this run.,official_program_link_candidate
COMP2156,,,https://www.bcit.ca/courses/introduction-to-microsoft-power-bi-comp-2156/,,program_matrix_link,https://www.bcit.ca/programs/data-visualization-with-ms-power-bi-microcredential-part-time-0842cm/,COMP 2156,,False,False,,,,discovered_unenriched,False,,,Official BCIT program page links to this course page; course detail page not enriched in this run.,official_program_link_candidate
COMP2362,,,https://www.bcit.ca/courses/microsoft-excel-advanced-comp-2362/,,program_matrix_link,https://www.bcit.ca/programs/computer-systems-diploma-part-time-5500pdiplt/,COMP 2362,,False,False,,,,discovered_unenriched,False,,,Official BCIT program page links to this course page; course detail page not enriched in this run.,official_program_link_candidate
COMP2510,,,https://www.bcit.ca/courses/procedural-programming-comp-2510/,,program_matrix_link,https://www.bcit.ca/programs/computer-systems-certificate-part-time-5500cert/,COMP 2510,,False,False,,,,discovered_unenriched,False,,,Official BCIT program page links to this course page; course detail page not enriched in this run.,official_program_link_candidate
COMP2629,,,https://www.bcit.ca/courses/enterprise-networking-fundamentals-comp-2629/,,program_matrix_link,https://www.bcit.ca/programs/computer-systems-diploma-part-time-5500pdiplt/,COMP 2629,,False,False,,,,discovered_unenriched,False,,,Official BCIT program page links to this course page; course detail page not enriched in this run.,official_program_link_candidate
COMP2767,,,https://www.bcit.ca/courses/linux-administration-comp-2767/,,program_matrix_link,https://www.bcit.ca/programs/applied-network-administration-and-design-associate-certificate-part-time-5515acert/,COMP 2767,,False,False,,,,discovered_unenriched,False,,,Official BCIT program page links to this course page; course detail page not enriched in this run.,official_program_link_candidate
COMP2768,,,https://www.bcit.ca/courses/introduction-to-linux-part-2-administration-comp-2768/,,program_matrix_link,https://www.bcit.ca/programs/computer-systems-diploma-part-time-5500pdiplt/,COMP 2768,,False,False,,,,discovered_unenriched,False,,,Official BCIT program page links to this course page; course detail page not enriched in this run.,official_program_link_candidate
COMP2836,,,https://www.bcit.ca/courses/agile-team-leadership-with-ai-comp-2836/,,program_matrix_link,https://www.bcit.ca/programs/computer-systems-diploma-part-time-5500pdiplt/,COMP 2836,,False,False,,,,discovered_unenriched,False,,,Official BCIT program page links to this course page; course detail page not enriched in this run.,official_program_link_candidate
COMP3015,,,https://www.bcit.ca/courses/web-application-development-with-php-comp-3015/,,program_matrix_link,https://www.bcit.ca/programs/web-and-mobile-application-development-associate-certificate-part-time-6465acert/,COMP 3015,,False,False,,,,discovered_unenriched,False,,,Official BCIT program page links to this course page; course detail page not enriched in this run.,official_program_link_candidate
COMP3102,,,https://www.bcit.ca/courses/front-end-web-development-with-react-js-comp-3013/,,program_matrix_link,https://www.bcit.ca/programs/introduction-to-full-stack-web-development-microcredential-part-time-0840cm/,COMP 3102,,False,False,,,,discovered_unenriched,False,,,Official BCIT program page links to this course page; course detail page not enriched in this run.,official_program_link_candidate
COMP3156,,,https://www.bcit.ca/courses/ms-power-bi-optimization-comp-3156/,,program_matrix_link,https://www.bcit.ca/programs/data-visualization-with-ms-power-bi-microcredential-part-time-0842cm/,COMP 3156,,False,False,,,,discovered_unenriched,False,,,Official BCIT program page links to this course page; course detail page not enriched in this run.,official_program_link_candidate
COMP3157,,,https://www.bcit.ca/courses/ms-power-bi-advanced-data-visualization-comp-3157/,,program_matrix_link,https://www.bcit.ca/programs/data-visualization-with-ms-power-bi-microcredential-part-time-0842cm/,COMP 3157,,False,False,,,,discovered_unenriched,False,,,Official BCIT program page links to this course page; course detail page not enriched in this run.,official_program_link_candidate
COMP3602,,,https://www.bcit.ca/courses/application-development-with-c-comp-3602/,,program_matrix_link,https://www.bcit.ca/programs/web-and-mobile-application-development-associate-certificate-part-time-6465acert/,COMP 3602,,False,False,,,,discovered_unenriched,False,,,Official BCIT program page links to this course page; course detail page not enriched in this run.,official_program_link_candidate
COMP3617,,,https://www.bcit.ca/courses/android-and-mobile-applications-in-java-comp-3617/,,program_matrix_link,https://www.bcit.ca/programs/web-and-mobile-application-development-associate-certificate-part-time-6465acert/,COMP 3617,,False,False,,,,discovered_unenriched,False,,,Official BCIT program page links to this course page; course detail page not enriched in this run.,official_program_link_candidate
COMP3678,,,https://www.bcit.ca/courses/sql-server-development-comp-3678/,,program_matrix_link,https://www.bcit.ca/programs/computer-systems-diploma-part-time-5500pdiplt/,COMP 3678,,False,False,,,,discovered_unenriched,False,,,Official BCIT program page links to this course page; course detail page not enriched in this run.,official_program_link_candidate
COMP3682,,,https://www.bcit.ca/courses/microsoft-cloud-server-administration-comp-3682/,,program_matrix_link,https://www.bcit.ca/programs/computer-systems-diploma-part-time-5500pdiplt/,COMP 3682,,False,False,,,,discovered_unenriched,False,,,Official BCIT program page links to this course page; course detail page not enriched in this run.,official_program_link_candidate
COMP3912,,,https://www.bcit.ca/courses/ios-mobile-application-development-comp-3912/,,program_matrix_link,https://www.bcit.ca/programs/applied-software-development-asd-associate-certificate-part-time-6958acert/,COMP 3912,,False,False,,,,discovered_unenriched,False,,,Official BCIT program page links to this course page; course detail page not enriched in this run.,official_program_link_candidate
COMP3925,,,https://www.bcit.ca/courses/computer-projects-practicum-1-comp-3925/,,program_matrix_link,https://www.bcit.ca/programs/computer-systems-diploma-part-time-5500pdiplt/,COMP 3925,,False,False,,,,discovered_unenriched,False,,,Official BCIT program page links to this course page; course detail page not enriched in this run.,official_program_link_candidate
COMP4601,,,https://www.bcit.ca/courses/advanced-java-web-application-development-comp-4601/,,program_matrix_link,https://www.bcit.ca/programs/web-and-mobile-application-development-associate-certificate-part-time-6465acert/,COMP 4601,,False,False,,,,discovered_unenriched,False,,,Official BCIT program page links to this course page; course detail page not enriched in this run.,official_program_link_candidate
COMP4602,,,https://www.bcit.ca/courses/advanced-net-web-app-development-comp-4602/,,program_matrix_link,https://www.bcit.ca/programs/web-and-mobile-application-development-associate-certificate-part-time-6465acert/,COMP 4602,,False,False,,,,discovered_unenriched,False,,,Official BCIT program page links to this course page; course detail page not enriched in this run.,official_program_link_candidate
COMP4669,,,https://www.bcit.ca/courses/advanced-web-applications-with-php-comp-4669/,,program_matrix_link,https://www.bcit.ca/programs/web-and-mobile-application-development-associate-certificate-part-time-6465acert/,COMP 4669,,False,False,,,,discovered_unenriched,False,,,Official BCIT program page links to this course page; course detail page not enriched in this run.,official_program_link_candidate
COMP4704,,,https://www.bcit.ca/courses/applied-network-security-comp-4704/,,program_matrix_link,https://www.bcit.ca/programs/applied-network-administration-and-design-associate-certificate-part-time-5515acert/,COMP 4704,,False,False,,,,discovered_unenriched,False,,,Official BCIT program page links to this course page; course detail page not enriched in this run.,official_program_link_candidate
COMP4737,,,https://www.bcit.ca/courses/introduction-to-operating-systems-for-cst-comp-4737/,,program_matrix_link,https://www.bcit.ca/programs/computer-systems-diploma-part-time-5500pdiplt/,COMP 4737,,False,False,,,,discovered_unenriched,False,,,Official BCIT program page links to this course page; course detail page not enriched in this run.,official_program_link_candidate
COMP4912,,,https://www.bcit.ca/courses/applied-virtual-networks-comp-4912/,,program_matrix_link,https://www.bcit.ca/programs/applied-network-administration-and-design-associate-certificate-part-time-5515acert/,COMP 4912,,False,False,,,,discovered_unenriched,False,,,Official BCIT program page links to this course page; course detail page not enriched in this run.,official_program_link_candidate
COMP7005,,,https://www.bcit.ca/courses/computer-networks-and-protocols-comp-7005/,,program_matrix_link,https://www.bcit.ca/programs/applied-computer-science-wireless-and-mobile-applications-development-option-bachelor-of-science-part-time-867fbsc/,COMP 7005,,False,False,,,,discovered_unenriched,False,,,Official BCIT program page links to this course page; course detail page not enriched in this run.,official_program_link_candidate
COMP7006,,,https://www.bcit.ca/courses/network-security-administration-1-comp-7006/,,program_matrix_link,https://www.bcit.ca/programs/applied-computer-science-network-security-administration-option-bachelor-of-science-part-time-867ebsc/,COMP 7006,,False,False,,,,discovered_unenriched,False,,,Official BCIT program page links to this course page; course detail page not enriched in this run.,official_program_link_candidate
COMP7022,,,https://www.bcit.ca/courses/foundations-of-human-computer-interaction-comp-7022/,,program_matrix_link,https://www.bcit.ca/programs/applied-computer-science-wireless-and-mobile-applications-development-option-bachelor-of-science-part-time-867fbsc/,COMP 7022,,False,False,,,,discovered_unenriched,False,,,Official BCIT program page links to this course page; course detail page not enriched in this run.,official_program_link_candidate
COMP7071,,,https://www.bcit.ca/courses/database-applications-development-and-optimization-comp-7071/,,program_matrix_link,https://www.bcit.ca/programs/applied-computer-science-wireless-and-mobile-applications-development-option-bachelor-of-science-part-time-867fbsc/,COMP 7071,,False,False,,,,discovered_unenriched,False,,,Official BCIT program page links to this course page; course detail page not enriched in this run.,official_program_link_candidate
COMP7171,,,https://www.bcit.ca/courses/data-center-design-comp-7171/,,program_matrix_link,https://www.bcit.ca/programs/applied-computer-science-wireless-and-mobile-applications-development-option-bachelor-of-science-part-time-867fbsc/,COMP 7171,,False,False,,,,discovered_unenriched,False,,,Official BCIT program page links to this course page; course detail page not enriched in this run.,official_program_link_candidate
COMP7401,,,https://www.bcit.ca/courses/topics-in-computer-programming-mobile-graphics-comp-7401/,,program_matrix_link,https://www.bcit.ca/programs/applied-computer-science-wireless-and-mobile-applications-development-option-bachelor-of-science-part-time-867fbsc/,COMP 7401,,False,False,,,,discovered_unenriched,False,,,Official BCIT program page links to this course page; course detail page not enriched in this run.,official_program_link_candidate
COMP7402,,,https://www.bcit.ca/courses/topics-in-computer-programming-cryptology-comp-7402/,,program_matrix_link,https://www.bcit.ca/programs/applied-computer-science-wireless-and-mobile-applications-development-option-bachelor-of-science-part-time-867fbsc/,COMP 7402,,False,False,,,,discovered_unenriched,False,,,Official BCIT program page links to this course page; course detail page not enriched in this run.,official_program_link_candidate
COMP7404,,,https://www.bcit.ca/courses/topics-in-computer-programming-artificial-intelligence-comp-7404/,,program_matrix_link,https://www.bcit.ca/programs/applied-computer-science-wireless-and-mobile-applications-development-option-bachelor-of-science-part-time-867fbsc/,COMP 7404,,False,False,,,,discovered_unenriched,False,,,Official BCIT program page links to this course page; course detail page not enriched in this run.,official_program_link_candidate
COMP7611,,,https://www.bcit.ca/courses/selected-topics-in-computer-systems-data-mining-comp-7611/,,program_matrix_link,https://www.bcit.ca/programs/applied-computer-science-wireless-and-mobile-applications-development-option-bachelor-of-science-part-time-867fbsc/,COMP 7611,,False,False,,,,discovered_unenriched,False,,,Official BCIT program page links to this course page; course detail page not enriched in this run.,official_program_link_candidate
COMP7881,,,https://www.bcit.ca/courses/advanced-topics-software-engineering-comp-7881/,,program_matrix_link,https://www.bcit.ca/programs/applied-computer-science-wireless-and-mobile-applications-development-option-bachelor-of-science-part-time-867fbsc/,COMP 7881,,False,False,,,,discovered_unenriched,False,,,Official BCIT program page links to this course page; course detail page not enriched in this run.,official_program_link_candidate
COMP7990,,,https://www.bcit.ca/courses/cooperative-education-workterm-1-comp-7990/,,program_matrix_link,https://www.bcit.ca/programs/applied-computer-science-network-security-applications-development-option-bachelor-of-science-full-time-part-time-867bbsc/,COMP 7990,,False,False,,,,discovered_unenriched,False,,,Official BCIT program page links to this course page; course detail page not enriched in this run.,official_program_link_candidate
COMP8006,,,https://www.bcit.ca/courses/network-security-administration-2-comp-8006/,,program_matrix_link,https://www.bcit.ca/programs/applied-computer-science-network-security-administration-option-bachelor-of-science-part-time-867ebsc/,COMP 8006,,False,False,,,,discovered_unenriched,False,,,Official BCIT program page links to this course page; course detail page not enriched in this run.,official_program_link_candidate
COMP8022,,,https://www.bcit.ca/courses/multimodal-interfaces-comp-8022/,,program_matrix_link,https://www.bcit.ca/programs/applied-computer-science-wireless-and-mobile-applications-development-option-bachelor-of-science-part-time-867fbsc/,COMP 8022,,False,False,,,,discovered_unenriched,False,,,Official BCIT program page links to this course page; course detail page not enriched in this run.,official_program_link_candidate
COMP8031,,,https://www.bcit.ca/courses/interactive-and-responsive-mobile-applications-comp-8031/,,program_matrix_link,https://www.bcit.ca/programs/applied-computer-science-wireless-and-mobile-applications-development-option-bachelor-of-science-part-time-867fbsc/,COMP 8031,,False,False,,,,discovered_unenriched,False,,,Official BCIT program page links to this course page; course detail page not enriched in this run.,official_program_link_candidate
COMP8042,,,https://www.bcit.ca/courses/advanced-algorithms-and-data-structures-design-and-analysis-comp-8042/,,program_matrix_link,https://www.bcit.ca/programs/applied-computer-science-wireless-and-mobile-applications-development-option-bachelor-of-science-part-time-867fbsc/,COMP 8042,,False,False,,,,discovered_unenriched,False,,,Official BCIT program page links to this course page; course detail page not enriched in this run.,official_program_link_candidate
COMP8071,,,https://www.bcit.ca/courses/data-warehousing-comp-8071/,,program_matrix_link,https://www.bcit.ca/programs/applied-computer-science-wireless-and-mobile-applications-development-option-bachelor-of-science-part-time-867fbsc/,COMP 8071,,False,False,,,,discovered_unenriched,False,,,Official BCIT program page links to this course page; course detail page not enriched in this run.,official_program_link_candidate
COMP8082,,,https://www.bcit.ca/courses/project-management-comp-8082/,,program_matrix_link,https://www.bcit.ca/programs/applied-computer-science-wireless-and-mobile-applications-development-option-bachelor-of-science-part-time-867fbsc/,COMP 8082,,False,False,,,,discovered_unenriched,False,,,Official BCIT program page links to this course page; course detail page not enriched in this run.,official_program_link_candidate
COMP8505,,,https://www.bcit.ca/courses/special-topics-in-network-and-security-development-comp-8505/,,program_matrix_link,https://www.bcit.ca/programs/applied-computer-science-wireless-and-mobile-applications-development-option-bachelor-of-science-part-time-867fbsc/,COMP 8505,,False,False,,,,discovered_unenriched,False,,,Official BCIT program page links to this course page; course detail page not enriched in this run.,official_program_link_candidate
COMP8506,,,https://www.bcit.ca/courses/special-topics-in-network-design-and-implementation-comp-8506/,,program_matrix_link,https://www.bcit.ca/programs/applied-computer-science-network-security-administration-option-bachelor-of-science-part-time-867ebsc/,COMP 8506,,False,False,,,,discovered_unenriched,False,,,Official BCIT program page links to this course page; course detail page not enriched in this run.,official_program_link_candidate
COMP8510,,,https://www.bcit.ca/courses/applied-natural-language-processing-comp-8510/,,program_matrix_link,https://www.bcit.ca/programs/applied-computer-science-wireless-and-mobile-applications-development-option-bachelor-of-science-part-time-867fbsc/,COMP 8510,,False,False,,,,discovered_unenriched,False,,,Official BCIT program page links to this course page; course detail page not enriched in this run.,official_program_link_candidate
COMP8522,,,https://www.bcit.ca/courses/adaptive-user-interfaces-comp-8522/,,program_matrix_link,https://www.bcit.ca/programs/applied-computer-science-wireless-and-mobile-applications-development-option-bachelor-of-science-part-time-867fbsc/,COMP 8522,,False,False,,,,discovered_unenriched,False,,,Official BCIT program page links to this course page; course detail page not enriched in this run.,official_program_link_candidate
COMP8531,,,https://www.bcit.ca/courses/robust-and-trustworthy-mobile-applications-comp-8531/,,program_matrix_link,https://www.bcit.ca/programs/applied-computer-science-wireless-and-mobile-applications-development-option-bachelor-of-science-part-time-867fbsc/,COMP 8531,,False,False,,,,discovered_unenriched,False,,,Official BCIT program page links to this course page; course detail page not enriched in this run.,official_program_link_candidate
COMP8571,,,https://www.bcit.ca/courses/selected-topics-in-database-comp-8571/,,program_matrix_link,https://www.bcit.ca/programs/applied-computer-science-network-security-administration-option-bachelor-of-science-part-time-867ebsc/,COMP 8571,,False,False,,,,discovered_unenriched,False,,,Official BCIT program page links to this course page; course detail page not enriched in this run.,official_program_link_candidate
COMP8900,,,https://www.bcit.ca/courses/major-project-2-comp-8900/,,program_matrix_link,https://www.bcit.ca/programs/applied-computer-science-wireless-and-mobile-applications-development-option-bachelor-of-science-part-time-867fbsc/,COMP 8900,,False,False,,,,discovered_unenriched,False,,,Official BCIT program page links to this course page; course detail page not enriched in this run.,official_program_link_candidate
COMP8990,,,https://www.bcit.ca/courses/cooperative-education-workterm-2-comp-8990/,,program_matrix_link,https://www.bcit.ca/programs/applied-computer-science-network-security-applications-development-option-bachelor-of-science-full-time-part-time-867bbsc/,COMP 8990,,False,False,,,,discovered_unenriched,False,,,Official BCIT program page links to this course page; course detail page not enriched in this run.,official_program_link_candidate
COMP9190,,,https://www.bcit.ca/courses/application-area-directed-studies-comp-9190/,,program_matrix_link,https://www.bcit.ca/programs/applied-computing-master-of-science-full-time-m600msc/,COMP 9190,,False,False,,,,discovered_unenriched,False,,,Official BCIT program page links to this course page; course detail page not enriched in this run.,official_program_link_candidate
CORP2000,,,https://www.bcit.ca/courses/capstone-leadership-in-action-corp-2000/,,program_matrix_link,https://www.bcit.ca/programs/fire-service-industry-leadership-certificate-part-time-6285cert/,CORP 2000,,False,False,,,,discovered_unenriched,False,,,Official BCIT program page links to this course page; course detail page not enriched in this run.,official_program_link_candidate
CORP3000,,,https://www.bcit.ca/courses/capstone-leading-operational-excellence-corp-3000/,,program_matrix_link,https://www.bcit.ca/programs/fire-service-industry-leadership-certificate-part-time-6285cert/,CORP 3000,,False,False,,,,discovered_unenriched,False,,,Official BCIT program page links to this course page; course detail page not enriched in this run.,official_program_link_candidate
ECON1610,,,https://www.bcit.ca/courses/lumber-industry-economics-econ-1610/,,program_matrix_link,https://www.bcit.ca/programs/business-of-sawmilling-associate-certificate-part-time-5125acert/,ECON 1610,,False,False,,,,discovered_unenriched,False,,,Official BCIT program page links to this course page; course detail page not enriched in this run.,official_program_link_candidate
ECON5000,,,https://www.bcit.ca/courses/managerial-economics-econ-5000/,,program_matrix_link,https://www.bcit.ca/programs/business-management-advanced-diploma-advanced-diploma-full-time-part-time-5312advdip/,ECON 5000,,False,False,,,,discovered_unenriched,False,,,Official BCIT program page links to this course page; course detail page not enriched in this run.,official_program_link_candidate
ECOR9210,,,https://www.bcit.ca/courses/restoration-of-terrestrial-ecosystems-ecor-9210/,,program_matrix_link,https://www.bcit.ca/programs/ecological-restoration-master-of-science-full-time-part-time-m410msc/,ECOR 9210,,False,False,,,,discovered_unenriched,False,,,Official BCIT program page links to this course page; course detail page not enriched in this run.,official_program_link_candidate
ECOR9220,,,https://www.bcit.ca/courses/restoration-of-lake-ecosystems-ecor-9220/,,program_matrix_link,https://www.bcit.ca/programs/ecological-restoration-master-of-science-full-time-part-time-m410msc/,ECOR 9220,,False,False,,,,discovered_unenriched,False,,,Official BCIT program page links to this course page; course detail page not enriched in this run.,official_program_link_candidate
ECOR9240,,,https://www.bcit.ca/courses/indigenous-and-social-perspectives-on-ecological-restoration-2-ecor-9240/,,program_matrix_link,https://www.bcit.ca/programs/ecological-restoration-master-of-science-full-time-part-time-m410msc/,ECOR 9240,,False,False,,,,discovered_unenriched,False,,,Official BCIT program page links to this course page; course detail page not enriched in this run.,official_program_link_candidate
ECOR9260,,,https://www.bcit.ca/courses/project-management-and-community-engagement-ecor-9260/,,program_matrix_link,https://www.bcit.ca/programs/ecological-restoration-master-of-science-full-time-part-time-m410msc/,ECOR 9260,,False,False,,,,discovered_unenriched,False,,,Official BCIT program page links to this course page; course detail page not enriched in this run.,official_program_link_candidate
ECOR9270,,,https://www.bcit.ca/courses/thesis-proposal-ecor-9270/,,program_matrix_link,https://www.bcit.ca/programs/ecological-restoration-master-of-science-full-time-part-time-m410msc/,ECOR 9270,,False,False,,,,discovered_unenriched,False,,,Official BCIT program page links to this course page; course detail page not enriched in this run.,official_program_link_candidate
ECOR9302,,,https://www.bcit.ca/courses/restoring-wildlife-ecological-concepts-and-practical-application-ecor-9302/,,program_matrix_link,https://www.bcit.ca/programs/ecological-restoration-master-of-science-full-time-part-time-m410msc/,ECOR 9302,,False,False,,,,discovered_unenriched,False,,,Official BCIT program page links to this course page; course detail page not enriched in this run.,official_program_link_candidate
ECOR9304,,,https://www.bcit.ca/courses/restoration-of-stream-ecosystems-ecor-9304/,,program_matrix_link,https://www.bcit.ca/programs/ecological-restoration-master-of-science-full-time-part-time-m410msc/,ECOR 9304,,False,False,,,,discovered_unenriched,False,,,Official BCIT program page links to this course page; course detail page not enriched in this run.,official_program_link_candidate
ECOR9310,,,https://www.bcit.ca/courses/advanced-applications-for-restoration-of-terrestrial-ecosystems-ecor-9310/,,program_matrix_link,https://www.bcit.ca/programs/ecological-restoration-master-of-science-full-time-part-time-m410msc/,ECOR 9310,,False,False,,,,discovered_unenriched,False,,,Official BCIT program page links to this course page; course detail page not enriched in this run.,official_program_link_candidate
ECOR9500,,,https://www.bcit.ca/courses/directed-studies-ecor-9500/,,program_matrix_link,https://www.bcit.ca/programs/ecological-restoration-master-of-science-full-time-part-time-m410msc/,ECOR 9500,,False,False,,,,discovered_unenriched,False,,,Official BCIT program page links to this course page; course detail page not enriched in this run.,official_program_link_candidate
ECOR9550,,,https://www.bcit.ca/courses/application-of-planning-and-monitoring-for-ecological-restoration-ecor-9550/,,program_matrix_link,https://www.bcit.ca/programs/ecological-restoration-master-of-science-full-time-part-time-m410msc/,ECOR 9550,,False,False,,,,discovered_unenriched,False,,,Official BCIT program page links to this course page; course detail page not enriched in this run.,official_program_link_candidate
EENG7200,,,https://www.bcit.ca/courses/principles-of-sustainability-eeng-7200/,,program_matrix_link,https://www.bcit.ca/programs/environmental-engineering-bachelor-of-technology-full-time-part-time-8120btech/,EENG 7200,,False,False,,,,discovered_unenriched,False,,,Official BCIT program page links to this course page; course detail page not enriched in this run.,official_program_link_candidate
EENG7211,,,https://www.bcit.ca/courses/chemistry-and-organic-chemistry-eeng-7211/,,program_matrix_link,https://www.bcit.ca/programs/environmental-engineering-bachelor-of-technology-full-time-part-time-8120btech/,EENG 7211,,False,False,,,,discovered_unenriched,False,,,Official BCIT program page links to this course page; course detail page not enriched in this run.,official_program_link_candidate
EENG7400,,,https://www.bcit.ca/courses/climate-energy-and-the-environment-eeng-7400/,,program_matrix_link,https://www.bcit.ca/programs/environmental-engineering-bachelor-of-technology-full-time-part-time-8120btech/,EENG 7400,,False,False,,,,discovered_unenriched,False,,,Official BCIT program page links to this course page; course detail page not enriched in this run.,official_program_link_candidate
EENG7405,,,https://www.bcit.ca/courses/applied-physics-for-environmental-engineering-eeng-7405/,,program_matrix_link,https://www.bcit.ca/programs/environmental-engineering-bachelor-of-technology-full-time-part-time-8120btech/,EENG 7405,,False,False,,,,discovered_unenriched,False,,,Official BCIT program page links to this course page; course detail page not enriched in this run.,official_program_link_candidate
EENG7410,,,https://www.bcit.ca/courses/applied-climatology-and-hydrology-eeng-7410/,,program_matrix_link,https://www.bcit.ca/programs/environmental-engineering-bachelor-of-technology-full-time-part-time-8120btech/,EENG 7410,,False,False,,,,discovered_unenriched,False,,,Official BCIT program page links to this course page; course detail page not enriched in this run.,official_program_link_candidate
EENG7415,,,https://www.bcit.ca/courses/soil-mechanics-and-contaminant-hydrogeology-eeng-7415/,,program_matrix_link,https://www.bcit.ca/programs/environmental-engineering-bachelor-of-technology-full-time-part-time-8120btech/,EENG 7415,,False,False,,,,discovered_unenriched,False,,,Official BCIT program page links to this course page; course detail page not enriched in this run.,official_program_link_candidate
EENG7425,,,https://www.bcit.ca/courses/contaminated-site-investigation-and-remediation-processes-eeng-7425/,,program_matrix_link,https://www.bcit.ca/programs/environmental-engineering-bachelor-of-technology-full-time-part-time-8120btech/,EENG 7425,,False,False,,,,discovered_unenriched,False,,,Official BCIT program page links to this course page; course detail page not enriched in this run.,official_program_link_candidate
EENG7445,,,https://www.bcit.ca/courses/environmental-sampling-and-testing-methods-i-eeng-7445/,,program_matrix_link,https://www.bcit.ca/programs/environmental-engineering-bachelor-of-technology-full-time-part-time-8120btech/,EENG 7445,,False,False,,,,discovered_unenriched,False,,,Official BCIT program page links to this course page; course detail page not enriched in this run.,official_program_link_candidate
EENG8288,,,https://www.bcit.ca/courses/organizational-life-cycle-assessment-eeng-8288/,,program_matrix_link,https://www.bcit.ca/programs/environmental-engineering-bachelor-of-technology-full-time-part-time-8120btech/,EENG 8288,,False,False,,,,discovered_unenriched,False,,,Official BCIT program page links to this course page; course detail page not enriched in this run.,official_program_link_candidate
EENG8400,,,https://www.bcit.ca/courses/legal-matters-and-sustainability-management-systems-eeng-8400/,,program_matrix_link,https://www.bcit.ca/programs/environmental-engineering-bachelor-of-technology-full-time-part-time-8120btech/,EENG 8400,,False,False,,,,discovered_unenriched,False,,,Official BCIT program page links to this course page; course detail page not enriched in this run.,official_program_link_candidate
EENG8405,,,https://www.bcit.ca/courses/environmental-risk-assessment-and-management-eeng-8405/,,program_matrix_link,https://www.bcit.ca/programs/environmental-engineering-bachelor-of-technology-full-time-part-time-8120btech/,EENG 8405,,False,False,,,,discovered_unenriched,False,,,Official BCIT program page links to this course page; course detail page not enriched in this run.,official_program_link_candidate
EENG8410,,,https://www.bcit.ca/courses/integrated-solid-and-hazardous-waste-management-eeng-8410/,,program_matrix_link,https://www.bcit.ca/programs/environmental-engineering-bachelor-of-technology-full-time-part-time-8120btech/,EENG 8410,,False,False,,,,discovered_unenriched,False,,,Official BCIT program page links to this course page; course detail page not enriched in this run.,official_program_link_candidate
EENG8415,,,https://www.bcit.ca/courses/industrial-air-pollution-prevention-and-control-eeng-8415/,,program_matrix_link,https://www.bcit.ca/programs/environmental-engineering-bachelor-of-technology-full-time-part-time-8120btech/,EENG 8415,,False,False,,,,discovered_unenriched,False,,,Official BCIT program page links to this course page; course detail page not enriched in this run.,official_program_link_candidate
EENG8420,,,https://www.bcit.ca/courses/environmental-sampling-and-testing-methods-2-eeng-8420/,,program_matrix_link,https://www.bcit.ca/programs/environmental-engineering-bachelor-of-technology-full-time-part-time-8120btech/,EENG 8420,,False,False,,,,discovered_unenriched,False,,,Official BCIT program page links to this course page; course detail page not enriched in this run.,official_program_link_candidate
EENG8425,,,https://www.bcit.ca/courses/green-buildings-and-sustainable-communities-eeng-8425/,,program_matrix_link,https://www.bcit.ca/programs/environmental-engineering-bachelor-of-technology-full-time-part-time-8120btech/,EENG 8425,,False,False,,,,discovered_unenriched,False,,,Official BCIT program page links to this course page; course detail page not enriched in this run.,official_program_link_candidate
EENG8430,,,https://www.bcit.ca/courses/applied-research-methods-eeng-8430/,,program_matrix_link,https://www.bcit.ca/programs/environmental-engineering-bachelor-of-technology-full-time-part-time-8120btech/,EENG 8430,,False,False,,,,discovered_unenriched,False,,,Official BCIT program page links to this course page; course detail page not enriched in this run.,official_program_link_candidate
EENG8435,,,https://www.bcit.ca/courses/district-energy-systems-eeng-8435/,,program_matrix_link,https://www.bcit.ca/programs/environmental-engineering-bachelor-of-technology-full-time-part-time-8120btech/,EENG 8435,,False,False,,,,discovered_unenriched,False,,,Official BCIT program page links to this course page; course detail page not enriched in this run.,official_program_link_candidate
EENG8440,,,https://www.bcit.ca/courses/project-management-and-communication-strategies-eeng-8440/,,program_matrix_link,https://www.bcit.ca/programs/environmental-engineering-bachelor-of-technology-full-time-part-time-8120btech/,EENG 8440,,False,False,,,,discovered_unenriched,False,,,Official BCIT program page links to this course page; course detail page not enriched in this run.,official_program_link_candidate
EENG8445,,,https://www.bcit.ca/courses/landfill-design-and-operation-eeng-8445/,,program_matrix_link,https://www.bcit.ca/programs/environmental-engineering-bachelor-of-technology-full-time-part-time-8120btech/,EENG 8445,,False,False,,,,discovered_unenriched,False,,,Official BCIT program page links to this course page; course detail page not enriched in this run.,official_program_link_candidate
EENG8450,,,https://www.bcit.ca/courses/mining-oil-and-gas-development-and-restoration-eeng-8450/,,program_matrix_link,https://www.bcit.ca/programs/environmental-engineering-bachelor-of-technology-full-time-part-time-8120btech/,EENG 8450,,False,False,,,,discovered_unenriched,False,,,Official BCIT program page links to this course page; course detail page not enriched in this run.,official_program_link_candidate
EENG8460,,,https://www.bcit.ca/courses/capstone-project-eeng-8460/,,program_matrix_link,https://www.bcit.ca/programs/environmental-engineering-bachelor-of-technology-full-time-part-time-8120btech/,EENG 8460,,False,False,,,,discovered_unenriched,False,,,Official BCIT program page links to this course page; course detail page not enriched in this run.,official_program_link_candidate
ELEX0101,,,https://www.bcit.ca/courses/modern-power-system-and-circuit-fundamentals-elex-0101/,,program_matrix_link,https://www.bcit.ca/programs/smart-grid-systems-and-technologies-master-of-engineering-full-time-part-time-m500meng/,ELEX 0101,,False,False,,,,discovered_unenriched,False,,,Official BCIT program page links to this course page; course detail page not enriched in this run.,official_program_link_candidate
ELEX0362,,,https://www.bcit.ca/courses/matlab-simulink-tutorial-elex-0362/,,program_matrix_link,https://www.bcit.ca/programs/electronics-bachelor-of-technology-part-time-8900btech/,ELEX 0362,,False,False,,,,discovered_unenriched,False,,,Official BCIT program page links to this course page; course detail page not enriched in this run.,official_program_link_candidate
ELEX1471,,,https://www.bcit.ca/courses/power-systems-protection-design-fundamentals-elex-1471/,,program_matrix_link,https://www.bcit.ca/programs/introduction-to-power-systems-protection-design-microcredential-part-time-0865cm/,ELEX 1471,,False,False,,,,discovered_unenriched,False,,,Official BCIT program page links to this course page; course detail page not enriched in this run.,official_program_link_candidate
ELEX1472,,,https://www.bcit.ca/courses/power-systems-protection-design-essentials-elex-1472/,,program_matrix_link,https://www.bcit.ca/programs/introduction-to-power-systems-protection-design-microcredential-part-time-0865cm/,ELEX 1472,,False,False,,,,discovered_unenriched,False,,,Official BCIT program page links to this course page; course detail page not enriched in this run.,official_program_link_candidate
ELEX1473,,,https://www.bcit.ca/courses/power-systems-protection-design-applications-elex-1473/,,program_matrix_link,https://www.bcit.ca/programs/introduction-to-power-systems-protection-design-microcredential-part-time-0865cm/,ELEX 1473,,False,False,,,,discovered_unenriched,False,,,Official BCIT program page links to this course page; course detail page not enriched in this run.,official_program_link_candidate
ELEX2002,,,https://www.bcit.ca/courses/underground-distribution-system-design-elex-2002/,,program_matrix_link,https://www.bcit.ca/programs/distribution-design-for-electrical-utilities-microcredential-part-time-0866cm/,ELEX 2002,,False,False,,,,discovered_unenriched,False,,,Official BCIT program page links to this course page; course detail page not enriched in this run.,official_program_link_candidate
ENPY4600,,,https://www.bcit.ca/courses/routine-nerve-conduction-studies-and-clinical-correlations-enpy-4600/,,program_matrix_link,https://www.bcit.ca/programs/electroneurophysiology-diploma-full-time-5810dipma/,ENPY 4600,,False,False,,,,discovered_unenriched,False,,,Official BCIT program page links to this course page; course detail page not enriched in this run.,official_program_link_candidate
FIRE2088,,,https://www.bcit.ca/courses/special-fire-suppression-systems-fire-2088/,,program_matrix_link,https://www.bcit.ca/programs/fire-protection-inspection-and-testing-associate-certificate-part-time-675facert/,FIRE 2088,,False,False,,,,discovered_unenriched,False,,,Official BCIT program page links to this course page; course detail page not enriched in this run.,official_program_link_candidate
FMGT1105,,,https://www.bcit.ca/courses/accounting-1-for-financial-management-fmgt-1105/,,program_matrix_link,https://www.bcit.ca/programs/financial-planning-diploma-part-time-6055pdipma/,FMGT 1105,,False,False,,,,discovered_unenriched,False,,,Official BCIT program page links to this course page; course detail page not enriched in this run.,official_program_link_candidate
FMGT1660,,,https://www.bcit.ca/courses/finance-fundamentals-for-sawmill-managers-fmgt-1660/,,program_matrix_link,https://www.bcit.ca/programs/business-of-sawmilling-associate-certificate-part-time-5125acert/,FMGT 1660,,False,False,,,,discovered_unenriched,False,,,Official BCIT program page links to this course page; course detail page not enriched in this run.,official_program_link_candidate
FMGT2105,,,https://www.bcit.ca/courses/accounting-2-for-financial-management-fmgt-2105/,,program_matrix_link,https://www.bcit.ca/programs/financial-planning-diploma-part-time-6055pdipma/,FMGT 2105,,False,False,,,,discovered_unenriched,False,,,Official BCIT program page links to this course page; course detail page not enriched in this run.,official_program_link_candidate
FMGT2151,,,https://www.bcit.ca/courses/accounting-for-business-administration-fmgt-2151/,,program_matrix_link,https://www.bcit.ca/programs/business-management-advanced-diploma-advanced-diploma-full-time-part-time-5312advdip/,FMGT 2151,,False,False,,,,discovered_unenriched,False,,,Official BCIT program page links to this course page; course detail page not enriched in this run.,official_program_link_candidate
FMGT2540,,,https://www.bcit.ca/courses/introduction-to-finance-fmgt-2540/,,program_matrix_link,https://www.bcit.ca/programs/financial-planning-diploma-part-time-6055pdipma/,FMGT 2540,,False,False,,,,discovered_unenriched,False,,,Official BCIT program page links to this course page; course detail page not enriched in this run.,official_program_link_candidate
FMGT2820,,,https://www.bcit.ca/courses/investment-and-risk-management-fmgt-2820/,,program_matrix_link,https://www.bcit.ca/programs/financial-management-professional-accounting-option-certificate-part-time-585fmcert/,FMGT 2820,,False,False,,,,discovered_unenriched,False,,,Official BCIT program page links to this course page; course detail page not enriched in this run.,official_program_link_candidate
FMGT3130,,,https://www.bcit.ca/courses/financial-statement-analysis-1-fmgt-3130/,,program_matrix_link,https://www.bcit.ca/programs/financial-planning-diploma-part-time-6055pdipma/,FMGT 3130,,False,False,,,,discovered_unenriched,False,,,Official BCIT program page links to this course page; course detail page not enriched in this run.,official_program_link_candidate
FMGT3444,,,https://www.bcit.ca/courses/income-tax-for-financial-planning-fmgt-3444/,,program_matrix_link,https://www.bcit.ca/programs/financial-planning-diploma-part-time-6055pdipma/,FMGT 3444,,False,False,,,,discovered_unenriched,False,,,Official BCIT program page links to this course page; course detail page not enriched in this run.,official_program_link_candidate
FMGT3610,,,https://www.bcit.ca/courses/security-analysis-1-fmgt-3610/,,program_matrix_link,https://www.bcit.ca/programs/financial-planning-diploma-part-time-6055pdipma/,FMGT 3610,,False,False,,,,discovered_unenriched,False,,,Official BCIT program page links to this course page; course detail page not enriched in this run.,official_program_link_candidate
FMGT3830,,,https://www.bcit.ca/courses/fundamentals-of-financial-planning-fmgt-3830/,,program_matrix_link,https://www.bcit.ca/programs/financial-planning-diploma-part-time-6055pdipma/,FMGT 3830,,False,False,,,,discovered_unenriched,False,,,Official BCIT program page links to this course page; course detail page not enriched in this run.,official_program_link_candidate
FMGT4130,,,https://www.bcit.ca/courses/financial-statement-analysis-2-fmgt-4130/,,program_matrix_link,https://www.bcit.ca/programs/financial-planning-diploma-part-time-6055pdipma/,FMGT 4130,,False,False,,,,discovered_unenriched,False,,,Official BCIT program page links to this course page; course detail page not enriched in this run.,official_program_link_candidate
FMGT4520,,,https://www.bcit.ca/courses/enterprise-finance-fmgt-4520/,,program_matrix_link,https://www.bcit.ca/programs/finance-diploma-part-time-6045pdipma/,FMGT 4520,,False,False,,,,discovered_unenriched,False,,,Official BCIT program page links to this course page; course detail page not enriched in this run.,official_program_link_candidate
FMGT4610,,,https://www.bcit.ca/courses/security-analysis-2-fmgt-4610/,,program_matrix_link,https://www.bcit.ca/programs/financial-planning-diploma-part-time-6055pdipma/,FMGT 4610,,False,False,,,,discovered_unenriched,False,,,Official BCIT program page links to this course page; course detail page not enriched in this run.,official_program_link_candidate
FMGT4720,,,https://www.bcit.ca/courses/advanced-computer-applications-2-for-finance-fmgt-4720/,,program_matrix_link,https://www.bcit.ca/programs/accounting-bachelor-of-accounting-full-time-part-time-8630bacc/,FMGT 4720,,False,False,,,,discovered_unenriched,False,,,Official BCIT program page links to this course page; course detail page not enriched in this run.,official_program_link_candidate
FMGT4721,,,https://www.bcit.ca/courses/financial-analytics-in-excel-fmgt-4721/,,program_matrix_link,https://www.bcit.ca/programs/financial-planning-diploma-part-time-6055pdipma/,FMGT 4721,,False,False,,,,discovered_unenriched,False,,,Official BCIT program page links to this course page; course detail page not enriched in this run.,official_program_link_candidate
FMGT4830,,,https://www.bcit.ca/courses/comprehensive-financial-planning-fmgt-4830/,,program_matrix_link,https://www.bcit.ca/programs/financial-planning-diploma-part-time-6055pdipma/,FMGT 4830,,False,False,,,,discovered_unenriched,False,,,Official BCIT program page links to this course page; course detail page not enriched in this run.,official_program_link_candidate
FMGT4921,,,https://www.bcit.ca/courses/career-preparation-fmgt-4921/,,program_matrix_link,https://www.bcit.ca/programs/financial-planning-diploma-part-time-6055pdipma/,FMGT 4921,,False,False,,,,discovered_unenriched,False,,,Official BCIT program page links to this course page; course detail page not enriched in this run.,official_program_link_candidate
FMGT5330,,,https://www.bcit.ca/courses/impact-measurement-and-reporting-fmgt-5330/,,program_matrix_link,https://www.bcit.ca/programs/sustainable-business-leadership-advanced-diploma-part-time-5180padvdip/,FMGT 5330,,False,False,,,,discovered_unenriched,False,,,Official BCIT program page links to this course page; course detail page not enriched in this run.,official_program_link_candidate
FMGT7310,,,https://www.bcit.ca/courses/advanced-auditing-fmgt-7310/,,program_matrix_link,https://www.bcit.ca/programs/accounting-bachelor-of-accounting-full-time-part-time-8630bacc/,FMGT 7310,,False,False,,,,discovered_unenriched,False,,,Official BCIT program page links to this course page; course detail page not enriched in this run.,official_program_link_candidate
FMGT7410,,,https://www.bcit.ca/courses/taxation-of-close-corporations-fmgt-7410/,,program_matrix_link,https://www.bcit.ca/programs/accounting-bachelor-of-accounting-full-time-part-time-8630bacc/,FMGT 7410,,False,False,,,,discovered_unenriched,False,,,Official BCIT program page links to this course page; course detail page not enriched in this run.,official_program_link_candidate
FMGT7520,,,https://www.bcit.ca/courses/business-valuation-fmgt-7520/,,program_matrix_link,https://www.bcit.ca/programs/accounting-bachelor-of-accounting-full-time-part-time-8630bacc/,FMGT 7520,,False,False,,,,discovered_unenriched,False,,,Official BCIT program page links to this course page; course detail page not enriched in this run.,official_program_link_candidate
FMGT7610,,,https://www.bcit.ca/courses/workplace-education-workterm-1-fmgt-7610/,,program_matrix_link,https://www.bcit.ca/programs/accounting-bachelor-of-accounting-full-time-part-time-8630bacc/,FMGT 7610,,False,False,,,,discovered_unenriched,False,,,Official BCIT program page links to this course page; course detail page not enriched in this run.,official_program_link_candidate
FMGT7620,,,https://www.bcit.ca/courses/workplace-education-workterm-2-fmgt-7620/,,program_matrix_link,https://www.bcit.ca/programs/accounting-bachelor-of-accounting-full-time-part-time-8630bacc/,FMGT 7620,,False,False,,,,discovered_unenriched,False,,,Official BCIT program page links to this course page; course detail page not enriched in this run.,official_program_link_candidate
FMGT8610,,,https://www.bcit.ca/courses/independent-technical-studies-abroad-1-fmgt-8610/,,program_matrix_link,https://www.bcit.ca/programs/accounting-bachelor-of-accounting-full-time-part-time-8630bacc/,FMGT 8610,,False,False,,,,discovered_unenriched,False,,,Official BCIT program page links to this course page; course detail page not enriched in this run.,official_program_link_candidate
FMGT8620,,,https://www.bcit.ca/courses/independent-technical-studies-abroad-2-fmgt-8620/,,program_matrix_link,https://www.bcit.ca/programs/accounting-bachelor-of-accounting-full-time-part-time-8630bacc/,FMGT 8620,,False,False,,,,discovered_unenriched,False,,,Official BCIT program page links to this course page; course detail page not enriched in this run.,official_program_link_candidate
FOOD1189,,,https://www.bcit.ca/courses/haccp-for-preventive-control-plans-food-1189/,,program_matrix_link,https://www.bcit.ca/programs/food-safety-preventive-controls-and-haccp-plans-microcredential-part-time-0822cm/,FOOD 1189,,False,False,,,,discovered_unenriched,False,,,Official BCIT program page links to this course page; course detail page not enriched in this run.,official_program_link_candidate
FOOD2162,,,https://www.bcit.ca/courses/haccp-standard-operating-procedures-food-2162/,,program_matrix_link,https://www.bcit.ca/programs/food-safety-associate-certificate-part-time-6365acert/,FOOD 2162,,False,False,,,,discovered_unenriched,False,,,Official BCIT program page links to this course page; course detail page not enriched in this run.,official_program_link_candidate
FOOD2170,,,https://www.bcit.ca/courses/internal-auditor-training-food-2170/,,program_matrix_link,https://www.bcit.ca/programs/food-safety-management-microcredential-part-time-0823cm/,FOOD 2170,,False,False,,,,discovered_unenriched,False,,,Official BCIT program page links to this course page; course detail page not enriched in this run.,official_program_link_candidate
FSCT7002,,,https://www.bcit.ca/courses/criminal-law-2-legal-evidence-fsct-7002/,,program_matrix_link,https://www.bcit.ca/programs/forensic-investigation-forensic-science-option-bachelor-of-technology-part-time-847bbtech/,FSCT 7002,,False,False,,,,discovered_unenriched,False,,,Official BCIT program page links to this course page; course detail page not enriched in this run.,official_program_link_candidate
FSCT7005,,,https://www.bcit.ca/courses/introducing-forensic-evidence-at-trial-fsct-7005/,,program_matrix_link,https://www.bcit.ca/programs/forensic-investigation-forensic-science-option-bachelor-of-technology-part-time-847bbtech/,FSCT 7005,,False,False,,,,discovered_unenriched,False,,,Official BCIT program page links to this course page; course detail page not enriched in this run.,official_program_link_candidate
FSCT7006,,,https://www.bcit.ca/courses/court-testimony-for-crime-and-intelligence-analysts-fsct-7006/,,program_matrix_link,https://www.bcit.ca/programs/forensic-investigation-crime-and-intelligence-analysis-option-bachelor-of-technology-part-time-847abtech/,FSCT 7006,,False,False,,,,discovered_unenriched,False,,,Official BCIT program page links to this course page; course detail page not enriched in this run.,official_program_link_candidate
FSCT7007,,,https://www.bcit.ca/courses/civil-legislation-regulatory-bodies-and-privacy-fsct-7007/,,program_matrix_link,https://www.bcit.ca/programs/forensic-investigation-forensic-science-option-bachelor-of-technology-part-time-847bbtech/,FSCT 7007,,False,False,,,,discovered_unenriched,False,,,Official BCIT program page links to this course page; course detail page not enriched in this run.,official_program_link_candidate
FSCT7131,,,https://www.bcit.ca/courses/principles-of-incident-response-and-disaster-recovery-fsct-7131/,,program_matrix_link,https://www.bcit.ca/programs/forensic-investigation-digital-forensics-and-cybersecurity-option-bachelor-of-technology-full-time-part-time-847cbtech/,FSCT 7131,,False,False,,,,discovered_unenriched,False,,,Official BCIT program page links to this course page; course detail page not enriched in this run.,official_program_link_candidate
FSCT7215,,,https://www.bcit.ca/courses/introduction-to-investigation-techniques-fsct-7215/,,program_matrix_link,https://www.bcit.ca/programs/forensic-investigation-forensic-science-option-bachelor-of-technology-part-time-847bbtech/,FSCT 7215,,False,False,,,,discovered_unenriched,False,,,Official BCIT program page links to this course page; course detail page not enriched in this run.,official_program_link_candidate
FSCT7231,,,https://www.bcit.ca/courses/forensic-interviewing-for-investigators-fsct-7231/,,program_matrix_link,https://www.bcit.ca/programs/forensic-investigation-forensic-science-option-bachelor-of-technology-part-time-847bbtech/,FSCT 7231,,False,False,,,,discovered_unenriched,False,,,Official BCIT program page links to this course page; course detail page not enriched in this run.,official_program_link_candidate
FSCT7310,,,https://www.bcit.ca/courses/crime-and-incident-scene-investigation-fsct-7310/,,program_matrix_link,https://www.bcit.ca/programs/forensic-investigation-forensic-science-option-bachelor-of-technology-part-time-847bbtech/,FSCT 7310,,False,False,,,,discovered_unenriched,False,,,Official BCIT program page links to this course page; course detail page not enriched in this run.,official_program_link_candidate
FSCT7910,,,https://www.bcit.ca/courses/research-methodology-and-measurement-models-fsct-7910/,,program_matrix_link,https://www.bcit.ca/programs/forensic-investigation-forensic-science-option-bachelor-of-technology-part-time-847bbtech/,FSCT 7910,,False,False,,,,discovered_unenriched,False,,,Official BCIT program page links to this course page; course detail page not enriched in this run.,official_program_link_candidate
FSCT8102,,,https://www.bcit.ca/courses/introduction-to-death-investigation-fsct-8102/,,program_matrix_link,https://www.bcit.ca/programs/forensic-investigation-forensic-science-option-bachelor-of-technology-part-time-847bbtech/,FSCT 8102,,False,False,,,,discovered_unenriched,False,,,Official BCIT program page links to this course page; course detail page not enriched in this run.,official_program_link_candidate
FSCT8110,,,https://www.bcit.ca/courses/human-remains-recovery-fsct-8110/,,program_matrix_link,https://www.bcit.ca/programs/forensic-investigation-forensic-science-option-bachelor-of-technology-part-time-847bbtech/,FSCT 8110,,False,False,,,,discovered_unenriched,False,,,Official BCIT program page links to this course page; course detail page not enriched in this run.,official_program_link_candidate
FSCT8140,,,https://www.bcit.ca/courses/forensic-entomology-fsct-8140/,,program_matrix_link,https://www.bcit.ca/programs/forensic-investigation-forensic-science-option-bachelor-of-technology-part-time-847bbtech/,FSCT 8140,,False,False,,,,discovered_unenriched,False,,,Official BCIT program page links to this course page; course detail page not enriched in this run.,official_program_link_candidate
FSCT8155,,,https://www.bcit.ca/courses/forensic-biology-evidence-recovery-fsct-8155/,,program_matrix_link,https://www.bcit.ca/programs/forensic-investigation-forensic-science-option-bachelor-of-technology-part-time-847bbtech/,FSCT 8155,,False,False,,,,discovered_unenriched,False,,,Official BCIT program page links to this course page; course detail page not enriched in this run.,official_program_link_candidate
FSCT8160,,,https://www.bcit.ca/courses/forensic-biology-dna-typing-applications-fsct-8160/,,program_matrix_link,https://www.bcit.ca/programs/forensic-investigation-forensic-science-option-bachelor-of-technology-part-time-847bbtech/,FSCT 8160,,False,False,,,,discovered_unenriched,False,,,Official BCIT program page links to this course page; course detail page not enriched in this run.,official_program_link_candidate
FSCT8200,,,https://www.bcit.ca/courses/covert-surveillance-techniques-fsct-8200/,,program_matrix_link,https://www.bcit.ca/programs/forensic-investigation-forensic-science-option-bachelor-of-technology-part-time-847bbtech/,FSCT 8200,,False,False,,,,discovered_unenriched,False,,,Official BCIT program page links to this course page; course detail page not enriched in this run.,official_program_link_candidate
FSCT8215,,,https://www.bcit.ca/courses/advanced-investigation-techniques-fsct-8215/,,program_matrix_link,https://www.bcit.ca/programs/forensic-investigation-forensic-science-option-bachelor-of-technology-part-time-847bbtech/,FSCT 8215,,False,False,,,,discovered_unenriched,False,,,Official BCIT program page links to this course page; course detail page not enriched in this run.,official_program_link_candidate
FSCT8230,,,https://www.bcit.ca/courses/the-medicolegal-aspects-of-alcohol-fsct-8230/,,program_matrix_link,https://www.bcit.ca/programs/forensic-investigation-forensic-science-option-bachelor-of-technology-part-time-847bbtech/,FSCT 8230,,False,False,,,,discovered_unenriched,False,,,Official BCIT program page links to this course page; course detail page not enriched in this run.,official_program_link_candidate
FSCT8240,,,https://www.bcit.ca/courses/forensic-toxicology-fsct-8240/,,program_matrix_link,https://www.bcit.ca/programs/forensic-investigation-forensic-science-option-bachelor-of-technology-part-time-847bbtech/,FSCT 8240,,False,False,,,,discovered_unenriched,False,,,Official BCIT program page links to this course page; course detail page not enriched in this run.,official_program_link_candidate
FSCT8250,,,https://www.bcit.ca/courses/drug-analysis-fsct-8250/,,program_matrix_link,https://www.bcit.ca/programs/forensic-investigation-forensic-science-option-bachelor-of-technology-part-time-847bbtech/,FSCT 8250,,False,False,,,,discovered_unenriched,False,,,Official BCIT program page links to this course page; course detail page not enriched in this run.,official_program_link_candidate
FSCT8320,,,https://www.bcit.ca/courses/the-science-of-fingerprints-theory-fsct-8320/,,program_matrix_link,https://www.bcit.ca/programs/forensic-investigation-forensic-science-option-bachelor-of-technology-part-time-847bbtech/,FSCT 8320,,False,False,,,,discovered_unenriched,False,,,Official BCIT program page links to this course page; course detail page not enriched in this run.,official_program_link_candidate
FSCT8330,,,https://www.bcit.ca/courses/principles-and-methods-of-firearms-and-toolmark-examination-fsct-8330/,,program_matrix_link,https://www.bcit.ca/programs/forensic-investigation-forensic-science-option-bachelor-of-technology-part-time-847bbtech/,FSCT 8330,,False,False,,,,discovered_unenriched,False,,,Official BCIT program page links to this course page; course detail page not enriched in this run.,official_program_link_candidate
FSCT8350,,,https://www.bcit.ca/courses/forensic-video-technologies-fsct-8350/,,program_matrix_link,https://www.bcit.ca/programs/forensic-investigation-forensic-science-option-bachelor-of-technology-part-time-847bbtech/,FSCT 8350,,False,False,,,,discovered_unenriched,False,,,Official BCIT program page links to this course page; course detail page not enriched in this run.,official_program_link_candidate
FSCT8351,,,https://www.bcit.ca/courses/cctv-and-forensic-examination-fsct-8351/,,program_matrix_link,https://www.bcit.ca/programs/forensic-investigation-forensic-science-option-bachelor-of-technology-part-time-847bbtech/,FSCT 8351,,False,False,,,,discovered_unenriched,False,,,Official BCIT program page links to this course page; course detail page not enriched in this run.,official_program_link_candidate
FSCT8482,,,https://www.bcit.ca/courses/national-security-analysis-fsct-8482/,,program_matrix_link,https://www.bcit.ca/programs/forensic-investigation-crime-and-intelligence-analysis-option-bachelor-of-technology-part-time-847abtech/,FSCT 8482,,False,False,,,,discovered_unenriched,False,,,Official BCIT program page links to this course page; course detail page not enriched in this run.,official_program_link_candidate
FSCT8486,,,https://www.bcit.ca/courses/strategic-analysis-fsct-8486/,,program_matrix_link,https://www.bcit.ca/programs/forensic-investigation-crime-and-intelligence-analysis-option-bachelor-of-technology-part-time-847abtech/,FSCT 8486,,False,False,,,,discovered_unenriched,False,,,Official BCIT program page links to this course page; course detail page not enriched in this run.,official_program_link_candidate
FSCT8500,,,https://www.bcit.ca/courses/mobile-forensics-fsct-8500/,,program_matrix_link,https://www.bcit.ca/programs/forensic-investigation-digital-forensics-and-cybersecurity-option-bachelor-of-technology-full-time-part-time-847cbtech/,FSCT 8500,,False,False,,,,discovered_unenriched,False,,,Official BCIT program page links to this course page; course detail page not enriched in this run.,official_program_link_candidate
FSCT8513,,,https://www.bcit.ca/courses/digital-forensics-1-fsct-8513/,,program_matrix_link,https://www.bcit.ca/programs/forensic-investigation-digital-forensics-and-cybersecurity-option-bachelor-of-technology-full-time-part-time-847cbtech/,FSCT 8513,,False,False,,,,discovered_unenriched,False,,,Official BCIT program page links to this course page; course detail page not enriched in this run.,official_program_link_candidate
FSCT8520,,,https://www.bcit.ca/courses/social-media-and-open-source-investigative-techniques-fsct-8520/,,program_matrix_link,https://www.bcit.ca/programs/forensic-investigation-forensic-science-option-bachelor-of-technology-part-time-847bbtech/,FSCT 8520,,False,False,,,,discovered_unenriched,False,,,Official BCIT program page links to this course page; course detail page not enriched in this run.,official_program_link_candidate
FSCT8523,,,https://www.bcit.ca/courses/digital-forensics-2-fsct-8523/,,program_matrix_link,https://www.bcit.ca/programs/forensic-investigation-digital-forensics-and-cybersecurity-option-bachelor-of-technology-full-time-part-time-847cbtech/,FSCT 8523,,False,False,,,,discovered_unenriched,False,,,Official BCIT program page links to this course page; course detail page not enriched in this run.,official_program_link_candidate
FSCT8540,,,https://www.bcit.ca/courses/network-security-1-fsct-8540/,,program_matrix_link,https://www.bcit.ca/programs/forensic-investigation-digital-forensics-and-cybersecurity-option-bachelor-of-technology-full-time-part-time-847cbtech/,FSCT 8540,,False,False,,,,discovered_unenriched,False,,,Official BCIT program page links to this course page; course detail page not enriched in this run.,official_program_link_candidate
FSCT8560,,,https://www.bcit.ca/courses/network-security-2-fsct-8560/,,program_matrix_link,https://www.bcit.ca/programs/forensic-investigation-digital-forensics-and-cybersecurity-option-bachelor-of-technology-full-time-part-time-847cbtech/,FSCT 8560,,False,False,,,,discovered_unenriched,False,,,Official BCIT program page links to this course page; course detail page not enriched in this run.,official_program_link_candidate
FSCT8561,,,https://www.bcit.ca/courses/security-applications-fsct-8561/,,program_matrix_link,https://www.bcit.ca/programs/forensic-investigation-digital-forensics-and-cybersecurity-option-bachelor-of-technology-full-time-part-time-847cbtech/,FSCT 8561,,False,False,,,,discovered_unenriched,False,,,Official BCIT program page links to this course page; course detail page not enriched in this run.,official_program_link_candidate
FSCT8581,,,https://www.bcit.ca/courses/cryptography-fsct-8581/,,program_matrix_link,https://www.bcit.ca/programs/forensic-investigation-digital-forensics-and-cybersecurity-option-advanced-certificate-part-time-528cadcert/,FSCT 8581,,False,False,,,,discovered_unenriched,False,,,Official BCIT program page links to this course page; course detail page not enriched in this run.,official_program_link_candidate
FSCT8590,,,https://www.bcit.ca/courses/network-exploits-and-vulnerabilities-fsct-8590/,,program_matrix_link,https://www.bcit.ca/programs/forensic-investigation-digital-forensics-and-cybersecurity-option-bachelor-of-technology-full-time-part-time-847cbtech/,FSCT 8590,,False,False,,,,discovered_unenriched,False,,,Official BCIT program page links to this course page; course detail page not enriched in this run.,official_program_link_candidate
FSCT8592,,,https://www.bcit.ca/courses/special-topics-in-digital-forensics-and-cybersecurity-fsct-8592/,,program_matrix_link,https://www.bcit.ca/programs/forensic-investigation-digital-forensics-and-cybersecurity-option-advanced-certificate-part-time-528cadcert/,FSCT 8592,,False,False,,,,discovered_unenriched,False,,,Official BCIT program page links to this course page; course detail page not enriched in this run.,official_program_link_candidate
FSCT8622,,,https://www.bcit.ca/courses/graduation-project-2-fsct-8622/,,program_matrix_link,https://www.bcit.ca/programs/forensic-investigation-forensic-science-option-bachelor-of-technology-part-time-847bbtech/,FSCT 8622,,False,False,,,,discovered_unenriched,False,,,Official BCIT program page links to this course page; course detail page not enriched in this run.,official_program_link_candidate
FUND3216,,,https://www.bcit.ca/courses/management-and-finance-for-fundraising-fund-3216/,,program_matrix_link,https://www.bcit.ca/programs/marketing-management-fundraising-management-associate-certificate-part-time-6390acert/,FUND 3216,,False,False,,,,discovered_unenriched,False,,,Official BCIT program page links to this course page; course detail page not enriched in this run.,official_program_link_candidate
FUND3218,,,https://www.bcit.ca/courses/planned-giving-fund-3218/,,program_matrix_link,https://www.bcit.ca/programs/marketing-management-fundraising-management-associate-certificate-part-time-6390acert/,FUND 3218,,False,False,,,,discovered_unenriched,False,,,Official BCIT program page links to this course page; course detail page not enriched in this run.,official_program_link_candidate
GDES3110,,,https://www.bcit.ca/courses/graphic-design-for-advertising-gdes-3110/,,program_matrix_link,https://www.bcit.ca/programs/graphic-design-and-interactive-media-diploma-part-time-6595dipma/,GDES 3110,,False,False,,,,discovered_unenriched,False,,,Official BCIT program page links to this course page; course detail page not enriched in this run.,official_program_link_candidate
GDES3145,,,https://www.bcit.ca/courses/advanced-typography-gdes-3145/,,program_matrix_link,https://www.bcit.ca/programs/graphic-design-and-interactive-media-diploma-part-time-6595dipma/,GDES 3145,,False,False,,,,discovered_unenriched,False,,,Official BCIT program page links to this course page; course detail page not enriched in this run.,official_program_link_candidate
GDES4130,,,https://www.bcit.ca/courses/art-direction-gdes-4130/,,program_matrix_link,https://www.bcit.ca/programs/graphic-design-and-interactive-media-diploma-part-time-6595dipma/,GDES 4130,,False,False,,,,discovered_unenriched,False,,,Official BCIT program page links to this course page; course detail page not enriched in this run.,official_program_link_candidate
GDES4140,,,https://www.bcit.ca/courses/interactive-media-technologies-gdes-4140/,,program_matrix_link,https://www.bcit.ca/programs/graphic-design-and-interactive-media-diploma-part-time-6595dipma/,GDES 4140,,False,False,,,,discovered_unenriched,False,,,Official BCIT program page links to this course page; course detail page not enriched in this run.,official_program_link_candidate
GDES4200,,,https://www.bcit.ca/courses/major-project-gdes-4200/,,program_matrix_link,https://www.bcit.ca/programs/graphic-design-and-interactive-media-diploma-part-time-6595dipma/,GDES 4200,,False,False,,,,discovered_unenriched,False,,,Official BCIT program page links to this course page; course detail page not enriched in this run.,official_program_link_candidate
GDES4300,,,https://www.bcit.ca/courses/portfolio-design-gdes-4300/,,program_matrix_link,https://www.bcit.ca/programs/graphic-design-and-interactive-media-diploma-part-time-6595dipma/,GDES 4300,,False,False,,,,discovered_unenriched,False,,,Official BCIT program page links to this course page; course detail page not enriched in this run.,official_program_link_candidate
GDES4400,,,https://www.bcit.ca/courses/internship-preparation-gdes-4400/,,program_matrix_link,https://www.bcit.ca/programs/graphic-design-and-interactive-media-diploma-part-time-6595dipma/,GDES 4400,,False,False,,,,discovered_unenriched,False,,,Official BCIT program page links to this course page; course detail page not enriched in this run.,official_program_link_candidate
GDES4500,,,https://www.bcit.ca/courses/graphic-design-internship-gdes-4500/,,program_matrix_link,https://www.bcit.ca/programs/graphic-design-and-interactive-media-diploma-part-time-6595dipma/,GDES 4500,,False,False,,,,discovered_unenriched,False,,,Official BCIT program page links to this course page; course detail page not enriched in this run.,official_program_link_candidate
GEOM1000,,,https://www.bcit.ca/courses/introduction-to-surveying-and-geomatics-geom-1000/,,program_matrix_link,https://www.bcit.ca/programs/geomatics-engineering-technology-diploma-full-time-7535dipma/,GEOM 1000,,False,False,,,,discovered_unenriched,False,,,Official BCIT program page links to this course page; course detail page not enriched in this run.,official_program_link_candidate
GEOM2110,,,https://www.bcit.ca/courses/pre-entry-field-surveying-geom-2110/,,program_matrix_link,https://www.bcit.ca/programs/geomatics-engineering-technology-diploma-full-time-7535dipma/,GEOM 2110,,False,False,,,,discovered_unenriched,False,,,Official BCIT program page links to this course page; course detail page not enriched in this run.,official_program_link_candidate
GEOM2120,,,https://www.bcit.ca/courses/pre-entry-survey-computations-geom-2120/,,program_matrix_link,https://www.bcit.ca/programs/geomatics-engineering-technology-diploma-full-time-7535dipma/,GEOM 2120,,False,False,,,,discovered_unenriched,False,,,Official BCIT program page links to this course page; course detail page not enriched in this run.,official_program_link_candidate
GEOM2130,,,https://www.bcit.ca/courses/pre-entry-cad-for-survey-and-geomatics-geom-2130/,,program_matrix_link,https://www.bcit.ca/programs/geomatics-engineering-technology-diploma-full-time-7535dipma/,GEOM 2130,,False,False,,,,discovered_unenriched,False,,,Official BCIT program page links to this course page; course detail page not enriched in this run.,official_program_link_candidate
GEOM4016,,,https://www.bcit.ca/courses/remote-sensing-and-gis-geom-4016/,,program_matrix_link,https://www.bcit.ca/programs/geomatics-engineering-technology-diploma-full-time-7535dipma/,GEOM 4016,,False,False,,,,discovered_unenriched,False,,,Official BCIT program page links to this course page; course detail page not enriched in this run.,official_program_link_candidate
GEOM6106,,,https://www.bcit.ca/courses/gis-applications-geom-6106/,,program_matrix_link,https://www.bcit.ca/programs/geomatics-engineering-technology-diploma-full-time-7535dipma/,GEOM 6106,,False,False,,,,discovered_unenriched,False,,,Official BCIT program page links to this course page; course detail page not enriched in this run.,official_program_link_candidate
GEOM6121,,,https://www.bcit.ca/courses/physical-geodesy-geom-6121/,,program_matrix_link,https://www.bcit.ca/programs/geomatics-engineering-technology-diploma-full-time-7535dipma/,GEOM 6121,,False,False,,,,discovered_unenriched,False,,,Official BCIT program page links to this course page; course detail page not enriched in this run.,official_program_link_candidate
GEOM6165,,,https://www.bcit.ca/courses/advanced-photogrammetry-geom-6165/,,program_matrix_link,https://www.bcit.ca/programs/geomatics-engineering-technology-diploma-full-time-7535dipma/,GEOM 6165,,False,False,,,,discovered_unenriched,False,,,Official BCIT program page links to this course page; course detail page not enriched in this run.,official_program_link_candidate
GIST8010,,,https://www.bcit.ca/courses/gis-programming-2-gist-8010/,,program_matrix_link,https://www.bcit.ca/programs/geographic-information-systems-bachelor-of-technology-full-time-part-time-8310btech/,GIST 8010,,False,False,,,,discovered_unenriched,False,,,Official BCIT program page links to this course page; course detail page not enriched in this run.,official_program_link_candidate
GIST8110,,,https://www.bcit.ca/courses/management-issues-in-gis-gist-8110/,,program_matrix_link,https://www.bcit.ca/programs/geographic-information-systems-bachelor-of-technology-full-time-part-time-8310btech/,GIST 8110,,False,False,,,,discovered_unenriched,False,,,Official BCIT program page links to this course page; course detail page not enriched in this run.,official_program_link_candidate
GIST8125,,,https://www.bcit.ca/courses/gis-project-gist-8125/,,program_matrix_link,https://www.bcit.ca/programs/geographic-information-systems-bachelor-of-technology-full-time-part-time-8310btech/,GIST 8125,,False,False,,,,discovered_unenriched,False,,,Official BCIT program page links to this course page; course detail page not enriched in this run.,official_program_link_candidate
GIST8126,,,https://www.bcit.ca/courses/gis-industry-practicum-gist-8126/,,program_matrix_link,https://www.bcit.ca/programs/geographic-information-systems-advanced-diploma-part-time-9100padvdip/,GIST 8126,,False,False,,,,discovered_unenriched,False,,,Official BCIT program page links to this course page; course detail page not enriched in this run.,official_program_link_candidate
GIST8132,,,https://www.bcit.ca/courses/gis-database-systems-2-gist-8132/,,program_matrix_link,https://www.bcit.ca/programs/geographic-information-systems-bachelor-of-technology-full-time-part-time-8310btech/,GIST 8132,,False,False,,,,discovered_unenriched,False,,,Official BCIT program page links to this course page; course detail page not enriched in this run.,official_program_link_candidate
GLBL4010,,,https://www.bcit.ca/courses/the-visual-culture-of-japan-glbl-4010/,,program_matrix_link,https://www.bcit.ca/programs/global-business-studies-associate-certificate-part-time-6225acert/,GLBL 4010,,False,False,,,,discovered_unenriched,False,,,Official BCIT program page links to this course page; course detail page not enriched in this run.,official_program_link_candidate
GLBL5001,,,https://www.bcit.ca/courses/business-field-studies-1-italy-glbl-5001/,,program_matrix_link,https://www.bcit.ca/programs/global-business-studies-associate-certificate-part-time-6225acert/,GLBL 5001,,False,False,,,,discovered_unenriched,False,,,Official BCIT program page links to this course page; course detail page not enriched in this run.,official_program_link_candidate
GLBL5002,,,https://www.bcit.ca/courses/business-field-studies-2-japan-glbl-5002/,,program_matrix_link,https://www.bcit.ca/programs/global-business-studies-associate-certificate-part-time-6225acert/,GLBL 5002,,False,False,,,,discovered_unenriched,False,,,Official BCIT program page links to this course page; course detail page not enriched in this run.,official_program_link_candidate
GLBL5010,,,https://www.bcit.ca/courses/spanish-business-language-and-culture-glbl-5010/,,program_matrix_link,https://www.bcit.ca/programs/global-business-studies-associate-certificate-part-time-6225acert/,GLBL 5010,,False,False,,,,discovered_unenriched,False,,,Official BCIT program page links to this course page; course detail page not enriched in this run.,official_program_link_candidate
GLBL5020,,,https://www.bcit.ca/courses/dutch-business-language-and-culture-glbl-5020/,,program_matrix_link,https://www.bcit.ca/programs/global-business-studies-associate-certificate-part-time-6225acert/,GLBL 5020,,False,False,,,,discovered_unenriched,False,,,Official BCIT program page links to this course page; course detail page not enriched in this run.,official_program_link_candidate
GLBL5030,,,https://www.bcit.ca/courses/french-business-language-and-culture-glbl-5030/,,program_matrix_link,https://www.bcit.ca/programs/global-business-studies-associate-certificate-part-time-6225acert/,GLBL 5030,,False,False,,,,discovered_unenriched,False,,,Official BCIT program page links to this course page; course detail page not enriched in this run.,official_program_link_candidate
HIST1100,,,https://www.bcit.ca/courses/introduction-to-modern-world-history-hist-1100/,,program_matrix_link,https://www.bcit.ca/programs/bachelor-of-business-administration-bachelor-of-business-administration-full-time-part-time-9975bba/,HIST 1100,,False,False,,,,discovered_unenriched,False,,,Official BCIT program page links to this course page; course detail page not enriched in this run.,official_program_link_candidate
HLED7130,,,https://www.bcit.ca/courses/leading-health-professionals-hled-7130/,,program_matrix_link,https://www.bcit.ca/programs/health-leadership-advanced-certificate-part-time-6860adcert/,HLED 7130,,False,False,,,,discovered_unenriched,False,,,Official BCIT program page links to this course page; course detail page not enriched in this run.,official_program_link_candidate
HLED7250,,,https://www.bcit.ca/courses/leading-performance-measurement-and-management-hled-7250/,,program_matrix_link,https://www.bcit.ca/programs/health-leadership-advanced-certificate-part-time-6860adcert/,HLED 7250,,False,False,,,,discovered_unenriched,False,,,Official BCIT program page links to this course page; course detail page not enriched in this run.,official_program_link_candidate
HLED7260,,,https://www.bcit.ca/courses/leadership-issues-in-evidence-based-decision-making-hled-7260/,,program_matrix_link,https://www.bcit.ca/programs/health-leadership-advanced-certificate-part-time-6860adcert/,HLED 7260,,False,False,,,,discovered_unenriched,False,,,Official BCIT program page links to this course page; course detail page not enriched in this run.,official_program_link_candidate
HLED7270,,,https://www.bcit.ca/courses/project-leadership-in-health-care-hled-7270/,,program_matrix_link,https://www.bcit.ca/programs/project-management-associate-certificate-part-time-5085acert/,HLED 7270,,False,False,,,,discovered_unenriched,False,,,Official BCIT program page links to this course page; course detail page not enriched in this run.,official_program_link_candidate
HSSC1100,,,https://www.bcit.ca/courses/selected-topics-in-humanities-and-social-sciences-hssc-1100/,,program_matrix_link,https://www.bcit.ca/programs/residential-interiors-diploma-part-time-6140dipma/,HSSC 1100,,False,False,,,,discovered_unenriched,False,,,Official BCIT program page links to this course page; course detail page not enriched in this run.,official_program_link_candidate
HSSC1201,,,https://www.bcit.ca/courses/selected-topics-in-humanities-and-social-sciences-hssc-1201/,,program_matrix_link,https://www.bcit.ca/programs/residential-interiors-diploma-part-time-6140dipma/,HSSC 1201,,False,False,,,,discovered_unenriched,False,,,Official BCIT program page links to this course page; course detail page not enriched in this run.,official_program_link_candidate
HVAX3200,,,https://www.bcit.ca/courses/heat-pump-installation-basic-hvax-3200/,,program_matrix_link,https://www.bcit.ca/programs/heat-pump-maintenance-and-troubleshooting-microcredential-part-time-0860cm/,HVAX 3200,,False,False,,,,discovered_unenriched,False,,,Official BCIT program page links to this course page; course detail page not enriched in this run.,official_program_link_candidate
HVAX3210,,,https://www.bcit.ca/courses/heat-pump-installation-advanced-hvax-3210/,,program_matrix_link,https://www.bcit.ca/programs/heat-pump-maintenance-and-troubleshooting-microcredential-part-time-0860cm/,HVAX 3210,,False,False,,,,discovered_unenriched,False,,,Official BCIT program page links to this course page; course detail page not enriched in this run.,official_program_link_candidate
HVAX3220,,,https://www.bcit.ca/courses/heat-pump-maintenance-and-repair-hvax-3220/,,program_matrix_link,https://www.bcit.ca/programs/heat-pump-maintenance-and-troubleshooting-microcredential-part-time-0860cm/,HVAX 3220,,False,False,,,,discovered_unenriched,False,,,Official BCIT program page links to this course page; course detail page not enriched in this run.,official_program_link_candidate
INCS1110,,,https://www.bcit.ca/courses/networking-fundamentals-incs-1110/,,program_matrix_link,https://www.bcit.ca/programs/network-switching-and-routing-microcredential-part-time-0845cm/,INCS 1110,,False,False,,,,discovered_unenriched,False,,,Official BCIT program page links to this course page; course detail page not enriched in this run.,official_program_link_candidate
INTD3300,,,https://www.bcit.ca/courses/commercial-design-studio-a-intd-3300/,,program_matrix_link,https://www.bcit.ca/programs/interior-design-diploma-part-time-6220pdipma/,INTD 3300,,False,False,,,,discovered_unenriched,False,,,Official BCIT program page links to this course page; course detail page not enriched in this run.,official_program_link_candidate
INTD3320,,,https://www.bcit.ca/courses/materials-and-specifications-intd-3320/,,program_matrix_link,https://www.bcit.ca/programs/interior-design-diploma-part-time-6220pdipma/,INTD 3320,,False,False,,,,discovered_unenriched,False,,,Official BCIT program page links to this course page; course detail page not enriched in this run.,official_program_link_candidate
INTD4300,,,https://www.bcit.ca/courses/commercial-design-studio-b-intd-4300/,,program_matrix_link,https://www.bcit.ca/programs/interior-design-diploma-part-time-6220pdipma/,INTD 4300,,False,False,,,,discovered_unenriched,False,,,Official BCIT program page links to this course page; course detail page not enriched in this run.,official_program_link_candidate
INTR3000,,,https://www.bcit.ca/courses/residential-studio-bath-and-private-spaces-intr-3000/,,program_matrix_link,https://www.bcit.ca/programs/residential-interiors-diploma-part-time-6140dipma/,INTR 3000,,False,False,,,,discovered_unenriched,False,,,Official BCIT program page links to this course page; course detail page not enriched in this run.,official_program_link_candidate
INTR3020,,,https://www.bcit.ca/courses/residential-materials-and-environmental-factors-intr-3020/,,program_matrix_link,https://www.bcit.ca/programs/residential-interiors-diploma-part-time-6140dipma/,INTR 3020,,False,False,,,,discovered_unenriched,False,,,Official BCIT program page links to this course page; course detail page not enriched in this run.,official_program_link_candidate
INTR3030,,,https://www.bcit.ca/courses/residential-construction-and-building-systems-intr-3030/,,program_matrix_link,https://www.bcit.ca/programs/residential-interiors-diploma-part-time-6140dipma/,INTR 3030,,False,False,,,,discovered_unenriched,False,,,Official BCIT program page links to this course page; course detail page not enriched in this run.,official_program_link_candidate
INTR3040,,,https://www.bcit.ca/courses/residential-building-codes-and-accessibility-intr-3040/,,program_matrix_link,https://www.bcit.ca/programs/residential-interiors-diploma-part-time-6140dipma/,INTR 3040,,False,False,,,,discovered_unenriched,False,,,Official BCIT program page links to this course page; course detail page not enriched in this run.,official_program_link_candidate
INTR3100,,,https://www.bcit.ca/courses/residential-studio-kitchens-intr-3100/,,program_matrix_link,https://www.bcit.ca/programs/residential-interiors-diploma-part-time-6140dipma/,INTR 3100,,False,False,,,,discovered_unenriched,False,,,Official BCIT program page links to this course page; course detail page not enriched in this run.,official_program_link_candidate
INTR3155,,,https://www.bcit.ca/courses/residential-millwork-and-cabinetry-intr-3155/,,program_matrix_link,https://www.bcit.ca/programs/residential-interiors-diploma-part-time-6140dipma/,INTR 3155,,False,False,,,,discovered_unenriched,False,,,Official BCIT program page links to this course page; course detail page not enriched in this run.,official_program_link_candidate
INTR3160,,,https://www.bcit.ca/courses/advanced-residential-lighting-intr-3160/,,program_matrix_link,https://www.bcit.ca/programs/residential-interiors-diploma-part-time-6140dipma/,INTR 3160,,False,False,,,,discovered_unenriched,False,,,Official BCIT program page links to this course page; course detail page not enriched in this run.,official_program_link_candidate
INTR3360,,,https://www.bcit.ca/courses/advanced-digital-illustration-for-residential-interiors-intr-3360/,,program_matrix_link,https://www.bcit.ca/programs/residential-interiors-diploma-part-time-6140dipma/,INTR 3360,,False,False,,,,discovered_unenriched,False,,,Official BCIT program page links to this course page; course detail page not enriched in this run.,official_program_link_candidate
INTR4100,,,https://www.bcit.ca/courses/residential-directed-studies-2-intr-4100/,,program_matrix_link,https://www.bcit.ca/programs/residential-interiors-diploma-part-time-6140dipma/,INTR 4100,,False,False,,,,discovered_unenriched,False,,,Official BCIT program page links to this course page; course detail page not enriched in this run.,official_program_link_candidate
INTR4130,,,https://www.bcit.ca/courses/practicum-intr-4130/,,program_matrix_link,https://www.bcit.ca/programs/residential-interiors-diploma-part-time-6140dipma/,INTR 4130,,False,False,,,,discovered_unenriched,False,,,Official BCIT program page links to this course page; course detail page not enriched in this run.,official_program_link_candidate
IWKR1200,,,https://www.bcit.ca/courses/apply-safe-work-practices-iwkr-1200/,,program_matrix_link,https://www.bcit.ca/programs/ironworker-foundation-certificate-full-time-2000ttcert/,IWKR 1200,,False,False,,,,discovered_unenriched,False,,,Official BCIT program page links to this course page; course detail page not enriched in this run.,official_program_link_candidate
LIBS7015,,,https://www.bcit.ca/courses/world-mythologies-cross-cultural-perspectives-libs-7015/,,program_matrix_link,https://www.bcit.ca/programs/residential-interiors-diploma-part-time-6140dipma/,LIBS 7015,,False,False,,,,discovered_unenriched,False,,,Official BCIT program page links to this course page; course detail page not enriched in this run.,official_program_link_candidate
LIBS7016,,,https://www.bcit.ca/courses/food-and-society-meanings-desires-and-relationships-libs-7016/,,program_matrix_link,https://www.bcit.ca/programs/bachelor-of-business-administration-bachelor-of-business-administration-full-time-part-time-9975bba/,LIBS 7016,,False,False,,,,discovered_unenriched,False,,,Official BCIT program page links to this course page; course detail page not enriched in this run.,official_program_link_candidate
LIBS7023,,,https://www.bcit.ca/courses/sustainable-business-ethics-libs-7023/,,program_matrix_link,https://www.bcit.ca/programs/residential-interiors-diploma-part-time-6140dipma/,LIBS 7023,,False,False,,,,discovered_unenriched,False,,,Official BCIT program page links to this course page; course detail page not enriched in this run.,official_program_link_candidate
LIBS7027,,,https://www.bcit.ca/courses/selected-topics-in-liberal-studies-libs-7027/,,program_matrix_link,https://www.bcit.ca/programs/bachelor-of-business-administration-bachelor-of-business-administration-full-time-part-time-9975bba/,LIBS 7027,,False,False,,,,discovered_unenriched,False,,,Official BCIT program page links to this course page; course detail page not enriched in this run.,official_program_link_candidate
LIBS7102,,,https://www.bcit.ca/courses/ethics-for-computing-professionals-libs-7102/,,program_matrix_link,https://www.bcit.ca/programs/computer-systems-diploma-part-time-5500pdiplt/,LIBS 7102,,False,False,,,,discovered_unenriched,False,,,Official BCIT program page links to this course page; course detail page not enriched in this run.,official_program_link_candidate
MATH0040,,,https://www.bcit.ca/courses/mathematics-workshop-math-0040/,,program_matrix_link,https://www.bcit.ca/programs/construction-estimating-certificate-part-time-6530cert/,MATH 0040,,False,False,,,,discovered_unenriched,False,,,Official BCIT program page links to this course page; course detail page not enriched in this run.,official_program_link_candidate
MATH1061,,,https://www.bcit.ca/courses/computer-simulations-for-statistics-math-1061/,,program_matrix_link,https://www.bcit.ca/programs/computer-systems-diploma-part-time-5500pdiplt/,MATH 1061,,False,False,,,,discovered_unenriched,False,,,Official BCIT program page links to this course page; course detail page not enriched in this run.,official_program_link_candidate
MATH1350,,,https://www.bcit.ca/courses/statistics-for-information-technology-math-1350/,,program_matrix_link,https://www.bcit.ca/programs/business-analytics-graduate-certificate-full-time-a600grcert/,MATH 1350,,False,False,,,,discovered_unenriched,False,,,Official BCIT program page links to this course page; course detail page not enriched in this run.,official_program_link_candidate
MATH2453,,,https://www.bcit.ca/courses/statistics-for-natural-resources-math-2453/,,program_matrix_link,https://www.bcit.ca/programs/ecological-restoration-bachelor-of-science-full-time-part-time-8040bsc/,MATH 2453,,False,False,,,,discovered_unenriched,False,,,Official BCIT program page links to this course page; course detail page not enriched in this run.,official_program_link_candidate
MATH3499,,,https://www.bcit.ca/courses/ordinary-differential-equations-and-linear-systems-for-mechanical-engineers-math-3499/,,program_matrix_link,https://www.bcit.ca/programs/mechanical-engineering-bachelor-of-engineering-full-time-8020beng/,MATH 3499,,False,False,,,,discovered_unenriched,False,,,Official BCIT program page links to this course page; course detail page not enriched in this run.,official_program_link_candidate
MATH7100,,,https://www.bcit.ca/courses/biostatistics-for-natural-resource-managers-math-7100/,,program_matrix_link,https://www.bcit.ca/programs/ecological-restoration-bachelor-of-science-full-time-part-time-8040bsc/,MATH 7100,,False,False,,,,discovered_unenriched,False,,,Official BCIT program page links to this course page; course detail page not enriched in this run.,official_program_link_candidate
MATH7908,,,https://www.bcit.ca/courses/linear-algebra-and-applications-for-computing-math-7908/,,program_matrix_link,https://www.bcit.ca/programs/applied-computer-science-wireless-and-mobile-applications-development-option-bachelor-of-science-part-time-867fbsc/,MATH 7908,,False,False,,,,discovered_unenriched,False,,,Official BCIT program page links to this course page; course detail page not enriched in this run.,official_program_link_candidate
MDIA1040,,,https://www.bcit.ca/courses/graphics-mdia-1040/,,program_matrix_link,https://www.bcit.ca/programs/media-techniques-for-business-certificate-part-time-6450mcert/,MDIA 1040,,False,False,,,,discovered_unenriched,False,,,Official BCIT program page links to this course page; course detail page not enriched in this run.,official_program_link_candidate
MDIA1049,,,https://www.bcit.ca/courses/adobe-indesign-1-mdia-1049/,,program_matrix_link,https://www.bcit.ca/programs/media-techniques-for-business-certificate-part-time-6450mcert/,MDIA 1049,,False,False,,,,discovered_unenriched,False,,,Official BCIT program page links to this course page; course detail page not enriched in this run.,official_program_link_candidate
MDIA1105,,,https://www.bcit.ca/courses/visual-composition-and-layout-mdia-1105/,,program_matrix_link,https://www.bcit.ca/programs/media-techniques-for-business-certificate-part-time-6450mcert/,MDIA 1105,,False,False,,,,discovered_unenriched,False,,,Official BCIT program page links to this course page; course detail page not enriched in this run.,official_program_link_candidate
MDIA1106,,,https://www.bcit.ca/courses/design-1-mdia-1106/,,program_matrix_link,https://www.bcit.ca/programs/digital-media-foundations-associate-certificate-part-time-5365acert/,MDIA 1106,,False,False,,,,discovered_unenriched,False,,,Official BCIT program page links to this course page; course detail page not enriched in this run.,official_program_link_candidate
MDIA1140,,,https://www.bcit.ca/courses/color-theory-for-design-mdia-1140/,,program_matrix_link,https://www.bcit.ca/programs/media-techniques-for-business-certificate-part-time-6450mcert/,MDIA 1140,,False,False,,,,discovered_unenriched,False,,,Official BCIT program page links to this course page; course detail page not enriched in this run.,official_program_link_candidate
MDIA1160,,,https://www.bcit.ca/courses/adobe-illustrator-1-mdia-1160/,,program_matrix_link,https://www.bcit.ca/programs/media-techniques-for-business-certificate-part-time-6450mcert/,MDIA 1160,,False,False,,,,discovered_unenriched,False,,,Official BCIT program page links to this course page; course detail page not enriched in this run.,official_program_link_candidate
MDIA1180,,,https://www.bcit.ca/courses/adobe-photoshop-1-mdia-1180/,,program_matrix_link,https://www.bcit.ca/programs/media-techniques-for-business-certificate-part-time-6450mcert/,MDIA 1180,,False,False,,,,discovered_unenriched,False,,,Official BCIT program page links to this course page; course detail page not enriched in this run.,official_program_link_candidate
MDIA1920,,,https://www.bcit.ca/courses/typography-mdia-1920/,,program_matrix_link,https://www.bcit.ca/programs/media-techniques-for-business-certificate-part-time-6450mcert/,MDIA 1920,,False,False,,,,discovered_unenriched,False,,,Official BCIT program page links to this course page; course detail page not enriched in this run.,official_program_link_candidate
MDIA2003,,,https://www.bcit.ca/courses/project-1-mdia-2003/,,program_matrix_link,https://www.bcit.ca/programs/digital-media-foundations-associate-certificate-part-time-5365acert/,MDIA 2003,,False,False,,,,discovered_unenriched,False,,,Official BCIT program page links to this course page; course detail page not enriched in this run.,official_program_link_candidate
MDIA2049,,,https://www.bcit.ca/courses/adobe-indesign-2-mdia-2049/,,program_matrix_link,https://www.bcit.ca/programs/media-techniques-for-business-certificate-part-time-6450mcert/,MDIA 2049,,False,False,,,,discovered_unenriched,False,,,Official BCIT program page links to this course page; course detail page not enriched in this run.,official_program_link_candidate
MDIA2088,,,https://www.bcit.ca/courses/strategic-design-for-business-mdia-2088/,,program_matrix_link,https://www.bcit.ca/programs/media-techniques-for-business-certificate-part-time-6450mcert/,MDIA 2088,,False,False,,,,discovered_unenriched,False,,,Official BCIT program page links to this course page; course detail page not enriched in this run.,official_program_link_candidate
MDIA2180,,,https://www.bcit.ca/courses/adobe-photoshop-2-mdia-2180/,,program_matrix_link,https://www.bcit.ca/programs/media-techniques-for-business-certificate-part-time-6450mcert/,MDIA 2180,,False,False,,,,discovered_unenriched,False,,,Official BCIT program page links to this course page; course detail page not enriched in this run.,official_program_link_candidate
MDIA2190,,,https://www.bcit.ca/courses/photoshop-mdia-2190/,,program_matrix_link,https://www.bcit.ca/programs/digital-media-foundations-associate-certificate-part-time-5365acert/,MDIA 2190,,False,False,,,,discovered_unenriched,False,,,Official BCIT program page links to this course page; course detail page not enriched in this run.,official_program_link_candidate
MDIA2260,,,https://www.bcit.ca/courses/adobe-illustrator-2-mdia-2260/,,program_matrix_link,https://www.bcit.ca/programs/media-techniques-for-business-certificate-part-time-6450mcert/,MDIA 2260,,False,False,,,,discovered_unenriched,False,,,Official BCIT program page links to this course page; course detail page not enriched in this run.,official_program_link_candidate
MDIA2310,,,https://www.bcit.ca/courses/portfolio-design-mdia-2310/,,program_matrix_link,https://www.bcit.ca/programs/media-techniques-for-business-certificate-part-time-6450mcert/,MDIA 2310,,False,False,,,,discovered_unenriched,False,,,Official BCIT program page links to this course page; course detail page not enriched in this run.,official_program_link_candidate
MDIA2536,,,https://www.bcit.ca/courses/interface-design-usability-mdia-2536/,,program_matrix_link,https://www.bcit.ca/programs/digital-media-foundations-associate-certificate-part-time-5365acert/,MDIA 2536,,False,False,,,,discovered_unenriched,False,,,Official BCIT program page links to this course page; course detail page not enriched in this run.,official_program_link_candidate
MDIA3165,,,https://www.bcit.ca/courses/vector-graphics-mdia-3165/,,program_matrix_link,https://www.bcit.ca/programs/digital-media-foundations-associate-certificate-part-time-5365acert/,MDIA 3165,,False,False,,,,discovered_unenriched,False,,,Official BCIT program page links to this course page; course detail page not enriched in this run.,official_program_link_candidate
MEDI2510,,,https://www.bcit.ca/courses/advanced-fire-fighting-medi-2510/,,program_matrix_link,https://www.bcit.ca/programs/nautical-sciences-diploma-full-time-2536dipma/,MEDI 2510,,False,False,,,,discovered_unenriched,False,,,Official BCIT program page links to this course page; course detail page not enriched in this run.,official_program_link_candidate
MIMG0150,,,https://www.bcit.ca/courses/medical-terminology-for-magnetic-resonance-imaging-mimg-0150/,,program_matrix_link,https://www.bcit.ca/programs/magnetic-resonance-imaging-diploma-full-time-7975dipma/,MIMG 0150,,False,False,,,,discovered_unenriched,False,,,Official BCIT program page links to this course page; course detail page not enriched in this run.,official_program_link_candidate
MINE1017,,,https://www.bcit.ca/courses/mineral-exploration-field-safety-mine-1017/,,program_matrix_link,https://www.bcit.ca/programs/mining-and-mineral-resource-engineering-bachelor-of-engineering-full-time-8610beng/,MINE 1017,,False,False,,,,discovered_unenriched,False,,,Official BCIT program page links to this course page; course detail page not enriched in this run.,official_program_link_candidate
MKTG1017,,,https://www.bcit.ca/courses/event-marketing-mktg-1017/,,program_matrix_link,https://www.bcit.ca/programs/event-marketing-and-planning-foundations-associate-certificate-part-time-6315acert/,MKTG 1017,,False,False,,,,discovered_unenriched,False,,,Official BCIT program page links to this course page; course detail page not enriched in this run.,official_program_link_candidate
MKTG1030,,,https://www.bcit.ca/courses/leisure-travel-marketing-and-sales-mktg-1030/,,program_matrix_link,https://www.bcit.ca/programs/tourism-and-hospitality-associate-certificate-part-time-6590acert/,MKTG 1030,,False,False,,,,discovered_unenriched,False,,,Official BCIT program page links to this course page; course detail page not enriched in this run.,official_program_link_candidate
MKTG1060,,,https://www.bcit.ca/courses/tourism-entrepreneurship-mktg-1060/,,program_matrix_link,https://www.bcit.ca/programs/tourism-and-hospitality-associate-certificate-part-time-6590acert/,MKTG 1060,,False,False,,,,discovered_unenriched,False,,,Official BCIT program page links to this course page; course detail page not enriched in this run.,official_program_link_candidate
MKTG1119,,,https://www.bcit.ca/courses/sports-marketing-mktg-1119/,,program_matrix_link,https://www.bcit.ca/programs/marketing-management-professional-sales-option-certificate-part-time-630vmcert/,MKTG 1119,,False,False,,,,discovered_unenriched,False,,,Official BCIT program page links to this course page; course detail page not enriched in this run.,official_program_link_candidate
MKTG1341,,,https://www.bcit.ca/courses/sustainable-event-and-tradeshow-marketing-mktg-1341/,,program_matrix_link,https://www.bcit.ca/programs/marketing-management-fundraising-management-associate-certificate-part-time-6390acert/,MKTG 1341,,False,False,,,,discovered_unenriched,False,,,Official BCIT program page links to this course page; course detail page not enriched in this run.,official_program_link_candidate
MKTG1820,,,https://www.bcit.ca/courses/financing-for-a-new-or-growing-business-mktg-1820/,,program_matrix_link,https://www.bcit.ca/programs/marketing-management-professional-sales-option-certificate-part-time-630vmcert/,MKTG 1820,,False,False,,,,discovered_unenriched,False,,,Official BCIT program page links to this course page; course detail page not enriched in this run.,official_program_link_candidate
MKTG1822,,,https://www.bcit.ca/courses/personal-finance-fundamentals-mktg-1822/,,program_matrix_link,https://www.bcit.ca/programs/marketing-management-professional-sales-option-certificate-part-time-630vmcert/,MKTG 1822,,False,False,,,,discovered_unenriched,False,,,Official BCIT program page links to this course page; course detail page not enriched in this run.,official_program_link_candidate
MKTG2029,,,https://www.bcit.ca/courses/producing-live-events-lights-sound-video-mktg-2029/,,program_matrix_link,https://www.bcit.ca/programs/event-marketing-and-planning-foundations-associate-certificate-part-time-6315acert/,MKTG 2029,,False,False,,,,discovered_unenriched,False,,,Official BCIT program page links to this course page; course detail page not enriched in this run.,official_program_link_candidate
MKTG2525,,,https://www.bcit.ca/courses/global-marketing-mktg-2525/,,program_matrix_link,https://www.bcit.ca/programs/business-administration-general-option-diploma-part-time-703adipma/,MKTG 2525,,False,False,,,,discovered_unenriched,False,,,Official BCIT program page links to this course page; course detail page not enriched in this run.,official_program_link_candidate
MKTG2760,,,https://www.bcit.ca/courses/lumber-sales-and-marketing-mktg-2760/,,program_matrix_link,https://www.bcit.ca/programs/business-of-sawmilling-associate-certificate-part-time-5125acert/,MKTG 2760,,False,False,,,,discovered_unenriched,False,,,Official BCIT program page links to this course page; course detail page not enriched in this run.,official_program_link_candidate
MKTG3309,,,https://www.bcit.ca/courses/marketing-research-mktg-3309/,,program_matrix_link,https://www.bcit.ca/programs/business-administration-marketing-option-diploma-part-time-703edipma/,MKTG 3309,,False,False,,,,discovered_unenriched,False,,,Official BCIT program page links to this course page; course detail page not enriched in this run.,official_program_link_candidate
MKTG3332,,,https://www.bcit.ca/courses/key-account-management-mktg-3332/,,program_matrix_link,https://www.bcit.ca/programs/marketing-management-sales-skills-associate-certificate-part-time-630macert/,MKTG 3332,,False,False,,,,discovered_unenriched,False,,,Official BCIT program page links to this course page; course detail page not enriched in this run.,official_program_link_candidate
MKTG4010,,,https://www.bcit.ca/courses/marketing-management-strategic-planning-mktg-4010/,,program_matrix_link,https://www.bcit.ca/programs/business-management-advanced-diploma-advanced-diploma-full-time-part-time-5312advdip/,MKTG 4010,,False,False,,,,discovered_unenriched,False,,,Official BCIT program page links to this course page; course detail page not enriched in this run.,official_program_link_candidate
MOOC0200,,,https://www.bcit.ca/courses/indigenous-awareness-mooc-0200/,,program_matrix_link,https://www.bcit.ca/programs/fire-protection-inspection-and-testing-associate-certificate-part-time-675facert/,MOOC 0200,,False,False,,,,discovered_unenriched,False,,,Official BCIT program page links to this course page; course detail page not enriched in this run.,official_program_link_candidate
MRAD0150,,,https://www.bcit.ca/courses/medical-terminology-for-imaging-mrad-0150/,,program_matrix_link,https://www.bcit.ca/programs/medical-radiography-diploma-full-time-6635dipma/,MRAD 0150,,False,False,,,,discovered_unenriched,False,,,Official BCIT program page links to this course page; course detail page not enriched in this run.,official_program_link_candidate
MRAD5010,,,https://www.bcit.ca/courses/principles-of-radiographic-imaging-and-equipment-mrad-5010/,,program_matrix_link,https://www.bcit.ca/programs/bridging-medical-radiography-advanced-certificate-part-time-6645adcert/,MRAD 5010,,False,False,,,,discovered_unenriched,False,,,Official BCIT program page links to this course page; course detail page not enriched in this run.,official_program_link_candidate
MRAD5020,,,https://www.bcit.ca/courses/professional-practice-and-caring-for-patients-in-canada-mrad-5020/,,program_matrix_link,https://www.bcit.ca/programs/bridging-medical-radiography-advanced-certificate-part-time-6645adcert/,MRAD 5020,,False,False,,,,discovered_unenriched,False,,,Official BCIT program page links to this course page; course detail page not enriched in this run.,official_program_link_candidate
MRAD5030,,,https://www.bcit.ca/courses/canadian-radiographic-imaging-procedures-and-analysis-mrad-5030/,,program_matrix_link,https://www.bcit.ca/programs/bridging-medical-radiography-advanced-certificate-part-time-6645adcert/,MRAD 5030,,False,False,,,,discovered_unenriched,False,,,Official BCIT program page links to this course page; course detail page not enriched in this run.,official_program_link_candidate
MRAD5040,,,https://www.bcit.ca/courses/ct-imaging-equipment-procedures-and-analysis-mrad-5040/,,program_matrix_link,https://www.bcit.ca/programs/bridging-medical-radiography-advanced-certificate-part-time-6645adcert/,MRAD 5040,,False,False,,,,discovered_unenriched,False,,,Official BCIT program page links to this course page; course detail page not enriched in this run.,official_program_link_candidate
MRAD6000,,,https://www.bcit.ca/courses/applied-skills-and-clinical-preparation-mrad-6000/,,program_matrix_link,https://www.bcit.ca/programs/bridging-medical-radiography-advanced-certificate-part-time-6645adcert/,MRAD 6000,,False,False,,,,discovered_unenriched,False,,,Official BCIT program page links to this course page; course detail page not enriched in this run.,official_program_link_candidate
MRBU1000,,,https://www.bcit.ca/courses/basic-principles-in-ship-brokering-and-chartering-mrbu-1000/,,program_matrix_link,https://www.bcit.ca/programs/marine-business-essentials-microcredential-part-time-0864cm/,MRBU 1000,,False,False,,,,discovered_unenriched,False,,,Official BCIT program page links to this course page; course detail page not enriched in this run.,official_program_link_candidate
MRBU1050,,,https://www.bcit.ca/courses/introduction-to-shipping-mrbu-1050/,,program_matrix_link,https://www.bcit.ca/programs/marine-business-essentials-microcredential-part-time-0864cm/,MRBU 1050,,False,False,,,,discovered_unenriched,False,,,Official BCIT program page links to this course page; course detail page not enriched in this run.,official_program_link_candidate
MRBU1100,,,https://www.bcit.ca/courses/marine-commerce-ocean-freight-chartering-and-ship-brokering-mrbu-1100/,,program_matrix_link,https://www.bcit.ca/programs/marine-business-essentials-microcredential-part-time-0864cm/,MRBU 1100,,False,False,,,,discovered_unenriched,False,,,Official BCIT program page links to this course page; course detail page not enriched in this run.,official_program_link_candidate
MRBU1150,,,https://www.bcit.ca/courses/shipping-economics-and-business-mrbu-1150/,,program_matrix_link,https://www.bcit.ca/programs/marine-business-essentials-microcredential-part-time-0864cm/,MRBU 1150,,False,False,,,,discovered_unenriched,False,,,Official BCIT program page links to this course page; course detail page not enriched in this run.,official_program_link_candidate
MRBU1200,,,https://www.bcit.ca/courses/port-and-terminal-operations-and-intermodal-freight-distribution-mrbu-1200/,,program_matrix_link,https://www.bcit.ca/programs/marine-business-essentials-microcredential-part-time-0864cm/,MRBU 1200,,False,False,,,,discovered_unenriched,False,,,Official BCIT program page links to this course page; course detail page not enriched in this run.,official_program_link_candidate
MRBU1250,,,https://www.bcit.ca/courses/marine-insurancemarine-claims-mrbu-1250/,,program_matrix_link,https://www.bcit.ca/programs/marine-business-essentials-microcredential-part-time-0864cm/,MRBU 1250,,False,False,,,,discovered_unenriched,False,,,Official BCIT program page links to this course page; course detail page not enriched in this run.,official_program_link_candidate
MRBU1300,,,https://www.bcit.ca/courses/marine-pollution-prevention-and-management-mrbu-1300/,,program_matrix_link,https://www.bcit.ca/programs/marine-business-essentials-microcredential-part-time-0864cm/,MRBU 1300,,False,False,,,,discovered_unenriched,False,,,Official BCIT program page links to this course page; course detail page not enriched in this run.,official_program_link_candidate
MRBU1350,,,https://www.bcit.ca/courses/marine-law-mrbu-1350/,,program_matrix_link,https://www.bcit.ca/programs/marine-business-essentials-microcredential-part-time-0864cm/,MRBU 1350,,False,False,,,,discovered_unenriched,False,,,Official BCIT program page links to this course page; course detail page not enriched in this run.,official_program_link_candidate
MRBU1400,,,https://www.bcit.ca/courses/ship-and-port-agency-operations-mrbu-1400/,,program_matrix_link,https://www.bcit.ca/programs/marine-business-essentials-microcredential-part-time-0864cm/,MRBU 1400,,False,False,,,,discovered_unenriched,False,,,Official BCIT program page links to this course page; course detail page not enriched in this run.,official_program_link_candidate
MRBU2000,,,https://www.bcit.ca/courses/enhanced-principles-in-ship-brokering-and-chartering-mrbu-2000/,,program_matrix_link,https://www.bcit.ca/programs/marine-business-essentials-microcredential-part-time-0864cm/,MRBU 2000,,False,False,,,,discovered_unenriched,False,,,Official BCIT program page links to this course page; course detail page not enriched in this run.,official_program_link_candidate
MSYS3060,,,https://www.bcit.ca/courses/renewable-energy-systems-1-msys-3060/,,program_matrix_link,https://www.bcit.ca/programs/mechanical-systems-associate-certificate-part-time-6760acert/,MSYS 3060,,False,False,,,,discovered_unenriched,False,,,Official BCIT program page links to this course page; course detail page not enriched in this run.,official_program_link_candidate
MZEB1110,,,https://www.bcit.ca/courses/teca-quality-first-heat-loss-and-heat-gain-calculations-mzeb-1110/,,program_matrix_link,https://www.bcit.ca/programs/residential-air-to-air-heat-pump-specialist-microcredential-part-time-0862cm/,MZEB 1110,,False,False,,,,discovered_unenriched,False,,,Official BCIT program page links to this course page; course detail page not enriched in this run.,official_program_link_candidate
MZEB1120,,,https://www.bcit.ca/courses/teca-quality-first-principles-of-moving-air-mzeb-1120/,,program_matrix_link,https://www.bcit.ca/programs/residential-air-to-air-heat-pump-specialist-microcredential-part-time-0862cm/,MZEB 1120,,False,False,,,,discovered_unenriched,False,,,Official BCIT program page links to this course page; course detail page not enriched in this run.,official_program_link_candidate
MZEB2111,,,https://www.bcit.ca/courses/air-to-air-heat-pump-design-residential-mzeb-2111/,,program_matrix_link,https://www.bcit.ca/programs/residential-air-to-air-heat-pump-specialist-microcredential-part-time-0862cm/,MZEB 2111,,False,False,,,,discovered_unenriched,False,,,Official BCIT program page links to this course page; course detail page not enriched in this run.,official_program_link_candidate
MZEB3120,,,https://www.bcit.ca/courses/residential-air-source-heat-pump-installation-for-refrigeration-and-air-conditioning-mechanics-mzeb-3120/,,program_matrix_link,https://www.bcit.ca/programs/residential-air-to-air-heat-pump-specialist-microcredential-part-time-0862cm/,MZEB 3120,,False,False,,,,discovered_unenriched,False,,,Official BCIT program page links to this course page; course detail page not enriched in this run.,official_program_link_candidate
NAUT1805,,,https://www.bcit.ca/courses/communications-1-naut-1805/,,program_matrix_link,https://www.bcit.ca/programs/watchkeeping-mate-near-coastal-wkmnc-certificate-part-time-2542certts/,NAUT 1805,,False,False,,,,discovered_unenriched,False,,,Official BCIT program page links to this course page; course detail page not enriched in this run.,official_program_link_candidate
NAUT1809,,,https://www.bcit.ca/courses/communications-2-naut-1809/,,program_matrix_link,https://www.bcit.ca/programs/watchkeeping-mate-near-coastal-wkmnc-certificate-part-time-2542certts/,NAUT 1809,,False,False,,,,discovered_unenriched,False,,,Official BCIT program page links to this course page; course detail page not enriched in this run.,official_program_link_candidate
NAUT1835,,,https://www.bcit.ca/courses/deviascope-naut-1835/,,program_matrix_link,https://www.bcit.ca/programs/chief-mate-certificate-part-time-2020certts/,NAUT 1835,,False,False,,,,discovered_unenriched,False,,,Official BCIT program page links to this course page; course detail page not enriched in this run.,official_program_link_candidate
NAUT1840,,,https://www.bcit.ca/courses/ns-1-navigation-safety-1-naut-1840/,,program_matrix_link,https://www.bcit.ca/programs/watchkeeping-mate-near-coastal-wkmnc-certificate-part-time-2542certts/,NAUT 1840,,False,False,,,,discovered_unenriched,False,,,Official BCIT program page links to this course page; course detail page not enriched in this run.,official_program_link_candidate
NAUT1845,,,https://www.bcit.ca/courses/navigation-safety-2-naut-1845/,,program_matrix_link,https://www.bcit.ca/programs/master-3000gt-domestic-certificate-part-time-2522certts/,NAUT 1845,,False,False,,,,discovered_unenriched,False,,,Official BCIT program page links to this course page; course detail page not enriched in this run.,official_program_link_candidate
NAUT1850,,,https://www.bcit.ca/courses/met-1-meteorology-1-naut-1850/,,program_matrix_link,https://www.bcit.ca/programs/watchkeeping-mate-near-coastal-wkmnc-certificate-part-time-2542certts/,NAUT 1850,,False,False,,,,discovered_unenriched,False,,,Official BCIT program page links to this course page; course detail page not enriched in this run.,official_program_link_candidate
NAUT1855,,,https://www.bcit.ca/courses/meteorology-2-naut-1855/,,program_matrix_link,https://www.bcit.ca/programs/master-3000gt-domestic-certificate-part-time-2522certts/,NAUT 1855,,False,False,,,,discovered_unenriched,False,,,Official BCIT program page links to this course page; course detail page not enriched in this run.,official_program_link_candidate
NAUT1856,,,https://www.bcit.ca/courses/ship-management-2-naut-1856/,,program_matrix_link,https://www.bcit.ca/programs/master-500gt-domestic-associate-certificate-part-time-2515acerts/,NAUT 1856,,False,False,,,,discovered_unenriched,False,,,Official BCIT program page links to this course page; course detail page not enriched in this run.,official_program_link_candidate
NAUT1864,,,https://www.bcit.ca/courses/scs-4-ship-construction-and-stability-4-naut-1864/,,program_matrix_link,https://www.bcit.ca/programs/watchkeeping-mate-near-coastal-wkmnc-certificate-part-time-2542certts/,NAUT 1864,,False,False,,,,discovered_unenriched,False,,,Official BCIT program page links to this course page; course detail page not enriched in this run.,official_program_link_candidate
NAUT1876,,,https://www.bcit.ca/courses/cargo-1-naut-1876/,,program_matrix_link,https://www.bcit.ca/programs/master-500gt-domestic-associate-certificate-part-time-2515acerts/,NAUT 1876,,False,False,,,,discovered_unenriched,False,,,Official BCIT program page links to this course page; course detail page not enriched in this run.,official_program_link_candidate
NAUT1877,,,https://www.bcit.ca/courses/cg2-cargo-2-naut-1877/,,program_matrix_link,https://www.bcit.ca/programs/watchkeeping-mate-near-coastal-wkmnc-certificate-part-time-2542certts/,NAUT 1877,,False,False,,,,discovered_unenriched,False,,,Official BCIT program page links to this course page; course detail page not enriched in this run.,official_program_link_candidate
NAUT1882,,,https://www.bcit.ca/courses/general-seamanship-watchkeeping-mate-near-coastal-naut-1882/,,program_matrix_link,https://www.bcit.ca/programs/watchkeeping-mate-near-coastal-wkmnc-certificate-part-time-2542certts/,NAUT 1882,,False,False,,,,discovered_unenriched,False,,,Official BCIT program page links to this course page; course detail page not enriched in this run.,official_program_link_candidate
NAUT1885,,,https://www.bcit.ca/courses/general-seamanship-chief-mate-naut-1885/,,program_matrix_link,https://www.bcit.ca/programs/chief-mate-certificate-part-time-2020certts/,NAUT 1885,,False,False,,,,discovered_unenriched,False,,,Official BCIT program page links to this course page; course detail page not enriched in this run.,official_program_link_candidate
NAUT1886,,,https://www.bcit.ca/courses/general-seamanship-master-150gt-domestic-naut-1886/,,program_matrix_link,https://www.bcit.ca/programs/master-150gt-domestic-associate-certificate-part-time-2505acerts/,NAUT 1886,,False,False,,,,discovered_unenriched,False,,,Official BCIT program page links to this course page; course detail page not enriched in this run.,official_program_link_candidate
NAUT1887,,,https://www.bcit.ca/courses/general-seamanship-master-500-gt-domestic-naut-1887/,,program_matrix_link,https://www.bcit.ca/programs/master-500gt-domestic-associate-certificate-part-time-2515acerts/,NAUT 1887,,False,False,,,,discovered_unenriched,False,,,Official BCIT program page links to this course page; course detail page not enriched in this run.,official_program_link_candidate
NAUT1888,,,https://www.bcit.ca/courses/general-seamanship-master-3000-gt-domestic-naut-1888/,,program_matrix_link,https://www.bcit.ca/programs/master-3000gt-domestic-certificate-part-time-2522certts/,NAUT 1888,,False,False,,,,discovered_unenriched,False,,,Official BCIT program page links to this course page; course detail page not enriched in this run.,official_program_link_candidate
NDTE1155,,,https://www.bcit.ca/courses/ndte1155/,,program_matrix_link,https://www.bcit.ca/programs/non-destructive-testing-statement-of-completion-part-time-5025nobcit/,NDTE 1155,,False,False,,,,discovered_unenriched,False,,,Official BCIT program page links to this course page; course detail page not enriched in this run.,official_program_link_candidate
NDTE1170,,,https://www.bcit.ca/courses/ultrasonics-level-1-ndte-1170/,,program_matrix_link,https://www.bcit.ca/programs/non-destructive-testing-statement-of-completion-part-time-5025nobcit/,NDTE 1170,,False,False,,,,discovered_unenriched,False,,,Official BCIT program page links to this course page; course detail page not enriched in this run.,official_program_link_candidate
NDTE2170,,,https://www.bcit.ca/courses/ultrasonics-level-2-ndte-2170/,,program_matrix_link,https://www.bcit.ca/programs/non-destructive-testing-statement-of-completion-part-time-5025nobcit/,NDTE 2170,,False,False,,,,discovered_unenriched,False,,,Official BCIT program page links to this course page; course detail page not enriched in this run.,official_program_link_candidate
NDTE2177,,,https://www.bcit.ca/courses/liquid-penetrant-inspection-levels-1-and-2-ndte-2177/,,program_matrix_link,https://www.bcit.ca/programs/non-destructive-testing-statement-of-completion-part-time-5025nobcit/,NDTE 2177,,False,False,,,,discovered_unenriched,False,,,Official BCIT program page links to this course page; course detail page not enriched in this run.,official_program_link_candidate
NDTE2178,,,https://www.bcit.ca/courses/magnetic-particle-inspection-levels-1-and-2-ndte-2178/,,program_matrix_link,https://www.bcit.ca/programs/non-destructive-testing-statement-of-completion-part-time-5025nobcit/,NDTE 2178,,False,False,,,,discovered_unenriched,False,,,Official BCIT program page links to this course page; course detail page not enriched in this run.,official_program_link_candidate
NMED0150,,,https://www.bcit.ca/courses/medical-terminology-for-nuclear-medicine-nmed-0150/,,program_matrix_link,https://www.bcit.ca/programs/nuclear-medicine-diploma-full-time-6705dipma/,NMED 0150,,False,False,,,,discovered_unenriched,False,,,Official BCIT program page links to this course page; course detail page not enriched in this run.,official_program_link_candidate
NPMA1700,,,https://www.bcit.ca/courses/financial-management-for-nonprofit-organizations-npma-1700/,,program_matrix_link,https://www.bcit.ca/programs/nonprofit-management-associate-certificate-part-time-6310acert/,NPMA 1700,,False,False,,,,discovered_unenriched,False,,,Official BCIT program page links to this course page; course detail page not enriched in this run.,official_program_link_candidate
NSER7250,,,https://www.bcit.ca/courses/advanced-cardiac-life-support-nser-7250/,,program_matrix_link,https://www.bcit.ca/programs/specialty-nursing-emergency-standard-option-bachelor-of-science-in-nursing-part-time-810bbsn/,NSER 7250,,False,False,,,,discovered_unenriched,False,,,Official BCIT program page links to this course page; course detail page not enriched in this run.,official_program_link_candidate
NSER7650,,,https://www.bcit.ca/courses/pediatric-advanced-life-support-nser-7650/,,program_matrix_link,https://www.bcit.ca/programs/pediatric-emergency-nursing-specialty-advanced-certificate-part-time-6835adcert/,NSER 7650,,False,False,,,,discovered_unenriched,False,,,Official BCIT program page links to this course page; course detail page not enriched in this run.,official_program_link_candidate
NSPE7370,,,https://www.bcit.ca/courses/pediatric-anesthesia-care-nursing-preceptorship-1-nspe-7370/,,program_matrix_link,https://www.bcit.ca/programs/pediatric-nursing-specialty-anesthesia-care-option-advanced-certificate-part-time-681badcert/,NSPE 7370,,False,False,,,,discovered_unenriched,False,,,Official BCIT program page links to this course page; course detail page not enriched in this run.,official_program_link_candidate
NSPE7390,,,https://www.bcit.ca/courses/pediatric-anesthesia-care-nursing-preceptorship-2-nspe-7390/,,program_matrix_link,https://www.bcit.ca/programs/pediatric-nursing-specialty-anesthesia-care-option-advanced-certificate-part-time-681badcert/,NSPE 7390,,False,False,,,,discovered_unenriched,False,,,Official BCIT program page links to this course page; course detail page not enriched in this run.,official_program_link_candidate
NSPE7410,,,https://www.bcit.ca/courses/pediatric-cc-preceptorship-2-nspe-7410/,,program_matrix_link,https://www.bcit.ca/programs/specialty-nursing-pediatric-critical-care-option-bachelor-of-science-in-nursing-part-time-810qbsn/,NSPE 7410,,False,False,,,,discovered_unenriched,False,,,Official BCIT program page links to this course page; course detail page not enriched in this run.,official_program_link_candidate
NSPN7400,,,https://www.bcit.ca/courses/perinatal-theory-3-childbearing-families-nspn-7400/,,program_matrix_link,https://www.bcit.ca/programs/specialty-nursing-perinatal-perioperative-option-bachelor-of-science-in-nursing-part-time-810sbsn/,NSPN 7400,,False,False,,,,discovered_unenriched,False,,,Official BCIT program page links to this course page; course detail page not enriched in this run.,official_program_link_candidate
NSPN7750,,,https://www.bcit.ca/courses/sexual-health-rehabilitation-prostate-cancer-nspn-7750/,,program_matrix_link,https://www.bcit.ca/programs/specialty-nursing-perinatal-standard-option-bachelor-of-science-in-nursing-part-time-810gbsn/,NSPN 7750,,False,False,,,,discovered_unenriched,False,,,Official BCIT program page links to this course page; course detail page not enriched in this run.,official_program_link_candidate
NSPN7755,,,https://www.bcit.ca/courses/sexual-health-rehabilitation-prostate-cancer-and-sexual-health-mentorship-nspn-7755/,,program_matrix_link,https://www.bcit.ca/programs/specialty-nursing-perinatal-standard-option-bachelor-of-science-in-nursing-part-time-810gbsn/,NSPN 7755,,False,False,,,,discovered_unenriched,False,,,Official BCIT program page links to this course page; course detail page not enriched in this run.,official_program_link_candidate
NSPO7230,,,https://www.bcit.ca/courses/perioperative-perinatal-theory-1-the-nurse-in-the-scrub-role-nspo-7230/,,program_matrix_link,https://www.bcit.ca/programs/specialty-nursing-perinatal-perioperative-option-bachelor-of-science-in-nursing-part-time-810sbsn/,NSPO 7230,,False,False,,,,discovered_unenriched,False,,,Official BCIT program page links to this course page; course detail page not enriched in this run.,official_program_link_candidate
NSPO7251,,,https://www.bcit.ca/courses/perioperative-theory-2-with-aorn-periop-101-the-nurse-in-the-scrub-role-nspo-7251/,,program_matrix_link,https://www.bcit.ca/programs/specialty-nursing-perioperative-bachelor-of-science-in-nursing-part-time-810hbsn/,NSPO 7251,,False,False,,,,discovered_unenriched,False,,,Official BCIT program page links to this course page; course detail page not enriched in this run.,official_program_link_candidate
NSPO7330,,,https://www.bcit.ca/courses/perioperative-clinical-1-perioperative-perinatal-nursing-clinical-nspo-7330/,,program_matrix_link,https://www.bcit.ca/programs/specialty-nursing-perinatal-perioperative-option-bachelor-of-science-in-nursing-part-time-810sbsn/,NSPO 7330,,False,False,,,,discovered_unenriched,False,,,Official BCIT program page links to this course page; course detail page not enriched in this run.,official_program_link_candidate
NSPO7350,,,https://www.bcit.ca/courses/perioperative-clinical-1-implementing-the-scrub-nurse-role-nspo-7350/,,program_matrix_link,https://www.bcit.ca/programs/specialty-nursing-perioperative-bachelor-of-science-in-nursing-part-time-810hbsn/,NSPO 7350,,False,False,,,,discovered_unenriched,False,,,Official BCIT program page links to this course page; course detail page not enriched in this run.,official_program_link_candidate
NSPO7430,,,https://www.bcit.ca/courses/perioperative-perinatal-theory-2-the-nurse-in-the-circulating-role-nspo-7430/,,program_matrix_link,https://www.bcit.ca/programs/specialty-nursing-perinatal-perioperative-option-bachelor-of-science-in-nursing-part-time-810sbsn/,NSPO 7430,,False,False,,,,discovered_unenriched,False,,,Official BCIT program page links to this course page; course detail page not enriched in this run.,official_program_link_candidate
NSPO7451,,,https://www.bcit.ca/courses/perioperative-theory-3-with-aorn-periop-101-the-nurse-in-the-circulating-role-nspo-7451/,,program_matrix_link,https://www.bcit.ca/programs/specialty-nursing-perioperative-bachelor-of-science-in-nursing-part-time-810hbsn/,NSPO 7451,,False,False,,,,discovered_unenriched,False,,,Official BCIT program page links to this course page; course detail page not enriched in this run.,official_program_link_candidate
NSPO7540,,,https://www.bcit.ca/courses/lpn-perioperative-clinical-2-implementing-the-circulating-nurse-role-nspo-7540/,,program_matrix_link,https://www.bcit.ca/programs/specialty-nursing-perioperative-bachelor-of-science-in-nursing-part-time-810hbsn/,NSPO 7540,,False,False,,,,discovered_unenriched,False,,,Official BCIT program page links to this course page; course detail page not enriched in this run.,official_program_link_candidate
NSPO7550,,,https://www.bcit.ca/courses/perioperative-clinical-2-implementing-the-circulating-nurse-role-nspo-7550/,,program_matrix_link,https://www.bcit.ca/programs/specialty-nursing-perioperative-bachelor-of-science-in-nursing-part-time-810hbsn/,NSPO 7550,,False,False,,,,discovered_unenriched,False,,,Official BCIT program page links to this course page; course detail page not enriched in this run.,official_program_link_candidate
NSPO7740,,,https://www.bcit.ca/courses/lpn-perioperative-clinical-3-advancing-scrub-and-circulating-nurse-roles-nspo-7740/,,program_matrix_link,https://www.bcit.ca/programs/specialty-nursing-perioperative-bachelor-of-science-in-nursing-part-time-810hbsn/,NSPO 7740,,False,False,,,,discovered_unenriched,False,,,Official BCIT program page links to this course page; course detail page not enriched in this run.,official_program_link_candidate
NSPO7750,,,https://www.bcit.ca/courses/perioperative-clinical-3-integrated-perioperative-nursing-practice-nspo-7750/,,program_matrix_link,https://www.bcit.ca/programs/specialty-nursing-perioperative-bachelor-of-science-in-nursing-part-time-810hbsn/,NSPO 7750,,False,False,,,,discovered_unenriched,False,,,Official BCIT program page links to this course page; course detail page not enriched in this run.,official_program_link_candidate
NSSC8110,,,https://www.bcit.ca/courses/independent-study-in-specialty-nursing-nssc-8110/,,program_matrix_link,https://www.bcit.ca/programs/specialty-nursing-perioperative-bachelor-of-science-in-nursing-part-time-810hbsn/,NSSC 8110,,False,False,,,,discovered_unenriched,False,,,Official BCIT program page links to this course page; course detail page not enriched in this run.,official_program_link_candidate
NSSC8120,,,https://www.bcit.ca/courses/independent-study-in-specialty-nursing-nssc-8120/,,program_matrix_link,https://www.bcit.ca/programs/specialty-nursing-perioperative-bachelor-of-science-in-nursing-part-time-810hbsn/,NSSC 8120,,False,False,,,,discovered_unenriched,False,,,Official BCIT program page links to this course page; course detail page not enriched in this run.,official_program_link_candidate
NSSC8130,,,https://www.bcit.ca/courses/independent-study-in-specialty-nursing-nssc-8130/,,program_matrix_link,https://www.bcit.ca/programs/specialty-nursing-perioperative-bachelor-of-science-in-nursing-part-time-810hbsn/,NSSC 8130,,False,False,,,,discovered_unenriched,False,,,Official BCIT program page links to this course page; course detail page not enriched in this run.,official_program_link_candidate
NSSC8160,,,https://www.bcit.ca/courses/independent-study-in-specialty-nursing-nssc-8160/,,program_matrix_link,https://www.bcit.ca/programs/specialty-nursing-perioperative-bachelor-of-science-in-nursing-part-time-810hbsn/,NSSC 8160,,False,False,,,,discovered_unenriched,False,,,Official BCIT program page links to this course page; course detail page not enriched in this run.,official_program_link_candidate
NSSC8800,,,https://www.bcit.ca/courses/community-nursing-facilitating-health-action-nssc-8800/,,program_matrix_link,https://www.bcit.ca/programs/specialty-nursing-perioperative-bachelor-of-science-in-nursing-part-time-810hbsn/,NSSC 8800,,False,False,,,,discovered_unenriched,False,,,Official BCIT program page links to this course page; course detail page not enriched in this run.,official_program_link_candidate
OCHS2440,,,https://www.bcit.ca/courses/emergency-preparedness-and-response-ochs-2440/,,program_matrix_link,https://www.bcit.ca/programs/occupational-health-and-safety-practitioners-associate-certificate-part-time-5755acert/,OCHS 2440,,False,False,,,,discovered_unenriched,False,,,Official BCIT program page links to this course page; course detail page not enriched in this run.,official_program_link_candidate
OCHS4340,,,https://www.bcit.ca/courses/occupational-hygiene-lab-ochs-4340/,,program_matrix_link,https://www.bcit.ca/programs/occupational-health-and-safety-practitioners-associate-certificate-part-time-5755acert/,OCHS 4340,,False,False,,,,discovered_unenriched,False,,,Official BCIT program page links to this course page; course detail page not enriched in this run.,official_program_link_candidate
OCHS4440,,,https://www.bcit.ca/courses/fire-safety-systems-ochs-4440/,,program_matrix_link,https://www.bcit.ca/programs/occupational-health-and-safety-practitioners-associate-certificate-part-time-5755acert/,OCHS 4440,,False,False,,,,discovered_unenriched,False,,,Official BCIT program page links to this course page; course detail page not enriched in this run.,official_program_link_candidate
OPMT0023,,,https://www.bcit.ca/courses/business-math-refresher-opmt-0023/,,program_matrix_link,https://www.bcit.ca/programs/strategic-human-resources-management-diploma-full-time-6290dipma/,OPMT 0023,,False,False,,,,discovered_unenriched,False,,,Official BCIT program page links to this course page; course detail page not enriched in this run.,official_program_link_candidate
OPMT1105,,,https://www.bcit.ca/courses/engineering-economics-opmt-1105/,,program_matrix_link,https://www.bcit.ca/programs/operations-management-industrial-engineering-option-certificate-part-time-690amcert/,OPMT 1105,,False,False,,,,discovered_unenriched,False,,,Official BCIT program page links to this course page; course detail page not enriched in this run.,official_program_link_candidate
OPMT1142,,,https://www.bcit.ca/courses/introduction-to-quality-control-methods-opmt-1142/,,program_matrix_link,https://www.bcit.ca/programs/operations-management-industrial-engineering-option-certificate-part-time-690amcert/,OPMT 1142,,False,False,,,,discovered_unenriched,False,,,Official BCIT program page links to this course page; course detail page not enriched in this run.,official_program_link_candidate
OPMT1197,,,https://www.bcit.ca/courses/statistics-for-business-and-industry-opmt-1197/,,program_matrix_link,https://www.bcit.ca/programs/business-analytics-graduate-certificate-full-time-a600grcert/,OPMT 1197,,False,False,,,,discovered_unenriched,False,,,Official BCIT program page links to this course page; course detail page not enriched in this run.,official_program_link_candidate
OPMT2206,,,https://www.bcit.ca/courses/quality-assurance-2-manufacturing-opmt-2206/,,program_matrix_link,https://www.bcit.ca/programs/operations-management-industrial-engineering-option-certificate-part-time-690amcert/,OPMT 2206,,False,False,,,,discovered_unenriched,False,,,Official BCIT program page links to this course page; course detail page not enriched in this run.,official_program_link_candidate
OPMT2242,,,https://www.bcit.ca/courses/intermediate-quality-control-methods-opmt-2242/,,program_matrix_link,https://www.bcit.ca/programs/operations-management-industrial-engineering-option-certificate-part-time-690amcert/,OPMT 2242,,False,False,,,,discovered_unenriched,False,,,Official BCIT program page links to this course page; course detail page not enriched in this run.,official_program_link_candidate
OPMT2287,,,https://www.bcit.ca/courses/project-cost-estimating-opmt-2287/,,program_matrix_link,https://www.bcit.ca/programs/operations-management-industrial-engineering-option-certificate-part-time-690amcert/,OPMT 2287,,False,False,,,,discovered_unenriched,False,,,Official BCIT program page links to this course page; course detail page not enriched in this run.,official_program_link_candidate
OPMT2520,,,https://www.bcit.ca/courses/needs-assessment-and-planning-opmt-2520/,,program_matrix_link,https://www.bcit.ca/programs/business-analysis-associate-certificate-part-time-5205acert/,OPMT 2520,,False,False,,,,discovered_unenriched,False,,,Official BCIT program page links to this course page; course detail page not enriched in this run.,official_program_link_candidate
OPMT2530,,,https://www.bcit.ca/courses/stakeholder-engagement-and-requirements-definition-opmt-2530/,,program_matrix_link,https://www.bcit.ca/programs/business-analysis-associate-certificate-part-time-5205acert/,OPMT 2530,,False,False,,,,discovered_unenriched,False,,,Official BCIT program page links to this course page; course detail page not enriched in this run.,official_program_link_candidate
OPMT2540,,,https://www.bcit.ca/courses/requirements-lifecycle-management-opmt-2540/,,program_matrix_link,https://www.bcit.ca/programs/business-analysis-associate-certificate-part-time-5205acert/,OPMT 2540,,False,False,,,,discovered_unenriched,False,,,Official BCIT program page links to this course page; course detail page not enriched in this run.,official_program_link_candidate
OPMT2550,,,https://www.bcit.ca/courses/requirements-analysis-and-solution-evaluation-opmt-2550/,,program_matrix_link,https://www.bcit.ca/programs/business-analysis-associate-certificate-part-time-5205acert/,OPMT 2550,,False,False,,,,discovered_unenriched,False,,,Official BCIT program page links to this course page; course detail page not enriched in this run.,official_program_link_candidate
OPMT2710,,,https://www.bcit.ca/courses/advanced-lean-concepts-opmt-2710/,,program_matrix_link,https://www.bcit.ca/programs/operations-management-materials-management-option-certificate-part-time-690dmcert/,OPMT 2710,,False,False,,,,discovered_unenriched,False,,,Official BCIT program page links to this course page; course detail page not enriched in this run.,official_program_link_candidate
OPMT2740,,,https://www.bcit.ca/courses/lean-green-belt-certification-part-1-opmt-2740/,,program_matrix_link,https://www.bcit.ca/programs/lean-six-sigma-principles-associate-certificate-part-time-6265acert/,OPMT 2740,,False,False,,,,discovered_unenriched,False,,,Official BCIT program page links to this course page; course detail page not enriched in this run.,official_program_link_candidate
OPMT2750,,,https://www.bcit.ca/courses/lean-green-belt-certification-part-2-opmt-2750/,,program_matrix_link,https://www.bcit.ca/programs/lean-six-sigma-principles-associate-certificate-part-time-6265acert/,OPMT 2750,,False,False,,,,discovered_unenriched,False,,,Official BCIT program page links to this course page; course detail page not enriched in this run.,official_program_link_candidate
OPMT3301,,,https://www.bcit.ca/courses/quantitative-methods-for-business-opmt-3301/,,program_matrix_link,https://www.bcit.ca/programs/financial-management-professional-accounting-option-certificate-part-time-585fmcert/,OPMT 3301,,False,False,,,,discovered_unenriched,False,,,Official BCIT program page links to this course page; course detail page not enriched in this run.,official_program_link_candidate
OPMT3510,,,https://www.bcit.ca/courses/business-math-for-managers-opmt-3510/,,program_matrix_link,https://www.bcit.ca/programs/business-management-advanced-diploma-advanced-diploma-full-time-part-time-5312advdip/,OPMT 3510,,False,False,,,,discovered_unenriched,False,,,Official BCIT program page links to this course page; course detail page not enriched in this run.,official_program_link_candidate
OPMT5310,,,https://www.bcit.ca/courses/sustainability-management-systems-for-business-leaders-opmt-5310/,,program_matrix_link,https://www.bcit.ca/programs/sustainable-business-leadership-advanced-diploma-part-time-5180padvdip/,OPMT 5310,,False,False,,,,discovered_unenriched,False,,,Official BCIT program page links to this course page; course detail page not enriched in this run.,official_program_link_candidate
OPMT5320,,,https://www.bcit.ca/courses/sustainable-process-improvement-and-design-opmt-5320/,,program_matrix_link,https://www.bcit.ca/programs/sustainable-business-leadership-advanced-diploma-part-time-5180padvdip/,OPMT 5320,,False,False,,,,discovered_unenriched,False,,,Official BCIT program page links to this course page; course detail page not enriched in this run.,official_program_link_candidate
ORGB5230,,,https://www.bcit.ca/courses/sustainable-change-management-and-leadership-orgb-5230/,,program_matrix_link,https://www.bcit.ca/programs/sustainable-business-leadership-advanced-diploma-part-time-5180padvdip/,ORGB 5230,,False,False,,,,discovered_unenriched,False,,,Official BCIT program page links to this course page; course detail page not enriched in this run.,official_program_link_candidate
PEMA2010,,,https://www.bcit.ca/courses/human-resources-management-for-the-maintenance-manager-pema-2010/,,program_matrix_link,https://www.bcit.ca/programs/maintenance-management-professional-statement-of-completion-part-time-5020nobcit/,PEMA 2010,,False,False,,,,discovered_unenriched,False,,,Official BCIT program page links to this course page; course detail page not enriched in this run.,official_program_link_candidate
PEMA2020,,,https://www.bcit.ca/courses/financial-management-for-the-maintenance-manager-pema-2020/,,program_matrix_link,https://www.bcit.ca/programs/maintenance-management-professional-statement-of-completion-part-time-5020nobcit/,PEMA 2020,,False,False,,,,discovered_unenriched,False,,,Official BCIT program page links to this course page; course detail page not enriched in this run.,official_program_link_candidate
PEMA3011,,,https://www.bcit.ca/courses/maintenance-work-management-pema-3011/,,program_matrix_link,https://www.bcit.ca/programs/maintenance-management-professional-statement-of-completion-part-time-5020nobcit/,PEMA 3011,,False,False,,,,discovered_unenriched,False,,,Official BCIT program page links to this course page; course detail page not enriched in this run.,official_program_link_candidate
PEMA3020,,,https://www.bcit.ca/courses/maintenance-information-management-pema-3020/,,program_matrix_link,https://www.bcit.ca/programs/maintenance-management-professional-statement-of-completion-part-time-5020nobcit/,PEMA 3020,,False,False,,,,discovered_unenriched,False,,,Official BCIT program page links to this course page; course detail page not enriched in this run.,official_program_link_candidate
POLY1010,,,https://www.bcit.ca/courses/instructional-strategies-poly-1010/,,program_matrix_link,https://www.bcit.ca/programs/polytechnic-teaching-associate-certificate-part-time-5175acert/,POLY 1010,,False,False,,,,discovered_unenriched,False,,,Official BCIT program page links to this course page; course detail page not enriched in this run.,official_program_link_candidate
POLY1025,,,https://www.bcit.ca/courses/fostering-learning-online-poly-1025/,,program_matrix_link,https://www.bcit.ca/programs/polytechnic-teaching-associate-certificate-part-time-5175acert/,POLY 1025,,False,False,,,,discovered_unenriched,False,,,Official BCIT program page links to this course page; course detail page not enriched in this run.,official_program_link_candidate
POLY1030,,,https://www.bcit.ca/courses/reflective-professional-practice-poly-1030/,,program_matrix_link,https://www.bcit.ca/programs/polytechnic-teaching-associate-certificate-part-time-5175acert/,POLY 1030,,False,False,,,,discovered_unenriched,False,,,Official BCIT program page links to this course page; course detail page not enriched in this run.,official_program_link_candidate
POWX3110,,,https://www.bcit.ca/courses/advanced-thermal-power-plant-simulation-powx-3110/,,program_matrix_link,https://www.bcit.ca/programs/thermal-power-plant-simulation-proficiency-microcredential-part-time-0855cm/,POWX 3110,,False,False,,,,discovered_unenriched,False,,,Official BCIT program page links to this course page; course detail page not enriched in this run.,official_program_link_candidate
PPGS0106,,,https://www.bcit.ca/courses/cross-connection-control-program-manager-specialist-ppgs-0106/,,program_matrix_link,https://www.bcit.ca/programs/hydronic-technician-associate-certificate-part-time-1790acert/,PPGS 0106,,False,False,,,,discovered_unenriched,False,,,Official BCIT program page links to this course page; course detail page not enriched in this run.,official_program_link_candidate
PPGS0120,,,https://www.bcit.ca/courses/gas-appliance-certificate-of-qualification-program-ppgs-0120/,,program_matrix_link,https://www.bcit.ca/programs/hydronic-technician-associate-certificate-part-time-1790acert/,PPGS 0120,,False,False,,,,discovered_unenriched,False,,,Official BCIT program page links to this course page; course detail page not enriched in this run.,official_program_link_candidate
PPGS0121,,,https://www.bcit.ca/courses/servicing-gas-forced-air-furnaces-ppgs-0121/,,program_matrix_link,https://www.bcit.ca/programs/hydronic-technician-associate-certificate-part-time-1790acert/,PPGS 0121,,False,False,,,,discovered_unenriched,False,,,Official BCIT program page links to this course page; course detail page not enriched in this run.,official_program_link_candidate
PPGS0124,,,https://www.bcit.ca/courses/national-plumbing-code-refresher-ppgs-0124/,,program_matrix_link,https://www.bcit.ca/programs/plumber-apprenticeship-full-time-4160appr/,PPGS 0124,,False,False,,,,discovered_unenriched,False,,,Official BCIT program page links to this course page; course detail page not enriched in this run.,official_program_link_candidate
PPGS0125,,,https://www.bcit.ca/courses/plumbing-residential-ppgs-0125/,,program_matrix_link,https://www.bcit.ca/programs/hydronic-technician-associate-certificate-part-time-1790acert/,PPGS 0125,,False,False,,,,discovered_unenriched,False,,,Official BCIT program page links to this course page; course detail page not enriched in this run.,official_program_link_candidate
PPGS0200,,,https://www.bcit.ca/courses/industrial-gas-fitter-a-license-ppgs-0200/,,program_matrix_link,https://www.bcit.ca/programs/plumber-apprenticeship-full-time-4160appr/,PPGS 0200,,False,False,,,,discovered_unenriched,False,,,Official BCIT program page links to this course page; course detail page not enriched in this run.,official_program_link_candidate
PPGS0220,,,https://www.bcit.ca/courses/plumbing-interprovincial-training-ppgs-0220/,,program_matrix_link,https://www.bcit.ca/programs/plumber-apprenticeship-full-time-4160appr/,PPGS 0220,,False,False,,,,discovered_unenriched,False,,,Official BCIT program page links to this course page; course detail page not enriched in this run.,official_program_link_candidate
PPGS0225,,,https://www.bcit.ca/courses/plumbing-apprenticeship-i-p-refresher-ppgs-0225/,,program_matrix_link,https://www.bcit.ca/programs/hydronic-technician-associate-certificate-part-time-1790acert/,PPGS 0225,,False,False,,,,discovered_unenriched,False,,,Official BCIT program page links to this course page; course detail page not enriched in this run.,official_program_link_candidate
PPGS1041,,,https://www.bcit.ca/courses/basic-drafting-for-hydronic-technicians-ppgs-1041/,,program_matrix_link,https://www.bcit.ca/programs/hydronic-technician-associate-certificate-part-time-1790acert/,PPGS 1041,,False,False,,,,discovered_unenriched,False,,,Official BCIT program page links to this course page; course detail page not enriched in this run.,official_program_link_candidate
PPGS1130,,,https://www.bcit.ca/courses/backflow-assembly-tester-practical-ppgs-1130/,,program_matrix_link,https://www.bcit.ca/programs/hydronic-technician-associate-certificate-part-time-1790acert/,PPGS 1130,,False,False,,,,discovered_unenriched,False,,,Official BCIT program page links to this course page; course detail page not enriched in this run.,official_program_link_candidate
PPGS1140,,,https://www.bcit.ca/courses/hydronic-system-design-ppgs-1140/,,program_matrix_link,https://www.bcit.ca/programs/hydronic-technician-associate-certificate-part-time-1790acert/,PPGS 1140,,False,False,,,,discovered_unenriched,False,,,Official BCIT program page links to this course page; course detail page not enriched in this run.,official_program_link_candidate
PPGS1142,,,https://www.bcit.ca/courses/basic-electrical-for-hydronic-technicians-ppgs-1142/,,program_matrix_link,https://www.bcit.ca/programs/hydronic-technician-associate-certificate-part-time-1790acert/,PPGS 1142,,False,False,,,,discovered_unenriched,False,,,Official BCIT program page links to this course page; course detail page not enriched in this run.,official_program_link_candidate
PPGS1143,,,https://www.bcit.ca/courses/installation-practices-for-hydronic-systems-ppgs-1143/,,program_matrix_link,https://www.bcit.ca/programs/hydronic-technician-associate-certificate-part-time-1790acert/,PPGS 1143,,False,False,,,,discovered_unenriched,False,,,Official BCIT program page links to this course page; course detail page not enriched in this run.,official_program_link_candidate
PPGS1144,,,https://www.bcit.ca/courses/controls-for-hydronic-technicians-ppgs-1144/,,program_matrix_link,https://www.bcit.ca/programs/hydronic-technician-associate-certificate-part-time-1790acert/,PPGS 1144,,False,False,,,,discovered_unenriched,False,,,Official BCIT program page links to this course page; course detail page not enriched in this run.,official_program_link_candidate
PPGS1145,,,https://www.bcit.ca/courses/servicing-and-troubleshooting-hydronic-systems-ppgs-1145/,,program_matrix_link,https://www.bcit.ca/programs/hydronic-technician-associate-certificate-part-time-1790acert/,PPGS 1145,,False,False,,,,discovered_unenriched,False,,,Official BCIT program page links to this course page; course detail page not enriched in this run.,official_program_link_candidate
PPGS1150,,,https://www.bcit.ca/courses/domestic-commercial-gas-fitter-b-certificate-of-qualification-ppgs-1150/,,program_matrix_link,https://www.bcit.ca/programs/hydronic-technician-associate-certificate-part-time-1790acert/,PPGS 1150,,False,False,,,,discovered_unenriched,False,,,Official BCIT program page links to this course page; course detail page not enriched in this run.,official_program_link_candidate
PPGS1155,,,https://www.bcit.ca/courses/backflow-assembly-tester-certification-ppgs-1155/,,program_matrix_link,https://www.bcit.ca/programs/hydronic-technician-associate-certificate-part-time-1790acert/,PPGS 1155,,False,False,,,,discovered_unenriched,False,,,Official BCIT program page links to this course page; course detail page not enriched in this run.,official_program_link_candidate
PROR1000,,,https://www.bcit.ca/courses/thermoplastic-forming-techniques-for-orthotics-pror-1000/,,program_matrix_link,https://www.bcit.ca/programs/prosthetics-and-orthotics-diploma-full-time-7100diplt/,PROR 1000,,False,False,,,,discovered_unenriched,False,,,Official BCIT program page links to this course page; course detail page not enriched in this run.,official_program_link_candidate
PUBW1001,,,https://www.bcit.ca/courses/introduction-to-public-works-operations-pubw-1001/,,program_matrix_link,https://www.bcit.ca/programs/civil-technology-certificate-part-time-5430cert/,PUBW 1001,,False,False,,,,discovered_unenriched,False,,,Official BCIT program page links to this course page; course detail page not enriched in this run.,official_program_link_candidate
PUBW1121,,,https://www.bcit.ca/courses/roadworks-maintenance-1-pubw-1121/,,program_matrix_link,https://www.bcit.ca/programs/civil-technology-certificate-part-time-5430cert/,PUBW 1121,,False,False,,,,discovered_unenriched,False,,,Official BCIT program page links to this course page; course detail page not enriched in this run.,official_program_link_candidate
PUBW1141,,,https://www.bcit.ca/courses/municipal-plan-reading-pubw-1141/,,program_matrix_link,https://www.bcit.ca/programs/civil-technology-certificate-part-time-5430cert/,PUBW 1141,,False,False,,,,discovered_unenriched,False,,,Official BCIT program page links to this course page; course detail page not enriched in this run.,official_program_link_candidate
PUBW2121,,,https://www.bcit.ca/courses/roadworks-maintenance-2-pubw-2121/,,program_matrix_link,https://www.bcit.ca/programs/civil-technology-certificate-part-time-5430cert/,PUBW 2121,,False,False,,,,discovered_unenriched,False,,,Official BCIT program page links to this course page; course detail page not enriched in this run.,official_program_link_candidate
PUBW4550,,,https://www.bcit.ca/courses/public-works-inspection-pubw-4550/,,program_matrix_link,https://www.bcit.ca/programs/civil-technology-certificate-part-time-5430cert/,PUBW 4550,,False,False,,,,discovered_unenriched,False,,,Official BCIT program page links to this course page; course detail page not enriched in this run.,official_program_link_candidate
REES6020,,,https://www.bcit.ca/courses/installation-of-geothermal-and-solar-thermal-renewable-energy-systems-rees-6020/,,program_matrix_link,https://www.bcit.ca/programs/renewable-energy-electrical-systems-installation-and-maintenance-advanced-certificate-part-time-6185adcert/,REES 6020,,False,False,,,,discovered_unenriched,False,,,Official BCIT program page links to this course page; course detail page not enriched in this run.,official_program_link_candidate
REES6040,,,https://www.bcit.ca/courses/energy-storage-and-fuel-cells-rees-6040/,,program_matrix_link,https://www.bcit.ca/programs/renewable-energy-electrical-systems-installation-and-maintenance-advanced-certificate-part-time-6185adcert/,REES 6040,,False,False,,,,discovered_unenriched,False,,,Official BCIT program page links to this course page; course detail page not enriched in this run.,official_program_link_candidate
RENR1000,,,https://www.bcit.ca/courses/introduction-to-natural-resources-protection-renr-1000/,,program_matrix_link,https://www.bcit.ca/programs/essentials-of-natural-resource-and-environmental-protection-menrep-microcredential-part-time-0801cm/,RENR 1000,,False,False,,,,discovered_unenriched,False,,,Official BCIT program page links to this course page; course detail page not enriched in this run.,official_program_link_candidate
RENR1001,,,https://www.bcit.ca/courses/field-notes-mensuration-and-data-collection-for-environmental-professionals-renr-1001/,,program_matrix_link,https://www.bcit.ca/programs/essentials-of-natural-resource-and-environmental-protection-menrep-microcredential-part-time-0801cm/,RENR 1001,,False,False,,,,discovered_unenriched,False,,,Official BCIT program page links to this course page; course detail page not enriched in this run.,official_program_link_candidate
RENR1002,,,https://www.bcit.ca/courses/maps-and-mapping-for-field-technicians-renr-1002/,,program_matrix_link,https://www.bcit.ca/programs/essentials-of-natural-resource-and-environmental-protection-menrep-microcredential-part-time-0801cm/,RENR 1002,,False,False,,,,discovered_unenriched,False,,,Official BCIT program page links to this course page; course detail page not enriched in this run.,official_program_link_candidate
RENR1003,,,https://www.bcit.ca/courses/nature-based-solutions-for-climate-change-renr-1003/,,program_matrix_link,https://www.bcit.ca/programs/essentials-of-natural-resource-and-environmental-protection-menrep-microcredential-part-time-0801cm/,RENR 1003,,False,False,,,,discovered_unenriched,False,,,Official BCIT program page links to this course page; course detail page not enriched in this run.,official_program_link_candidate
RENR1004,,,https://www.bcit.ca/courses/protected-areas-management-renr-1004/,,program_matrix_link,https://www.bcit.ca/programs/essentials-of-natural-resource-and-environmental-protection-menrep-microcredential-part-time-0801cm/,RENR 1004,,False,False,,,,discovered_unenriched,False,,,Official BCIT program page links to this course page; course detail page not enriched in this run.,official_program_link_candidate
RENR1005,,,https://www.bcit.ca/courses/environmental-monitoring-renr-1005/,,program_matrix_link,https://www.bcit.ca/programs/essentials-of-natural-resource-and-environmental-protection-menrep-microcredential-part-time-0801cm/,RENR 1005,,False,False,,,,discovered_unenriched,False,,,Official BCIT program page links to this course page; course detail page not enriched in this run.,official_program_link_candidate
RENR1006,,,https://www.bcit.ca/courses/natural-resource-governance-renr-1006/,,program_matrix_link,https://www.bcit.ca/programs/essentials-of-natural-resource-and-environmental-protection-menrep-microcredential-part-time-0801cm/,RENR 1006,,False,False,,,,discovered_unenriched,False,,,Official BCIT program page links to this course page; course detail page not enriched in this run.,official_program_link_candidate
RENR7001,,,https://www.bcit.ca/courses/foundations-of-biology-renr-7001/,,program_matrix_link,https://www.bcit.ca/programs/ecological-restoration-bachelor-of-science-full-time-part-time-8040bsc/,RENR 7001,,False,False,,,,discovered_unenriched,False,,,Official BCIT program page links to this course page; course detail page not enriched in this run.,official_program_link_candidate
RENR7002,,,https://www.bcit.ca/courses/environmental-assessment-renr-7002/,,program_matrix_link,https://www.bcit.ca/programs/ecological-restoration-bachelor-of-science-full-time-part-time-8040bsc/,RENR 7002,,False,False,,,,discovered_unenriched,False,,,Official BCIT program page links to this course page; course detail page not enriched in this run.,official_program_link_candidate
RENR7026,,,https://www.bcit.ca/courses/field-skills-for-ecological-restoration-2-renr-7026/,,program_matrix_link,https://www.bcit.ca/programs/ecological-restoration-bachelor-of-science-full-time-part-time-8040bsc/,RENR 7026,,False,False,,,,discovered_unenriched,False,,,Official BCIT program page links to this course page; course detail page not enriched in this run.,official_program_link_candidate
RENR7200,,,https://www.bcit.ca/courses/climate-and-climate-change-impact-renr-7200/,,program_matrix_link,https://www.bcit.ca/programs/ecological-restoration-bachelor-of-science-full-time-part-time-8040bsc/,RENR 7200,,False,False,,,,discovered_unenriched,False,,,Official BCIT program page links to this course page; course detail page not enriched in this run.,official_program_link_candidate
RENR8103,,,https://www.bcit.ca/courses/conservation-biology-renr-8103/,,program_matrix_link,https://www.bcit.ca/programs/ecological-restoration-bachelor-of-science-full-time-part-time-8040bsc/,RENR 8103,,False,False,,,,discovered_unenriched,False,,,Official BCIT program page links to this course page; course detail page not enriched in this run.,official_program_link_candidate
RENR8105,,,https://www.bcit.ca/courses/fire-and-ecosystem-management-renr-8105/,,program_matrix_link,https://www.bcit.ca/programs/ecological-restoration-bachelor-of-science-full-time-part-time-8040bsc/,RENR 8105,,False,False,,,,discovered_unenriched,False,,,Official BCIT program page links to this course page; course detail page not enriched in this run.,official_program_link_candidate
RENR8107,,,https://www.bcit.ca/courses/restoring-wildlife-populations-renr-8107/,,program_matrix_link,https://www.bcit.ca/programs/ecological-restoration-bachelor-of-science-full-time-part-time-8040bsc/,RENR 8107,,False,False,,,,discovered_unenriched,False,,,Official BCIT program page links to this course page; course detail page not enriched in this run.,official_program_link_candidate
RENR8201,,,https://www.bcit.ca/courses/terrain-and-stream-channel-assessment-for-ecological-restoration-renr-8201/,,program_matrix_link,https://www.bcit.ca/programs/ecological-restoration-bachelor-of-science-full-time-part-time-8040bsc/,RENR 8201,,False,False,,,,discovered_unenriched,False,,,Official BCIT program page links to this course page; course detail page not enriched in this run.,official_program_link_candidate
RENR8202,,,https://www.bcit.ca/courses/stream-assessment-and-restoration-renr-8202/,,program_matrix_link,https://www.bcit.ca/programs/ecological-restoration-bachelor-of-science-full-time-part-time-8040bsc/,RENR 8202,,False,False,,,,discovered_unenriched,False,,,Official BCIT program page links to this course page; course detail page not enriched in this run.,official_program_link_candidate
RENR8400,,,https://www.bcit.ca/courses/applied-research-project-2-renr-8400/,,program_matrix_link,https://www.bcit.ca/programs/ecological-restoration-bachelor-of-science-full-time-part-time-8040bsc/,RENR 8400,,False,False,,,,discovered_unenriched,False,,,Official BCIT program page links to this course page; course detail page not enriched in this run.,official_program_link_candidate
RMGT5007,,,https://www.bcit.ca/courses/demystifying-risk-introduction-to-enterprise-risk-management-rmgt-5007/,,program_matrix_link,https://www.bcit.ca/programs/global-business-studies-associate-certificate-part-time-6225acert/,RMGT 5007,,False,False,,,,discovered_unenriched,False,,,Official BCIT program page links to this course page; course detail page not enriched in this run.,official_program_link_candidate
SGST9210,,,https://www.bcit.ca/courses/advanced-power-systems-analysis-sgst-9210/,,program_matrix_link,https://www.bcit.ca/programs/smart-grid-systems-and-technologies-master-of-engineering-full-time-part-time-m500meng/,SGST 9210,,False,False,,,,discovered_unenriched,False,,,Official BCIT program page links to this course page; course detail page not enriched in this run.,official_program_link_candidate
SGST9220,,,https://www.bcit.ca/courses/information-and-communication-technology-in-electric-utilities-sgst-9220/,,program_matrix_link,https://www.bcit.ca/programs/smart-grid-systems-and-technologies-master-of-engineering-full-time-part-time-m500meng/,SGST 9220,,False,False,,,,discovered_unenriched,False,,,Official BCIT program page links to this course page; course detail page not enriched in this run.,official_program_link_candidate
SGST9230,,,https://www.bcit.ca/courses/power-system-protection-and-control-sgst-9230/,,program_matrix_link,https://www.bcit.ca/programs/smart-grid-systems-and-technologies-master-of-engineering-full-time-part-time-m500meng/,SGST 9230,,False,False,,,,discovered_unenriched,False,,,Official BCIT program page links to this course page; course detail page not enriched in this run.,official_program_link_candidate
SGST9330,,,https://www.bcit.ca/courses/data-acquisition-and-analytics-in-electric-utilities-sgst-9330/,,program_matrix_link,https://www.bcit.ca/programs/smart-grid-systems-and-technologies-master-of-engineering-full-time-part-time-m500meng/,SGST 9330,,False,False,,,,discovered_unenriched,False,,,Official BCIT program page links to this course page; course detail page not enriched in this run.,official_program_link_candidate
SGST9430,,,https://www.bcit.ca/courses/directed-studies-in-smart-grid-elective-course-sgst-9430/,,program_matrix_link,https://www.bcit.ca/programs/smart-grid-systems-and-technologies-master-of-engineering-full-time-part-time-m500meng/,SGST 9430,,False,False,,,,discovered_unenriched,False,,,Official BCIT program page links to this course page; course detail page not enriched in this run.,official_program_link_candidate
SLCF1150,,,https://www.bcit.ca/courses/spanish-language-and-culture-working-foundations-slcf-1150/,,program_matrix_link,https://www.bcit.ca/programs/spanish-language-and-culture-fundamentals-microcredential-part-time-0843cm/,SLCF 1150,,False,False,,,,discovered_unenriched,False,,,Official BCIT program page links to this course page; course detail page not enriched in this run.,official_program_link_candidate
SLCF1155,,,https://www.bcit.ca/courses/spanish-language-and-culture-practical-exchanges-slcf-1155/,,program_matrix_link,https://www.bcit.ca/programs/spanish-language-and-culture-fundamentals-microcredential-part-time-0843cm/,SLCF 1155,,False,False,,,,discovered_unenriched,False,,,Official BCIT program page links to this course page; course detail page not enriched in this run.,official_program_link_candidate
SURV1111,,,https://www.bcit.ca/courses/survey-instruments-basic-surveying-with-gnss-satellite-positioning-surv-1111/,,program_matrix_link,https://www.bcit.ca/programs/geomatics-engineering-technology-diploma-full-time-7535dipma/,SURV 1111,,False,False,,,,discovered_unenriched,False,,,Official BCIT program page links to this course page; course detail page not enriched in this run.,official_program_link_candidate
SURV1125,,,https://www.bcit.ca/courses/unmanned-aircraft-systems-applications-for-geomatics-surv-1125/,,program_matrix_link,https://www.bcit.ca/programs/geomatics-engineering-technology-diploma-full-time-7535dipma/,SURV 1125,,False,False,,,,discovered_unenriched,False,,,Official BCIT program page links to this course page; course detail page not enriched in this run.,official_program_link_candidate
SURV5108,,,https://www.bcit.ca/courses/fundamentals-of-surveying-surv-5108/,,program_matrix_link,https://www.bcit.ca/programs/geomatics-engineering-technology-diploma-full-time-7535dipma/,SURV 5108,,False,False,,,,discovered_unenriched,False,,,Official BCIT program page links to this course page; course detail page not enriched in this run.,official_program_link_candidate
TDMT1150,,,https://www.bcit.ca/courses/transportation-systems-citt-tdmt-1150/,,program_matrix_link,https://www.bcit.ca/programs/international-trade-and-transportation-logistics-certificate-part-time-7460mcert/,TDMT 1150,,False,False,,,,discovered_unenriched,False,,,Official BCIT program page links to this course page; course detail page not enriched in this run.,official_program_link_candidate
TDMT1204,,,https://www.bcit.ca/courses/international-transportation-and-trade-ciffa-tdmt-1204/,,program_matrix_link,https://www.bcit.ca/programs/international-trade-and-transportation-logistics-certificate-part-time-7460mcert/,TDMT 1204,,False,False,,,,discovered_unenriched,False,,,Official BCIT program page links to this course page; course detail page not enriched in this run.,official_program_link_candidate
TDMT1205,,,https://www.bcit.ca/courses/essentials-of-freight-forwarding-ciffa-tdmt-1205/,,program_matrix_link,https://www.bcit.ca/programs/international-trade-and-transportation-logistics-certificate-part-time-7460mcert/,TDMT 1205,,False,False,,,,discovered_unenriched,False,,,Official BCIT program page links to this course page; course detail page not enriched in this run.,official_program_link_candidate
TDMT2203,,,https://www.bcit.ca/courses/transportation-economics-tdmt-2203/,,program_matrix_link,https://www.bcit.ca/programs/international-trade-and-transportation-logistics-certificate-part-time-7460mcert/,TDMT 2203,,False,False,,,,discovered_unenriched,False,,,Official BCIT program page links to this course page; course detail page not enriched in this run.,official_program_link_candidate
TDMT4410,,,https://www.bcit.ca/courses/logistics-management-tdmt-4410/,,program_matrix_link,https://www.bcit.ca/programs/international-trade-and-transportation-logistics-certificate-part-time-7460mcert/,TDMT 4410,,False,False,,,,discovered_unenriched,False,,,Official BCIT program page links to this course page; course detail page not enriched in this run.,official_program_link_candidate
TMBR1020,,,https://www.bcit.ca/courses/introduction-to-mass-timber-construction-tmbr-1020/,,program_matrix_link,https://www.bcit.ca/programs/construction-of-mass-timber-structures-associate-certificate-part-time-5225acert/,TMBR 1020,,False,False,,,,discovered_unenriched,False,,,Official BCIT program page links to this course page; course detail page not enriched in this run.,official_program_link_candidate
TMBR1030,,,https://www.bcit.ca/courses/installation-of-mass-timber-structures-tmbr-1030/,,program_matrix_link,https://www.bcit.ca/programs/construction-of-mass-timber-structures-associate-certificate-part-time-5225acert/,TMBR 1030,,False,False,,,,discovered_unenriched,False,,,Official BCIT program page links to this course page; course detail page not enriched in this run.,official_program_link_candidate
TMBR1040,,,https://www.bcit.ca/courses/building-enclosures-for-mass-timber-construction-tmbr-1040/,,program_matrix_link,https://www.bcit.ca/programs/construction-of-mass-timber-structures-associate-certificate-part-time-5225acert/,TMBR 1040,,False,False,,,,discovered_unenriched,False,,,Official BCIT program page links to this course page; course detail page not enriched in this run.,official_program_link_candidate
TMBR1050,,,https://www.bcit.ca/courses/interior-components-and-services-for-mass-timber-construction-tmbr-1050/,,program_matrix_link,https://www.bcit.ca/programs/construction-of-mass-timber-structures-associate-certificate-part-time-5225acert/,TMBR 1050,,False,False,,,,discovered_unenriched,False,,,Official BCIT program page links to this course page; course detail page not enriched in this run.,official_program_link_candidate
TMBR1060,,,https://www.bcit.ca/courses/practicum-construction-of-mass-timber-structures-tmbr-1060/,,program_matrix_link,https://www.bcit.ca/programs/construction-of-mass-timber-structures-associate-certificate-part-time-5225acert/,TMBR 1060,,False,False,,,,discovered_unenriched,False,,,Official BCIT program page links to this course page; course detail page not enriched in this run.,official_program_link_candidate
TMBR3005,,,https://www.bcit.ca/courses/cost-estimation-for-mass-timber-construction-tmbr-3005/,,program_matrix_link,https://www.bcit.ca/programs/construction-management-diploma-part-time-7710dipma/,TMBR 3005,,False,False,,,,discovered_unenriched,False,,,Official BCIT program page links to this course page; course detail page not enriched in this run.,official_program_link_candidate
TMBR3010,,,https://www.bcit.ca/courses/digital-project-delivery-for-mass-timber-construction-tmbr-3010/,,program_matrix_link,https://www.bcit.ca/programs/construction-management-diploma-part-time-7710dipma/,TMBR 3010,,False,False,,,,discovered_unenriched,False,,,Official BCIT program page links to this course page; course detail page not enriched in this run.,official_program_link_candidate
TMBR3510,,,https://www.bcit.ca/courses/mass-timber-construction-fundamentals-tmbr-3510/,,program_matrix_link,https://www.bcit.ca/programs/applied-mass-timber-engineering-microcredential-part-time-0876cm/,TMBR 3510,,False,False,,,,discovered_unenriched,False,,,Official BCIT program page links to this course page; course detail page not enriched in this run.,official_program_link_candidate
TMBR3520,,,https://www.bcit.ca/courses/gravity-design-of-mass-timber-structures-tmbr-3520/,,program_matrix_link,https://www.bcit.ca/programs/applied-mass-timber-engineering-microcredential-part-time-0876cm/,TMBR 3520,,False,False,,,,discovered_unenriched,False,,,Official BCIT program page links to this course page; course detail page not enriched in this run.,official_program_link_candidate
TMBR3530,,,https://www.bcit.ca/courses/lateral-force-resisting-system-lfrs-design-in-mass-timber-structures-tmbr-3530/,,program_matrix_link,https://www.bcit.ca/programs/applied-mass-timber-engineering-microcredential-part-time-0876cm/,TMBR 3530,,False,False,,,,discovered_unenriched,False,,,Official BCIT program page links to this course page; course detail page not enriched in this run.,official_program_link_candidate
TMBR3540,,,https://www.bcit.ca/courses/advanced-topics-in-mass-timber-connections-tmbr-3540/,,program_matrix_link,https://www.bcit.ca/programs/applied-mass-timber-engineering-microcredential-part-time-0876cm/,TMBR 3540,,False,False,,,,discovered_unenriched,False,,,Official BCIT program page links to this course page; course detail page not enriched in this run.,official_program_link_candidate
TMGT7135,,,https://www.bcit.ca/courses/strategy-innovation-and-entrepreneurship-tmgt-7135/,,program_matrix_link,https://www.bcit.ca/programs/technology-management-bachelor-of-technology-part-time-8350btech/,TMGT 7135,,False,False,,,,discovered_unenriched,False,,,Official BCIT program page links to this course page; course detail page not enriched in this run.,official_program_link_candidate
TMGT7151,,,https://www.bcit.ca/courses/implement-issues-in-telecom-tmgt-7151/,,program_matrix_link,https://www.bcit.ca/programs/technology-management-bachelor-of-technology-part-time-8350btech/,TMGT 7151,,False,False,,,,discovered_unenriched,False,,,Official BCIT program page links to this course page; course detail page not enriched in this run.,official_program_link_candidate
TMGT7152,,,https://www.bcit.ca/courses/implementation-issues-in-data-management-tmgt-7152/,,program_matrix_link,https://www.bcit.ca/programs/technology-management-bachelor-of-technology-part-time-8350btech/,TMGT 7152,,False,False,,,,discovered_unenriched,False,,,Official BCIT program page links to this course page; course detail page not enriched in this run.,official_program_link_candidate
TMGT7153,,,https://www.bcit.ca/courses/tactical-and-strategic-business-use-of-the-internet-tmgt-7153/,,program_matrix_link,https://www.bcit.ca/programs/technology-management-bachelor-of-technology-part-time-8350btech/,TMGT 7153,,False,False,,,,discovered_unenriched,False,,,Official BCIT program page links to this course page; course detail page not enriched in this run.,official_program_link_candidate
TMGT7156,,,https://www.bcit.ca/courses/it-risk-management-tmgt-7156/,,program_matrix_link,https://www.bcit.ca/programs/technology-management-bachelor-of-technology-part-time-8350btech/,TMGT 7156,,False,False,,,,discovered_unenriched,False,,,Official BCIT program page links to this course page; course detail page not enriched in this run.,official_program_link_candidate
TMGT8101,,,https://www.bcit.ca/courses/directed-studies-tmgt-8101/,,program_matrix_link,https://www.bcit.ca/programs/technology-management-bachelor-of-technology-part-time-8350btech/,TMGT 8101,,False,False,,,,discovered_unenriched,False,,,Official BCIT program page links to this course page; course detail page not enriched in this run.,official_program_link_candidate
TMGT8103,,,https://www.bcit.ca/courses/technology-assessment-tmgt-8103/,,program_matrix_link,https://www.bcit.ca/programs/technology-management-bachelor-of-technology-part-time-8350btech/,TMGT 8103,,False,False,,,,discovered_unenriched,False,,,Official BCIT program page links to this course page; course detail page not enriched in this run.,official_program_link_candidate
TMGT8104,,,https://www.bcit.ca/courses/project-tmgt-8104/,,program_matrix_link,https://www.bcit.ca/programs/technology-management-bachelor-of-technology-part-time-8350btech/,TMGT 8104,,False,False,,,,discovered_unenriched,False,,,Official BCIT program page links to this course page; course detail page not enriched in this run.,official_program_link_candidate
TSYH4530,,,https://www.bcit.ca/courses/subdivision-planning-design-part-1-land-use-planning-tsyh-4530/,,program_matrix_link,https://www.bcit.ca/programs/civil-technology-certificate-part-time-5430cert/,TSYH 4530,,False,False,,,,discovered_unenriched,False,,,Official BCIT program page links to this course page; course detail page not enriched in this run.,official_program_link_candidate
TSYH4720,,,https://www.bcit.ca/courses/engineering-economics-part-1-fundamentals-of-financial-calculations-tsyh-4720/,,program_matrix_link,https://www.bcit.ca/programs/civil-technology-certificate-part-time-5430cert/,TSYH 4720,,False,False,,,,discovered_unenriched,False,,,Official BCIT program page links to this course page; course detail page not enriched in this run.,official_program_link_candidate
TSYH4721,,,https://www.bcit.ca/courses/engineering-economics-part-2-introduction-to-engineering-economics-tsyh-4721/,,program_matrix_link,https://www.bcit.ca/programs/civil-technology-certificate-part-time-5430cert/,TSYH 4721,,False,False,,,,discovered_unenriched,False,,,Official BCIT program page links to this course page; course detail page not enriched in this run.,official_program_link_candidate
WATR1020,,,https://www.bcit.ca/courses/wastewater-treatment-systems-operation-watr-1020/,,program_matrix_link,https://www.bcit.ca/programs/fundamentals-of-water-and-wastewater-operations-associate-certificate-part-time-6040acert/,WATR 1020,,False,False,,,,discovered_unenriched,False,,,Official BCIT program page links to this course page; course detail page not enriched in this run.,official_program_link_candidate
WATR1030,,,https://www.bcit.ca/courses/water-distribution-and-mechanical-systems-watr-1030/,,program_matrix_link,https://www.bcit.ca/programs/fundamentals-of-water-and-wastewater-operations-associate-certificate-part-time-6040acert/,WATR 1030,,False,False,,,,discovered_unenriched,False,,,Official BCIT program page links to this course page; course detail page not enriched in this run.,official_program_link_candidate
WATR1040,,,https://www.bcit.ca/courses/wastewater-collection-and-mechanical-systems-watr-1040/,,program_matrix_link,https://www.bcit.ca/programs/fundamentals-of-water-and-wastewater-operations-associate-certificate-part-time-6040acert/,WATR 1040,,False,False,,,,discovered_unenriched,False,,,Official BCIT program page links to this course page; course detail page not enriched in this run.,official_program_link_candidate
WATR1050,,,https://www.bcit.ca/courses/communications-legislation-and-safety-watr-1050/,,program_matrix_link,https://www.bcit.ca/programs/fundamentals-of-water-and-wastewater-operations-associate-certificate-part-time-6040acert/,WATR 1050,,False,False,,,,discovered_unenriched,False,,,Official BCIT program page links to this course page; course detail page not enriched in this run.,official_program_link_candidate
WELD0103,,,https://www.bcit.ca/courses/oxyacetylene-braze-welding-out-weld-0103/,,program_matrix_link,https://www.bcit.ca/programs/welding-level-b-certificate-full-time-2860ttcert/,WELD 0103,,False,False,,,,discovered_unenriched,False,,,Official BCIT program page links to this course page; course detail page not enriched in this run.,official_program_link_candidate
WELD0105,,,https://www.bcit.ca/courses/basic-skills-oxyacetylene-cut-and-weld-weld-0105/,,program_matrix_link,https://www.bcit.ca/programs/welder-foundation-certificate-full-time-2847cert/,WELD 0105,,False,False,,,,discovered_unenriched,False,,,Official BCIT program page links to this course page; course detail page not enriched in this run.,official_program_link_candidate
WELD0106,,,https://www.bcit.ca/courses/gas-metal-arc-basic-mig-weld-0106/,,program_matrix_link,https://www.bcit.ca/programs/welding-level-b-certificate-full-time-2860ttcert/,WELD 0106,,False,False,,,,discovered_unenriched,False,,,Official BCIT program page links to this course page; course detail page not enriched in this run.,official_program_link_candidate
WELD0107,,,https://www.bcit.ca/courses/basic-skills-electric-arc-welding-weld-0107/,,program_matrix_link,https://www.bcit.ca/programs/welder-foundation-certificate-full-time-2847cert/,WELD 0107,,False,False,,,,discovered_unenriched,False,,,Official BCIT program page links to this course page; course detail page not enriched in this run.,official_program_link_candidate
WELD0115,,,https://www.bcit.ca/courses/aluminum-welding-weld-0115/,,program_matrix_link,https://www.bcit.ca/programs/welding-level-b-certificate-full-time-2860ttcert/,WELD 0115,,False,False,,,,discovered_unenriched,False,,,Official BCIT program page links to this course page; course detail page not enriched in this run.,official_program_link_candidate
WELD0190,,,https://www.bcit.ca/courses/new-marine-construction-for-welders-level-1-weld-0190/,,program_matrix_link,https://www.bcit.ca/programs/welder-foundation-certificate-full-time-2847cert/,WELD 0190,,False,False,,,,discovered_unenriched,False,,,Official BCIT program page links to this course page; course detail page not enriched in this run.,official_program_link_candidate
WOOD1600,,,https://www.bcit.ca/courses/lumber-fundamentals-wood-1600/,,program_matrix_link,https://www.bcit.ca/programs/industrial-wood-processing-associate-certificate-part-time-5160acert/,WOOD 1600,,False,False,,,,discovered_unenriched,False,,,Official BCIT program page links to this course page; course detail page not enriched in this run.,official_program_link_candidate
WOOD1650,,,https://www.bcit.ca/courses/sawmill-technology-wood-1650/,,program_matrix_link,https://www.bcit.ca/programs/industrial-wood-processing-associate-certificate-part-time-5160acert/,WOOD 1650,,False,False,,,,discovered_unenriched,False,,,Official BCIT program page links to this course page; course detail page not enriched in this run.,official_program_link_candidate
WOOD1700,,,https://www.bcit.ca/courses/wood-processing-tools-wood-1700/,,program_matrix_link,https://www.bcit.ca/programs/industrial-wood-processing-associate-certificate-part-time-5160acert/,WOOD 1700,,False,False,,,,discovered_unenriched,False,,,Official BCIT program page links to this course page; course detail page not enriched in this run.,official_program_link_candidate
WOOD2600,,,https://www.bcit.ca/courses/quality-control-wood-2600/,,program_matrix_link,https://www.bcit.ca/programs/industrial-wood-processing-associate-certificate-part-time-5160acert/,WOOD 2600,,False,False,,,,discovered_unenriched,False,,,Official BCIT program page links to this course page; course detail page not enriched in this run.,official_program_link_candidate
WOOD2610,,,https://www.bcit.ca/courses/process-reliability-and-optimization-for-the-lumber-industry-wood-2610/,,program_matrix_link,https://www.bcit.ca/programs/business-of-sawmilling-associate-certificate-part-time-5125acert/,WOOD 2610,,False,False,,,,discovered_unenriched,False,,,Official BCIT program page links to this course page; course detail page not enriched in this run.,official_program_link_candidate
WOOD2620,,,https://www.bcit.ca/courses/fundamentals-of-sawmill-residuals-wood-2620/,,program_matrix_link,https://www.bcit.ca/programs/business-of-sawmilling-associate-certificate-part-time-5125acert/,WOOD 2620,,False,False,,,,discovered_unenriched,False,,,Official BCIT program page links to this course page; course detail page not enriched in this run.,official_program_link_candidate
WOOD2750,,,https://www.bcit.ca/courses/kiln-drying-wood-2750/,,program_matrix_link,https://www.bcit.ca/programs/industrial-wood-processing-associate-certificate-part-time-5160acert/,WOOD 2750,,False,False,,,,discovered_unenriched,False,,,Official BCIT program page links to this course page; course detail page not enriched in this run.,official_program_link_candidate
XBEM3054,,,https://www.bcit.ca/courses/high-performance-building-design-project-course-xbem-3054/,,program_matrix_link,https://www.bcit.ca/programs/mechanical-systems-associate-certificate-part-time-6760acert/,XBEM 3054,,False,False,,,,discovered_unenriched,False,,,Official BCIT program page links to this course page; course detail page not enriched in this run.,official_program_link_candidate
XBIO4010,,,https://www.bcit.ca/courses/animal-cell-culture-1-xbio-4010/,,program_matrix_link,https://www.bcit.ca/programs/animal-cell-culture-microcredential-part-time-0824cm/,XBIO 4010,,False,False,,,,discovered_unenriched,False,,,Official BCIT program page links to this course page; course detail page not enriched in this run.,official_program_link_candidate
XBIO4020,,,https://www.bcit.ca/courses/animal-cell-culture-2-xbio-4020/,,program_matrix_link,https://www.bcit.ca/programs/animal-cell-culture-microcredential-part-time-0824cm/,XBIO 4020,,False,False,,,,discovered_unenriched,False,,,Official BCIT program page links to this course page; course detail page not enriched in this run.,official_program_link_candidate
XBST1009,,,https://www.bcit.ca/courses/script-supervision-the-overview-xbst-1009/,,program_matrix_link,https://www.bcit.ca/programs/script-supervision-and-continuity-for-film-and-tv-microcredential-part-time-0803cm/,XBST 1009,,False,False,,,,discovered_unenriched,False,,,Official BCIT program page links to this course page; course detail page not enriched in this run.,official_program_link_candidate
XBST1010,,,https://www.bcit.ca/courses/script-supervision-the-details-xbst-1010/,,program_matrix_link,https://www.bcit.ca/programs/script-supervision-and-continuity-for-film-and-tv-microcredential-part-time-0803cm/,XBST 1010,,False,False,,,,discovered_unenriched,False,,,Official BCIT program page links to this course page; course detail page not enriched in this run.,official_program_link_candidate
XBST1011,,,https://www.bcit.ca/courses/script-supervision-the-paperwork-xbst-1011/,,program_matrix_link,https://www.bcit.ca/programs/script-supervision-and-continuity-for-film-and-tv-microcredential-part-time-0803cm/,XBST 1011,,False,False,,,,discovered_unenriched,False,,,Official BCIT program page links to this course page; course detail page not enriched in this run.,official_program_link_candidate
XBST1012,,,https://www.bcit.ca/courses/script-supervision-the-full-picture-xbst-1012/,,program_matrix_link,https://www.bcit.ca/programs/script-supervision-and-continuity-for-film-and-tv-microcredential-part-time-0803cm/,XBST 1012,,False,False,,,,discovered_unenriched,False,,,Official BCIT program page links to this course page; course detail page not enriched in this run.,official_program_link_candidate
XBST1016,,,https://www.bcit.ca/courses/script-supervision-the-wrap-and-go-xbst-1016/,,program_matrix_link,https://www.bcit.ca/programs/script-supervision-and-continuity-for-film-and-tv-microcredential-part-time-0803cm/,XBST 1016,,False,False,,,,discovered_unenriched,False,,,Official BCIT program page links to this course page; course detail page not enriched in this run.,official_program_link_candidate
XCCL1000,,,https://www.bcit.ca/courses/earth-and-climate-systems-xccl-1000/,,program_matrix_link,https://www.bcit.ca/programs/climate-changemakers-leadership-training-microcredential-part-time-0861cm/,XCCL 1000,,False,False,,,,discovered_unenriched,False,,,Official BCIT program page links to this course page; course detail page not enriched in this run.,official_program_link_candidate
XCCL1010,,,https://www.bcit.ca/courses/climate-action-and-systems-transformation-xccl-1010/,,program_matrix_link,https://www.bcit.ca/programs/climate-changemakers-leadership-training-microcredential-part-time-0861cm/,XCCL 1010,,False,False,,,,discovered_unenriched,False,,,Official BCIT program page links to this course page; course detail page not enriched in this run.,official_program_link_candidate
XCCL1020,,,https://www.bcit.ca/courses/community-climate-leadership-xccl-1020/,,program_matrix_link,https://www.bcit.ca/programs/climate-changemakers-leadership-training-microcredential-part-time-0861cm/,XCCL 1020,,False,False,,,,discovered_unenriched,False,,,Official BCIT program page links to this course page; course detail page not enriched in this run.,official_program_link_candidate
XCCL1030,,,https://www.bcit.ca/courses/climate-workforce-readiness-xccl-1030/,,program_matrix_link,https://www.bcit.ca/programs/climate-changemakers-leadership-training-microcredential-part-time-0861cm/,XCCL 1030,,False,False,,,,discovered_unenriched,False,,,Official BCIT program page links to this course page; course detail page not enriched in this run.,official_program_link_candidate
XCER4010,,,https://www.bcit.ca/courses/canadian-employment-readiness-foundations-xcer-4010/,,program_matrix_link,https://www.bcit.ca/programs/canadian-employment-readiness-cer-microcredential-part-time-0825cm/,XCER 4010,,False,False,,,,discovered_unenriched,False,,,Official BCIT program page links to this course page; course detail page not enriched in this run.,official_program_link_candidate
XCER4020,,,https://www.bcit.ca/courses/canadian-employment-readiness-boot-camp-xcer-4020/,,program_matrix_link,https://www.bcit.ca/programs/canadian-employment-readiness-cer-microcredential-part-time-0825cm/,XCER 4020,,False,False,,,,discovered_unenriched,False,,,Official BCIT program page links to this course page; course detail page not enriched in this run.,official_program_link_candidate
XCMP1010,,,https://www.bcit.ca/courses/programming-logic-foundations-xcmp-1010/,,program_matrix_link,https://www.bcit.ca/programs/low-code-mobile-application-development-microcredential-part-time-0810cm/,XCMP 1010,,False,False,,,,discovered_unenriched,False,,,Official BCIT program page links to this course page; course detail page not enriched in this run.,official_program_link_candidate
XCMP1020,,,https://www.bcit.ca/courses/design-thinking-for-citizen-development-xcmp-1020/,,program_matrix_link,https://www.bcit.ca/programs/low-code-mobile-application-development-microcredential-part-time-0810cm/,XCMP 1020,,False,False,,,,discovered_unenriched,False,,,Official BCIT program page links to this course page; course detail page not enriched in this run.,official_program_link_candidate
XCMP2010,,,https://www.bcit.ca/courses/app-development-with-low-code-environments-xcmp-2010/,,program_matrix_link,https://www.bcit.ca/programs/low-code-mobile-application-development-microcredential-part-time-0810cm/,XCMP 2010,,False,False,,,,discovered_unenriched,False,,,Official BCIT program page links to this course page; course detail page not enriched in this run.,official_program_link_candidate
XCOM1000,,,https://www.bcit.ca/courses/communication-for-team-based-collaboration-xcom-1000/,,program_matrix_link,https://www.bcit.ca/programs/technical-writing-associate-certificate-part-time-6425acert/,XCOM 1000,,False,False,,,,discovered_unenriched,False,,,Official BCIT program page links to this course page; course detail page not enriched in this run.,official_program_link_candidate
XCOM1005,,,https://www.bcit.ca/courses/technical-writing-for-service-and-repair-professionals-xcom-1005/,,program_matrix_link,https://www.bcit.ca/programs/technical-writing-associate-certificate-part-time-6425acert/,XCOM 1005,,False,False,,,,discovered_unenriched,False,,,Official BCIT program page links to this course page; course detail page not enriched in this run.,official_program_link_candidate
XCOM1007,,,https://www.bcit.ca/courses/technical-writing-xcom-1007/,,program_matrix_link,https://www.bcit.ca/programs/technical-writing-associate-certificate-part-time-6425acert/,XCOM 1007,,False,False,,,,discovered_unenriched,False,,,Official BCIT program page links to this course page; course detail page not enriched in this run.,official_program_link_candidate
XCOM1110,,,https://www.bcit.ca/courses/writing-for-the-web-xcom-1110/,,program_matrix_link,https://www.bcit.ca/programs/technical-writing-associate-certificate-part-time-6425acert/,XCOM 1110,,False,False,,,,discovered_unenriched,False,,,Official BCIT program page links to this course page; course detail page not enriched in this run.,official_program_link_candidate
XCOR1031,,,https://www.bcit.ca/courses/communicate-with-impact-connect-and-influence-xcor-1031/,,program_matrix_link,https://www.bcit.ca/programs/fire-service-industry-leadership-certificate-part-time-6285cert/,XCOR 1031,,False,False,,,,discovered_unenriched,False,,,Official BCIT program page links to this course page; course detail page not enriched in this run.,official_program_link_candidate
XCOR1201,,,https://www.bcit.ca/courses/build-belonging-equity-and-inclusion-xcor-1201/,,program_matrix_link,https://www.bcit.ca/programs/fire-service-industry-leadership-certificate-part-time-6285cert/,XCOR 1201,,False,False,,,,discovered_unenriched,False,,,Official BCIT program page links to this course page; course detail page not enriched in this run.,official_program_link_candidate
XDMS5011,,,https://www.bcit.ca/courses/musculoskeletal-sonography-clinical-first-steps-xdms-5011/,,program_matrix_link,https://www.bcit.ca/programs/musculoskeletal-sonography-microcredential-part-time-0806cm/,XDMS 5011,,False,False,,,,discovered_unenriched,False,,,Official BCIT program page links to this course page; course detail page not enriched in this run.,official_program_link_candidate
XDMS5012,,,https://www.bcit.ca/courses/breast-sonography-clinical-first-steps-xdms-5012/,,program_matrix_link,https://www.bcit.ca/programs/breast-sonography-microcredential-part-time-0805cm/,XDMS 5012,,False,False,,,,discovered_unenriched,False,,,Official BCIT program page links to this course page; course detail page not enriched in this run.,official_program_link_candidate
XENV1510,,,https://www.bcit.ca/courses/introduction-to-field-identification-of-native-trees-shrubs-and-herbs-xenv-1510/,,program_matrix_link,https://www.bcit.ca/programs/essential-field-skills-for-environmental-professionals-microcredential-part-time-0814cm/,XENV 1510,,False,False,,,,discovered_unenriched,False,,,Official BCIT program page links to this course page; course detail page not enriched in this run.,official_program_link_candidate
XENV1520,,,https://www.bcit.ca/courses/introduction-to-field-soil-classification-and-assessment-xenv-1520/,,program_matrix_link,https://www.bcit.ca/programs/essential-field-skills-for-environmental-professionals-microcredential-part-time-0814cm/,XENV 1520,,False,False,,,,discovered_unenriched,False,,,Official BCIT program page links to this course page; course detail page not enriched in this run.,official_program_link_candidate
XENV1530,,,https://www.bcit.ca/courses/introduction-to-field-identification-of-freshwater-and-anadromous-fishes-xenv-1530/,,program_matrix_link,https://www.bcit.ca/programs/essential-field-skills-for-environmental-professionals-microcredential-part-time-0814cm/,XENV 1530,,False,False,,,,discovered_unenriched,False,,,Official BCIT program page links to this course page; course detail page not enriched in this run.,official_program_link_candidate
XENV1540,,,https://www.bcit.ca/courses/electrofishing-operator-certification-xenv-1540/,,program_matrix_link,https://www.bcit.ca/programs/essential-field-skills-for-environmental-professionals-microcredential-part-time-0814cm/,XENV 1540,,False,False,,,,discovered_unenriched,False,,,Official BCIT program page links to this course page; course detail page not enriched in this run.,official_program_link_candidate
XFSC3025,,,https://www.bcit.ca/courses/investigative-file-coordination-xfsc-3025/,,program_matrix_link,https://www.bcit.ca/programs/fraud-and-financial-crime-investigation-microcredential-part-time-0850cm/,XFSC 3025,,False,False,,,,discovered_unenriched,False,,,Official BCIT program page links to this course page; course detail page not enriched in this run.,official_program_link_candidate
XFSC3035,,,https://www.bcit.ca/courses/evidence-analysis-for-fraud-and-financial-crime-xfsc-3035/,,program_matrix_link,https://www.bcit.ca/programs/fraud-and-financial-crime-investigation-microcredential-part-time-0850cm/,XFSC 3035,,False,False,,,,discovered_unenriched,False,,,Official BCIT program page links to this course page; course detail page not enriched in this run.,official_program_link_candidate
XFSC3045,,,https://www.bcit.ca/courses/financial-strategic-intelligence-analysis-xfsc-3045/,,program_matrix_link,https://www.bcit.ca/programs/fraud-and-financial-crime-investigation-microcredential-part-time-0850cm/,XFSC 3045,,False,False,,,,discovered_unenriched,False,,,Official BCIT program page links to this course page; course detail page not enriched in this run.,official_program_link_candidate
XFSC3050,,,https://www.bcit.ca/courses/unexplained-wealth-order-investigation-xfsc-3050/,,program_matrix_link,https://www.bcit.ca/programs/fraud-and-financial-crime-investigation-microcredential-part-time-0850cm/,XFSC 3050,,False,False,,,,discovered_unenriched,False,,,Official BCIT program page links to this course page; course detail page not enriched in this run.,official_program_link_candidate
XFSC7835,,,https://www.bcit.ca/courses/clinical-and-community-death-investigation-xfsc-7835/,,program_matrix_link,https://www.bcit.ca/programs/forensic-nurse-death-investigator-microcredential-part-time-0833cm/,XFSC 7835,,False,False,,,,discovered_unenriched,False,,,Official BCIT program page links to this course page; course detail page not enriched in this run.,official_program_link_candidate
XFSC7850,,,https://www.bcit.ca/courses/mock-sexual-assault-forensic-examination-workshop-xfsc-7850/,,program_matrix_link,https://www.bcit.ca/programs/advanced-forensic-nurse-examiner-microcredential-part-time-0813cm/,XFSC 7850,,False,False,,,,discovered_unenriched,False,,,Official BCIT program page links to this course page; course detail page not enriched in this run.,official_program_link_candidate
XFSC7851,,,https://www.bcit.ca/courses/forensic-nurse-examiner-witness-testimony-and-cv-workshop-xfsc-7851/,,program_matrix_link,https://www.bcit.ca/programs/advanced-forensic-nurse-examiner-microcredential-part-time-0813cm/,XFSC 7851,,False,False,,,,discovered_unenriched,False,,,Official BCIT program page links to this course page; course detail page not enriched in this run.,official_program_link_candidate
XFSC7852,,,https://www.bcit.ca/courses/medical-legal-documentation-for-the-forensic-nurse-examiner-xfsc-7852/,,program_matrix_link,https://www.bcit.ca/programs/advanced-forensic-nurse-examiner-microcredential-part-time-0813cm/,XFSC 7852,,False,False,,,,discovered_unenriched,False,,,Official BCIT program page links to this course page; course detail page not enriched in this run.,official_program_link_candidate
XFSC7853,,,https://www.bcit.ca/courses/forensic-examination-of-non-fatal-strangulation-xfsc-7853/,,program_matrix_link,https://www.bcit.ca/programs/advanced-forensic-nurse-examiner-microcredential-part-time-0813cm/,XFSC 7853,,False,False,,,,discovered_unenriched,False,,,Official BCIT program page links to this course page; course detail page not enriched in this run.,official_program_link_candidate
XFSC7855,,,https://www.bcit.ca/courses/genital-examination-normal-and-abnormal-findings-in-sexual-assault-forensic-examinations-xfsc-7855/,,program_matrix_link,https://www.bcit.ca/programs/advanced-forensic-nurse-examiner-microcredential-part-time-0813cm/,XFSC 7855,,False,False,,,,discovered_unenriched,False,,,Official BCIT program page links to this course page; course detail page not enriched in this run.,official_program_link_candidate
XFSC7856,,,https://www.bcit.ca/courses/indigenous-cultural-awareness-and-safety-in-forensic-nursing-xfsc-7856/,,program_matrix_link,https://www.bcit.ca/programs/advanced-forensic-nurse-examiner-microcredential-part-time-0813cm/,XFSC 7856,,False,False,,,,discovered_unenriched,False,,,Official BCIT program page links to this course page; course detail page not enriched in this run.,official_program_link_candidate
XIEP4000,,,https://www.bcit.ca/courses/international-education-trends-past-and-present-xiep-4000/,,program_matrix_link,https://www.bcit.ca/programs/international-education-practitioner-foundation-microcredential-part-time-0835cm/,XIEP 4000,,False,False,,,,discovered_unenriched,False,,,Official BCIT program page links to this course page; course detail page not enriched in this run.,official_program_link_candidate
XIEP4020,,,https://www.bcit.ca/courses/mobility-for-students-and-faculty-xiep-4020/,,program_matrix_link,https://www.bcit.ca/programs/international-education-practitioner-foundation-microcredential-part-time-0835cm/,XIEP 4020,,False,False,,,,discovered_unenriched,False,,,Official BCIT program page links to this course page; course detail page not enriched in this run.,official_program_link_candidate
XIEP4030,,,https://www.bcit.ca/courses/international-student-adaptation-xiep-4030/,,program_matrix_link,https://www.bcit.ca/programs/international-education-practitioner-foundation-microcredential-part-time-0835cm/,XIEP 4030,,False,False,,,,discovered_unenriched,False,,,Official BCIT program page links to this course page; course detail page not enriched in this run.,official_program_link_candidate
XIEP4040,,,https://www.bcit.ca/courses/intercultural-dynamics-in-international-education-xiep-4040/,,program_matrix_link,https://www.bcit.ca/programs/international-education-practitioner-foundation-microcredential-part-time-0835cm/,XIEP 4040,,False,False,,,,discovered_unenriched,False,,,Official BCIT program page links to this course page; course detail page not enriched in this run.,official_program_link_candidate
XINC2220,,,https://www.bcit.ca/courses/vlan-switching-and-redundancy-xinc-2220/,,program_matrix_link,https://www.bcit.ca/programs/network-switching-and-routing-microcredential-part-time-0845cm/,XINC 2220,,False,False,,,,discovered_unenriched,False,,,Official BCIT program page links to this course page; course detail page not enriched in this run.,official_program_link_candidate
XINC2230,,,https://www.bcit.ca/courses/network-security-routing-and-wireless-xinc-2230/,,program_matrix_link,https://www.bcit.ca/programs/network-switching-and-routing-microcredential-part-time-0845cm/,XINC 2230,,False,False,,,,discovered_unenriched,False,,,Official BCIT program page links to this course page; course detail page not enriched in this run.,official_program_link_candidate
XINC2320,,,https://www.bcit.ca/courses/enterprise-configuration-xinc-2320/,,program_matrix_link,https://www.bcit.ca/programs/advanced-topics-in-networking-microcredential-part-time-0848cm/,XINC 2320,,False,False,,,,discovered_unenriched,False,,,Official BCIT program page links to this course page; course detail page not enriched in this run.,official_program_link_candidate
XINC2330,,,https://www.bcit.ca/courses/scalability-and-troubleshooting-xinc-2330/,,program_matrix_link,https://www.bcit.ca/programs/advanced-topics-in-networking-microcredential-part-time-0848cm/,XINC 2330,,False,False,,,,discovered_unenriched,False,,,Official BCIT program page links to this course page; course detail page not enriched in this run.,official_program_link_candidate
XINC3110,,,https://www.bcit.ca/courses/industrial-control-systems-ics-design-xinc-3110/,,program_matrix_link,https://www.bcit.ca/programs/industrial-networking-for-cybersecurity-professionals-microcredential-part-time-0831cm/,XINC 3110,,False,False,,,,discovered_unenriched,False,,,Official BCIT program page links to this course page; course detail page not enriched in this run.,official_program_link_candidate
XINC3120,,,https://www.bcit.ca/courses/fieldbus-networks-xinc-3120/,,program_matrix_link,https://www.bcit.ca/programs/industrial-networking-for-cybersecurity-professionals-microcredential-part-time-0831cm/,XINC 3120,,False,False,,,,discovered_unenriched,False,,,Official BCIT program page links to this course page; course detail page not enriched in this run.,official_program_link_candidate
XINC3130,,,https://www.bcit.ca/courses/ics-network-and-protocols-xinc-3130/,,program_matrix_link,https://www.bcit.ca/programs/industrial-networking-for-cybersecurity-professionals-microcredential-part-time-0831cm/,XINC 3130,,False,False,,,,discovered_unenriched,False,,,Official BCIT program page links to this course page; course detail page not enriched in this run.,official_program_link_candidate
XINC3140,,,https://www.bcit.ca/courses/supervisory-systems-xinc-3140/,,program_matrix_link,https://www.bcit.ca/programs/industrial-networking-for-cybersecurity-professionals-microcredential-part-time-0831cm/,XINC 3140,,False,False,,,,discovered_unenriched,False,,,Official BCIT program page links to this course page; course detail page not enriched in this run.,official_program_link_candidate
XINC3150,,,https://www.bcit.ca/courses/ics-governance-xinc-3150/,,program_matrix_link,https://www.bcit.ca/programs/industrial-networking-for-cybersecurity-professionals-microcredential-part-time-0831cm/,XINC 3150,,False,False,,,,discovered_unenriched,False,,,Official BCIT program page links to this course page; course detail page not enriched in this run.,official_program_link_candidate
XLED1012,,,https://www.bcit.ca/courses/lead-from-within-sharpen-your-edge-xled-1012/,,program_matrix_link,https://www.bcit.ca/programs/fire-service-industry-leadership-certificate-part-time-6285cert/,XLED 1012,,False,False,,,,discovered_unenriched,False,,,Official BCIT program page links to this course page; course detail page not enriched in this run.,official_program_link_candidate
XLED1022,,,https://www.bcit.ca/courses/lead-teams-drive-performance-and-impact-xled-1022/,,program_matrix_link,https://www.bcit.ca/programs/fire-service-industry-leadership-certificate-part-time-6285cert/,XLED 1022,,False,False,,,,discovered_unenriched,False,,,Official BCIT program page links to this course page; course detail page not enriched in this run.,official_program_link_candidate
XLED1041,,,https://www.bcit.ca/courses/creative-problem-solving-insight-to-impact-xled-1041/,,program_matrix_link,https://www.bcit.ca/programs/fire-service-industry-leadership-certificate-part-time-6285cert/,XLED 1041,,False,False,,,,discovered_unenriched,False,,,Official BCIT program page links to this course page; course detail page not enriched in this run.,official_program_link_candidate
XLED1052,,,https://www.bcit.ca/courses/difficult-conversations-clarity-and-care-xled-1052/,,program_matrix_link,https://www.bcit.ca/programs/fire-service-industry-leadership-certificate-part-time-6285cert/,XLED 1052,,False,False,,,,discovered_unenriched,False,,,Official BCIT program page links to this course page; course detail page not enriched in this run.,official_program_link_candidate
XLED1061,,,https://www.bcit.ca/courses/unlock-team-productivity-people-and-resources-xled-1061/,,program_matrix_link,https://www.bcit.ca/programs/fire-service-industry-leadership-certificate-part-time-6285cert/,XLED 1061,,False,False,,,,discovered_unenriched,False,,,Official BCIT program page links to this course page; course detail page not enriched in this run.,official_program_link_candidate
XLED1111,,,https://www.bcit.ca/courses/lead-strategically-align-people-and-purpose-xled-1111/,,program_matrix_link,https://www.bcit.ca/programs/fire-service-industry-leadership-certificate-part-time-6285cert/,XLED 1111,,False,False,,,,discovered_unenriched,False,,,Official BCIT program page links to this course page; course detail page not enriched in this run.,official_program_link_candidate
XLED1141,,,https://www.bcit.ca/courses/leading-change-foundations-for-action-xled-1141/,,program_matrix_link,https://www.bcit.ca/programs/fire-service-industry-leadership-certificate-part-time-6285cert/,XLED 1141,,False,False,,,,discovered_unenriched,False,,,Official BCIT program page links to this course page; course detail page not enriched in this run.,official_program_link_candidate
XLED2001,,,https://www.bcit.ca/courses/municipal-labour-relations-xled-2001/,,program_matrix_link,https://www.bcit.ca/programs/fire-service-industry-leadership-certificate-part-time-6285cert/,XLED 2001,,False,False,,,,discovered_unenriched,False,,,Official BCIT program page links to this course page; course detail page not enriched in this run.,official_program_link_candidate
XLED2011,,,https://www.bcit.ca/courses/municipal-finance-and-procurement-xled-2011/,,program_matrix_link,https://www.bcit.ca/programs/fire-service-industry-leadership-certificate-part-time-6285cert/,XLED 2011,,False,False,,,,discovered_unenriched,False,,,Official BCIT program page links to this course page; course detail page not enriched in this run.,official_program_link_candidate
XLED2021,,,https://www.bcit.ca/courses/municipal-recruitment-and-onboarding-xled-2021/,,program_matrix_link,https://www.bcit.ca/programs/fire-service-industry-leadership-certificate-part-time-6285cert/,XLED 2021,,False,False,,,,discovered_unenriched,False,,,Official BCIT program page links to this course page; course detail page not enriched in this run.,official_program_link_candidate
XLED2031,,,https://www.bcit.ca/courses/municipal-governance-in-british-columbia-xled-2031/,,program_matrix_link,https://www.bcit.ca/programs/fire-service-industry-leadership-certificate-part-time-6285cert/,XLED 2031,,False,False,,,,discovered_unenriched,False,,,Official BCIT program page links to this course page; course detail page not enriched in this run.,official_program_link_candidate
XLED2141,,,https://www.bcit.ca/courses/leading-change-from-plan-to-impact-xled-2141/,,program_matrix_link,https://www.bcit.ca/programs/fire-service-industry-leadership-certificate-part-time-6285cert/,XLED 2141,,False,False,,,,discovered_unenriched,False,,,Official BCIT program page links to this course page; course detail page not enriched in this run.,official_program_link_candidate
XOPM1011,,,https://www.bcit.ca/courses/project-management-from-idea-to-outcome-1-xopm-1011/,,program_matrix_link,https://www.bcit.ca/programs/fire-service-industry-leadership-certificate-part-time-6285cert/,XOPM 1011,,False,False,,,,discovered_unenriched,False,,,Official BCIT program page links to this course page; course detail page not enriched in this run.,official_program_link_candidate
XOPM2011,,,https://www.bcit.ca/courses/project-management-from-idea-to-outcome-2-xopm-2011/,,program_matrix_link,https://www.bcit.ca/programs/fire-service-industry-leadership-certificate-part-time-6285cert/,XOPM 2011,,False,False,,,,discovered_unenriched,False,,,Official BCIT program page links to this course page; course detail page not enriched in this run.,official_program_link_candidate
XRGN4515,,,https://www.bcit.ca/courses/building-certifications-xrgn-4515/,,program_matrix_link,https://www.bcit.ca/programs/principles-of-regenerative-building-microcredential-part-time-0853cm/,XRGN 4515,,False,False,,,,discovered_unenriched,False,,,Official BCIT program page links to this course page; course detail page not enriched in this run.,official_program_link_candidate
XRGN4525,,,https://www.bcit.ca/courses/introduction-to-regenerative-building-xrgn-4525/,,program_matrix_link,https://www.bcit.ca/programs/principles-of-regenerative-building-microcredential-part-time-0853cm/,XRGN 4525,,False,False,,,,discovered_unenriched,False,,,Official BCIT program page links to this course page; course detail page not enriched in this run.,official_program_link_candidate
XRGN4535,,,https://www.bcit.ca/courses/resilience-and-equity-in-the-built-environment-xrgn-4535/,,program_matrix_link,https://www.bcit.ca/programs/principles-of-regenerative-building-microcredential-part-time-0853cm/,XRGN 4535,,False,False,,,,discovered_unenriched,False,,,Official BCIT program page links to this course page; course detail page not enriched in this run.,official_program_link_candidate
XRPA1300,,,https://www.bcit.ca/courses/cloud-based-multi-spectral-image-processing-for-forest-stand-health-assessment-xrpa-1300/,,program_matrix_link,https://www.bcit.ca/programs/introduction-to-forest-health-quantification-with-rpas-microcredential-part-time-0817cm/,XRPA 1300,,False,False,,,,discovered_unenriched,False,,,Official BCIT program page links to this course page; course detail page not enriched in this run.,official_program_link_candidate
XRPA1400,,,https://www.bcit.ca/courses/timber-volume-quantification-using-cloud-based-image-processing-xrpa-1400/,,program_matrix_link,https://www.bcit.ca/programs/introduction-to-forest-health-quantification-with-rpas-microcredential-part-time-0817cm/,XRPA 1400,,False,False,,,,discovered_unenriched,False,,,Official BCIT program page links to this course page; course detail page not enriched in this run.,official_program_link_candidate
XSMP3010,,,https://www.bcit.ca/courses/pre-departure-xsmp-3010/,,program_matrix_link,https://www.bcit.ca/programs/student-mobility-preparedness-microcredential-part-time-0828cm/,XSMP 3010,,False,False,,,,discovered_unenriched,False,,,Official BCIT program page links to this course page; course detail page not enriched in this run.,official_program_link_candidate
XSMP3020,,,https://www.bcit.ca/courses/intercultural-skills-xsmp-3020/,,program_matrix_link,https://www.bcit.ca/programs/student-mobility-preparedness-microcredential-part-time-0828cm/,XSMP 3020,,False,False,,,,discovered_unenriched,False,,,Official BCIT program page links to this course page; course detail page not enriched in this run.,official_program_link_candidate
XSMP3030,,,https://www.bcit.ca/courses/re-entry-xsmp-3030/,,program_matrix_link,https://www.bcit.ca/programs/student-mobility-preparedness-microcredential-part-time-0828cm/,XSMP 3030,,False,False,,,,discovered_unenriched,False,,,Official BCIT program page links to this course page; course detail page not enriched in this run.,official_program_link_candidate
XZEB1114,,,https://www.bcit.ca/courses/building-science-for-retrofits-xzeb-1114/,,program_matrix_link,https://www.bcit.ca/programs/retrofit-solutions-for-rural-communities-microcredential-part-time-0856cm/,XZEB 1114,,False,False,,,,discovered_unenriched,False,,,Official BCIT program page links to this course page; course detail page not enriched in this run.,official_program_link_candidate
XZEB1166,,,https://www.bcit.ca/courses/advanced-topics-in-whole-building-life-cycle-assessment-xzeb-1166/,,program_matrix_link,https://www.bcit.ca/programs/whole-building-life-cycle-assessment-professional-microcredential-part-time-0830cm/,XZEB 1166,,False,False,,,,discovered_unenriched,False,,,Official BCIT program page links to this course page; course detail page not enriched in this run.,official_program_link_candidate
XZEB1169,,,https://www.bcit.ca/courses/whole-building-life-cycle-assessment-final-project-xzeb-1169/,,program_matrix_link,https://www.bcit.ca/programs/whole-building-life-cycle-assessment-professional-microcredential-part-time-0830cm/,XZEB 1169,,False,False,,,,discovered_unenriched,False,,,Official BCIT program page links to this course page; course detail page not enriched in this run.,official_program_link_candidate
XZEB1179,,,https://www.bcit.ca/courses/passive-house-tradesperson-site-supervisor-xzeb-1179/,,program_matrix_link,https://www.bcit.ca/programs/supervising-net-zero-and-passive-house-construction-microcredential-part-time-0815cm/,XZEB 1179,,False,False,,,,discovered_unenriched,False,,,Official BCIT program page links to this course page; course detail page not enriched in this run.,official_program_link_candidate
XZEB1185,,,https://www.bcit.ca/courses/implementing-retrofit-solutions-for-rural-communities-xzeb-1185/,,program_matrix_link,https://www.bcit.ca/programs/retrofit-solutions-for-rural-communities-microcredential-part-time-0856cm/,XZEB 1185,,False,False,,,,discovered_unenriched,False,,,Official BCIT program page links to this course page; course detail page not enriched in this run.,official_program_link_candidate
XZEB1201,,,https://www.bcit.ca/courses/energy-and-emissions-basics-xzeb-1201/,,program_matrix_link,https://www.bcit.ca/programs/essentials-of-community-energy-and-emissions-management-microcredential-part-time-0854cm/,XZEB 1201,,False,False,,,,discovered_unenriched,False,,,Official BCIT program page links to this course page; course detail page not enriched in this run.,official_program_link_candidate
XZEB1203,,,https://www.bcit.ca/courses/introduction-to-creating-a-community-energy-and-emissions-plan-xzeb-1203/,,program_matrix_link,https://www.bcit.ca/programs/essentials-of-community-energy-and-emissions-management-microcredential-part-time-0854cm/,XZEB 1203,,False,False,,,,discovered_unenriched,False,,,Official BCIT program page links to this course page; course detail page not enriched in this run.,official_program_link_candidate
XZEB1205,,,https://www.bcit.ca/courses/introduction-to-on-site-renewable-energy-xzeb-1205/,,program_matrix_link,https://www.bcit.ca/programs/essentials-of-community-energy-and-emissions-management-microcredential-part-time-0854cm/,XZEB 1205,,False,False,,,,discovered_unenriched,False,,,Official BCIT program page links to this course page; course detail page not enriched in this run.,official_program_link_candidate
XZEB1207,,,https://www.bcit.ca/courses/introduction-to-reducing-energy-demand-and-emissions-in-buildings-xzeb-1207/,,program_matrix_link,https://www.bcit.ca/programs/essentials-of-community-energy-and-emissions-management-microcredential-part-time-0854cm/,XZEB 1207,,False,False,,,,discovered_unenriched,False,,,Official BCIT program page links to this course page; course detail page not enriched in this run.,official_program_link_candidate
XZEB1209,,,https://www.bcit.ca/courses/introduction-to-reducing-emissions-from-transportation-xzeb-1209/,,program_matrix_link,https://www.bcit.ca/programs/essentials-of-community-energy-and-emissions-management-microcredential-part-time-0854cm/,XZEB 1209,,False,False,,,,discovered_unenriched,False,,,Official BCIT program page links to this course page; course detail page not enriched in this run.,official_program_link_candidate
XZEB1211,,,https://www.bcit.ca/courses/introduction-to-project-development-and-implementation-xzeb-1211/,,program_matrix_link,https://www.bcit.ca/programs/essentials-of-community-energy-and-emissions-management-microcredential-part-time-0854cm/,XZEB 1211,,False,False,,,,discovered_unenriched,False,,,Official BCIT program page links to this course page; course detail page not enriched in this run.,official_program_link_candidate
