scope,program_id,program_name,credential,study_mode,school,url,catalogs,catalog_occurrence_count,official_course_reference_count,database_course_count,http_status,final_url,classification,reason,matched_program_id
current_catalog,0020NOBCIT,Technology Entry (TE),,Full-time,School of Computing and Academic Studies,https://www.bcit.ca/programs/technology-entry-te-full-time-0020nobcit/,computing-it|engineering,2,8,,200,https://www.bcit.ca/programs/technology-entry-te-full-time-0020nobcit/,non-program/special entry,Current catalog listing is a Statement of Completion or uses a NOBCIT/non-credential identifier.,
current_catalog,0110APPR,Diesel Engine Mechanic,Apprenticeship,Full-time,School of Transportation,https://www.bcit.ca/programs/diesel-engine-mechanic-apprenticeship-full-time-0110appr/,trades-apprenticeships,1,0,,200,https://www.bcit.ca/programs/diesel-engine-mechanic-apprenticeship-full-time-0110appr/,apprenticeship/training structure without identifiable course IDs,Current apprenticeship page publishes training levels/hours without identifiable BCIT course IDs.,
current_catalog,0120NOBCIT,International Student Entry,,Full-time,School of Computing and Academic Studies,https://www.bcit.ca/programs/international-student-entry-full-time-0120nobcit/,business-media|computing-it,2,0,,200,https://www.bcit.ca/programs/international-student-entry-full-time-0120nobcit/,prior RED/holdback,Official curriculum publishes no identifiable BCIT course references.,
current_catalog,0130NOBCIT,English for Professional and Academic Success,,Full-time,School of Computing and Academic Studies,https://www.bcit.ca/programs/english-for-professional-and-academic-success-full-time-0130nobcit/,business-media|computing-it,2,8,,200,https://www.bcit.ca/programs/english-for-professional-and-academic-success-full-time-0130nobcit/,non-program/special entry,Current catalog listing is a Statement of Completion or uses a NOBCIT/non-credential identifier.,
current_catalog,0205000000,Small Business Management,Statement of Completion,Part-time,School of Business + Media,https://www.bcit.ca/programs/small-business-management-statement-of-completion-part-time-0205000000/,business-media,1,6,,200,https://www.bcit.ca/programs/small-business-management-statement-of-completion-part-time-0205000000/,non-program/special entry,Current catalog listing is a Statement of Completion or uses a NOBCIT/non-credential identifier.,
current_catalog,0210NOBCIT,Masters of Digital Media,,Full-time,School of Business + Media,https://www.bcit.ca/programs/masters-of-digital-media-full-time-0210nobcit/,business-media,1,0,,200,https://www.bcit.ca/programs/masters-of-digital-media-full-time-0210nobcit/,non-program/special entry,Current catalog listing is a Statement of Completion or uses a NOBCIT/non-credential identifier.,
current_catalog,0225000000,Human Resources,Statement of Completion,Part-time,School of Business + Media,https://www.bcit.ca/programs/human-resources-statement-of-completion-part-time-0225000000/,business-media,1,4,,200,https://www.bcit.ca/programs/human-resources-statement-of-completion-part-time-0225000000/,non-program/special entry,Current catalog listing is a Statement of Completion or uses a NOBCIT/non-credential identifier.,
current_catalog,0290000000,Leadership,Statement of Completion,Part-time,School of Business + Media,https://www.bcit.ca/programs/leadership-statement-of-completion-part-time-0290000000/,business-media,1,4,,200,https://www.bcit.ca/programs/leadership-statement-of-completion-part-time-0290000000/,non-program/special entry,Current catalog listing is a Statement of Completion or uses a NOBCIT/non-credential identifier.,
current_catalog,0425000000,Road Area Manager Certification,Statement of Completion,Part-time,School of Construction and the Environment,https://www.bcit.ca/programs/road-area-manager-certification-statement-of-completion-part-time-0425000000/,engineering|trades-apprenticeships,2,6,,200,https://www.bcit.ca/programs/road-area-manager-certification-statement-of-completion-part-time-0425000000/,non-program/special entry,Current catalog listing is a Statement of Completion or uses a NOBCIT/non-credential identifier.,
current_catalog,0440000000,Dental Office Receptionist,Statement of Completion,Part-time,School of Computing and Academic Studies,https://www.bcit.ca/programs/dental-office-receptionist-statement-of-completion-part-time-0440000000/,business-media|computing-it|health-sciences,3,3,,200,https://www.bcit.ca/programs/dental-office-receptionist-statement-of-completion-part-time-0440000000/,non-program/special entry,Current catalog listing is a Statement of Completion or uses a NOBCIT/non-credential identifier.,
current_catalog,0445000000,Digital Photography,Statement of Completion,Part-time,School of Business + Media,https://www.bcit.ca/programs/digital-photography-statement-of-completion-part-time-0445000000/,business-media,1,4,,200,https://www.bcit.ca/programs/digital-photography-statement-of-completion-part-time-0445000000/,non-program/special entry,Current catalog listing is a Statement of Completion or uses a NOBCIT/non-credential identifier.,
current_catalog,0455000000,Lean Business Improvement,Statement of Completion,Part-time,School of Business + Media,https://www.bcit.ca/programs/lean-business-improvement-statement-of-completion-part-time-0455000000/,business-media,1,3,,200,https://www.bcit.ca/programs/lean-business-improvement-statement-of-completion-part-time-0455000000/,non-program/special entry,Current catalog listing is a Statement of Completion or uses a NOBCIT/non-credential identifier.,
current_catalog,0500000000,Management Skills in Communication and Negotiation,Statement of Completion,Part-time,School of Business + Media,https://www.bcit.ca/programs/management-skills-in-communication-and-negotiation-statement-of-completion-part-time-0500000000/,business-media,1,5,,200,https://www.bcit.ca/programs/management-skills-in-communication-and-negotiation-statement-of-completion-part-time-0500000000/,non-program/special entry,Current catalog listing is a Statement of Completion or uses a NOBCIT/non-credential identifier.,
current_catalog,0520000000,Long-term Care Management,Statement of Completion,Part-time,School of Business + Media,https://www.bcit.ca/programs/long-term-care-management-statement-of-completion-part-time-0520000000/,business-media,1,4,,200,https://www.bcit.ca/programs/long-term-care-management-statement-of-completion-part-time-0520000000/,non-program/special entry,Current catalog listing is a Statement of Completion or uses a NOBCIT/non-credential identifier.,
current_catalog,0700000000,House Inspection,Statement of Completion,Part-time,School of Construction and the Environment,https://www.bcit.ca/programs/house-inspection-statement-of-completion-part-time-0700000000/,engineering|trades-apprenticeships,2,6,,200,https://www.bcit.ca/programs/house-inspection-statement-of-completion-part-time-0700000000/,non-program/special entry,Current catalog listing is a Statement of Completion or uses a NOBCIT/non-credential identifier.,
current_catalog,0705000000,International Perfusionist Equivalency Assessment (IPEA),Statement of Completion,Part-time,School of Health Sciences,https://www.bcit.ca/programs/international-perfusionist-equivalency-assessment-ipea-statement-of-completion-part-time-0705000000/,health-sciences,1,4,,200,https://www.bcit.ca/programs/international-perfusionist-equivalency-assessment-ipea-statement-of-completion-part-time-0705000000/,non-program/special entry,Current catalog listing is a Statement of Completion or uses a NOBCIT/non-credential identifier.,
current_catalog,0800CM,Introductory Studies in Mass Timber Construction,Microcredential,Part-time,School of Construction and the Environment,https://www.bcit.ca/programs/introductory-studies-in-mass-timber-construction-microcredential-part-time-0800cm/,engineering|trades-apprenticeships,2,2,,200,https://www.bcit.ca/programs/introductory-studies-in-mass-timber-construction-microcredential-part-time-0800cm/,legitimate remaining import candidate,Current credential-bearing catalog entry is not loaded and publishes identifiable BCIT course references.,
current_catalog,0801CM,Essentials of Natural Resource and Environmental Protection (MENREP),Microcredential,Part-time,School of Construction and the Environment,https://www.bcit.ca/programs/essentials-of-natural-resource-and-environmental-protection-menrep-microcredential-part-time-0801cm/,applied-natural-sciences,1,7,,200,https://www.bcit.ca/programs/essentials-of-natural-resource-and-environmental-protection-menrep-microcredential-part-time-0801cm/,legitimate remaining import candidate,Current credential-bearing catalog entry is not loaded and publishes identifiable BCIT course references.,
current_catalog,0803CM,Script Supervision and Continuity for Film and TV,Microcredential,Part-time,School of Business + Media,https://www.bcit.ca/programs/script-supervision-and-continuity-for-film-and-tv-microcredential-part-time-0803cm/,business-media,1,5,,200,https://www.bcit.ca/programs/script-supervision-and-continuity-for-film-and-tv-microcredential-part-time-0803cm/,legitimate remaining import candidate,Current credential-bearing catalog entry is not loaded and publishes identifiable BCIT course references.,
current_catalog,0804CM,Forensic Nurse Examiner Education for RNs,Microcredential,Part-time,School of Computing and Academic Studies,https://www.bcit.ca/programs/forensic-nurse-examiner-education-for-rns-microcredential-part-time-0804cm/,applied-natural-sciences|health-sciences,2,,2,,https://www.bcit.ca/programs/forensic-nurse-examiner-education-for-rns-microcredential-part-time-0804cm/,already loaded,Exact current catalog program ID matches an active PostgreSQL program.,0804CM
current_catalog,0805CM,Breast Sonography,Microcredential,Part-time,School of Health Sciences,https://www.bcit.ca/programs/breast-sonography-microcredential-part-time-0805cm/,health-sciences,1,2,,200,https://www.bcit.ca/programs/breast-sonography-microcredential-part-time-0805cm/,legitimate remaining import candidate,Current credential-bearing catalog entry is not loaded and publishes identifiable BCIT course references.,
current_catalog,0806CM,Musculoskeletal Sonography,Microcredential,Part-time,School of Health Sciences,https://www.bcit.ca/programs/musculoskeletal-sonography-microcredential-part-time-0806cm/,health-sciences,1,2,,200,https://www.bcit.ca/programs/musculoskeletal-sonography-microcredential-part-time-0806cm/,legitimate remaining import candidate,Current credential-bearing catalog entry is not loaded and publishes identifiable BCIT course references.,
current_catalog,0810CM,Low-Code Mobile Application Development,Microcredential,Part-time,School of Computing and Academic Studies,https://www.bcit.ca/programs/low-code-mobile-application-development-microcredential-part-time-0810cm/,computing-it,1,,3,,https://www.bcit.ca/programs/low-code-mobile-application-development-microcredential-part-time-0810cm/,already loaded,Exact current catalog program ID matches an active PostgreSQL program.,0810CM
current_catalog,0811CM,Essentials of Data Networks,Microcredential,Part-time,School of Energy,https://www.bcit.ca/programs/essentials-of-data-networks-microcredential-part-time-0811cm/,computing-it,1,3,,200,https://www.bcit.ca/programs/essentials-of-data-networks-microcredential-part-time-0811cm/,legitimate remaining import candidate,Current credential-bearing catalog entry is not loaded and publishes identifiable BCIT course references.,
current_catalog,0812CM,Cybersecurity Analysis for Network Administrators,Microcredential,Part-time,School of Energy,https://www.bcit.ca/programs/cybersecurity-analysis-for-network-administrators-microcredential-part-time-0812cm/,computing-it,1,5,,200,https://www.bcit.ca/programs/cybersecurity-analysis-for-network-administrators-microcredential-part-time-0812cm/,legitimate remaining import candidate,Current credential-bearing catalog entry is not loaded and publishes identifiable BCIT course references.,
current_catalog,0813CM,Advanced Forensic Nurse Examiner,Microcredential,Part-time,School of Computing and Academic Studies,https://www.bcit.ca/programs/advanced-forensic-nurse-examiner-microcredential-part-time-0813cm/,applied-natural-sciences|health-sciences,2,,7,,https://www.bcit.ca/programs/advanced-forensic-nurse-examiner-microcredential-part-time-0813cm/,already loaded,Exact current catalog program ID matches an active PostgreSQL program.,0813CM
current_catalog,0814CM,Essential Field Skills for Environmental Professionals,Microcredential,Part-time,School of Construction and the Environment,https://www.bcit.ca/programs/essential-field-skills-for-environmental-professionals-microcredential-part-time-0814cm/,applied-natural-sciences|engineering,2,4,,200,https://www.bcit.ca/programs/essential-field-skills-for-environmental-professionals-microcredential-part-time-0814cm/,legitimate remaining import candidate,Current credential-bearing catalog entry is not loaded and publishes identifiable BCIT course references.,
current_catalog,0815CM,Supervising Net-Zero and Passive House Construction,Microcredential,Part-time,School of Construction and the Environment,https://www.bcit.ca/programs/supervising-net-zero-and-passive-house-construction-microcredential-part-time-0815cm/,engineering|trades-apprenticeships,2,7,,200,https://www.bcit.ca/programs/supervising-net-zero-and-passive-house-construction-microcredential-part-time-0815cm/,legitimate remaining import candidate,Current credential-bearing catalog entry is not loaded and publishes identifiable BCIT course references.,
current_catalog,0816CM,Applied Circular Economy: Zero Waste Buildings,Microcredential,Part-time,School of Construction and the Environment,https://www.bcit.ca/programs/applied-circular-economy-zero-waste-buildings-microcredential-part-time-0816cm/,applied-natural-sciences|engineering,2,,3,,https://www.bcit.ca/programs/applied-circular-economy-zero-waste-buildings-microcredential-part-time-0816cm/,already loaded,Exact current catalog program ID matches an active PostgreSQL program.,0816CM
current_catalog,0817CM,Introduction to Forest Health Quantification with RPAS,Microcredential,Part-time,School of Construction and the Environment,https://www.bcit.ca/programs/introduction-to-forest-health-quantification-with-rpas-microcredential-part-time-0817cm/,applied-natural-sciences|engineering,2,4,,200,https://www.bcit.ca/programs/introduction-to-forest-health-quantification-with-rpas-microcredential-part-time-0817cm/,legitimate remaining import candidate,Current credential-bearing catalog entry is not loaded and publishes identifiable BCIT course references.,
current_catalog,0819CM,Essentials of Net-Zero and Passive House Construction,Microcredential,Part-time,School of Construction and the Environment,https://www.bcit.ca/programs/essentials-of-net-zero-and-passive-house-construction-microcredential-part-time-0819cm/,engineering|trades-apprenticeships,4,6,,200,https://www.bcit.ca/programs/essentials-of-net-zero-and-passive-house-construction-microcredential-part-time-0819cm/,legitimate remaining import candidate,Current credential-bearing catalog entry is not loaded and publishes identifiable BCIT course references.,
current_catalog,0820CM,Cybersecurity Essentials for IT Professionals,Microcredential,Part-time,School of Computing and Academic Studies,https://www.bcit.ca/programs/cybersecurity-essentials-for-it-professionals-microcredential-part-time-0820cm/,computing-it,2,,3,,https://www.bcit.ca/programs/cybersecurity-essentials-for-it-professionals-microcredential-part-time-0820cm/,already loaded,Exact current catalog program ID matches an active PostgreSQL program.,0820CM
current_catalog,0822CM,Food Safety Preventive Controls and HACCP Plans,Microcredential,Part-time,School of Health Sciences,https://www.bcit.ca/programs/food-safety-preventive-controls-and-haccp-plans-microcredential-part-time-0822cm/,health-sciences,1,2,,200,https://www.bcit.ca/programs/food-safety-preventive-controls-and-haccp-plans-microcredential-part-time-0822cm/,legitimate remaining import candidate,Current credential-bearing catalog entry is not loaded and publishes identifiable BCIT course references.,
current_catalog,0823CM,Food Safety Management,Microcredential,Part-time,School of Health Sciences,https://www.bcit.ca/programs/food-safety-management-microcredential-part-time-0823cm/,health-sciences,1,1,,200,https://www.bcit.ca/programs/food-safety-management-microcredential-part-time-0823cm/,legitimate remaining import candidate,Current credential-bearing catalog entry is not loaded and publishes identifiable BCIT course references.,
current_catalog,0824CM,Animal Cell Culture,Microcredential,Part-time,School of Health Sciences,https://www.bcit.ca/programs/animal-cell-culture-microcredential-part-time-0824cm/,health-sciences,1,2,,200,https://www.bcit.ca/programs/animal-cell-culture-microcredential-part-time-0824cm/,legitimate remaining import candidate,Current credential-bearing catalog entry is not loaded and publishes identifiable BCIT course references.,
current_catalog,0825CM,Canadian Employment Readiness (CER),Microcredential,Part-time,BCIT International,https://www.bcit.ca/programs/canadian-employment-readiness-cer-microcredential-part-time-0825cm/,business-media|computing-it,2,2,,200,https://www.bcit.ca/programs/canadian-employment-readiness-cer-microcredential-part-time-0825cm/,legitimate remaining import candidate,Current credential-bearing catalog entry is not loaded and publishes identifiable BCIT course references.,
current_catalog,0826CM,Technical Communication Essentials,Microcredential,Part-time,School of Computing and Academic Studies,https://www.bcit.ca/programs/technical-communication-essentials-microcredential-part-time-0826cm/,business-media,1,,8,,https://www.bcit.ca/programs/technical-communication-essentials-microcredential-part-time-0826cm/,already loaded,Exact current catalog program ID matches an active PostgreSQL program.,0826CM
current_catalog,0828CM,Student Mobility Preparedness,Microcredential,Part-time,BCIT International,https://www.bcit.ca/programs/student-mobility-preparedness-microcredential-part-time-0828cm/,business-media|computing-it,2,3,,200,https://www.bcit.ca/programs/student-mobility-preparedness-microcredential-part-time-0828cm/,legitimate remaining import candidate,Current credential-bearing catalog entry is not loaded and publishes identifiable BCIT course references.,
current_catalog,0829CM,Building Energy Modelling and Simulation,Microcredential,Part-time,School of Energy,https://www.bcit.ca/programs/building-energy-modelling-and-simulation-microcredential-part-time-0829cm/,applied-natural-sciences|engineering,2,3,,200,https://www.bcit.ca/programs/building-energy-modelling-and-simulation-microcredential-part-time-0829cm/,legitimate remaining import candidate,Current credential-bearing catalog entry is not loaded and publishes identifiable BCIT course references.,
current_catalog,0830CM,Whole-Building Life Cycle Assessment Professional,Microcredential,Part-time,School of Construction and the Environment,https://www.bcit.ca/programs/whole-building-life-cycle-assessment-professional-microcredential-part-time-0830cm/,applied-natural-sciences|engineering|trades-apprenticeships,3,4,,200,https://www.bcit.ca/programs/whole-building-life-cycle-assessment-professional-microcredential-part-time-0830cm/,legitimate remaining import candidate,Current credential-bearing catalog entry is not loaded and publishes identifiable BCIT course references.,
current_catalog,0831CM,Industrial Networking for Cybersecurity Professionals,Microcredential,Part-time,School of Energy,https://www.bcit.ca/programs/industrial-networking-for-cybersecurity-professionals-microcredential-part-time-0831cm/,computing-it,1,,5,,https://www.bcit.ca/programs/industrial-networking-for-cybersecurity-professionals-microcredential-part-time-0831cm/,already loaded,Exact current catalog program ID matches an active PostgreSQL program.,0831CM
current_catalog,0832CM,Cybersecurity Operations,Microcredential,Part-time,School of Energy,https://www.bcit.ca/programs/cybersecurity-operations-microcredential-part-time-0832cm/,computing-it,1,,4,,https://www.bcit.ca/programs/cybersecurity-operations-microcredential-part-time-0832cm/,already loaded,Exact current catalog program ID matches an active PostgreSQL program.,0832CM
current_catalog,0833CM,Forensic Nurse Death Investigator,Microcredential,Part-time,School of Computing and Academic Studies,https://www.bcit.ca/programs/forensic-nurse-death-investigator-microcredential-part-time-0833cm/,applied-natural-sciences|health-sciences,2,2,,200,https://www.bcit.ca/programs/forensic-nurse-death-investigator-microcredential-part-time-0833cm/,legitimate remaining import candidate,Current credential-bearing catalog entry is not loaded and publishes identifiable BCIT course references.,
current_catalog,0835CM,International Education Practitioner - Foundation,Microcredential,Part-time,BCIT International,https://www.bcit.ca/programs/international-education-practitioner-foundation-microcredential-part-time-0835cm/,business-media|computing-it,2,5,,200,https://www.bcit.ca/programs/international-education-practitioner-foundation-microcredential-part-time-0835cm/,legitimate remaining import candidate,Current credential-bearing catalog entry is not loaded and publishes identifiable BCIT course references.,
current_catalog,0836CM,Drone Applications for Environmental Risk Assessment,Microcredential,Part-time,School of Construction and the Environment,https://www.bcit.ca/programs/drone-applications-for-environmental-risk-assessment-microcredential-part-time-0836cm/,applied-natural-sciences|engineering,2,4,,200,https://www.bcit.ca/programs/drone-applications-for-environmental-risk-assessment-microcredential-part-time-0836cm/,legitimate remaining import candidate,Current credential-bearing catalog entry is not loaded and publishes identifiable BCIT course references.,
current_catalog,0837CM,Foundational Digital Forensics Skills,Microcredential,Part-time,School of Computing and Academic Studies,https://www.bcit.ca/programs/foundational-digital-forensics-skills-microcredential-part-time-0837cm/,computing-it,2,3,,200,https://www.bcit.ca/programs/foundational-digital-forensics-skills-microcredential-part-time-0837cm/,legitimate remaining import candidate,Current credential-bearing catalog entry is not loaded and publishes identifiable BCIT course references.,
current_catalog,0838CM,Automotive Service Management Essentials,Microcredential,Part-time,School of Transportation,https://www.bcit.ca/programs/automotive-service-management-essentials-microcredential-part-time-0838cm/,trades-apprenticeships,1,2,,200,https://www.bcit.ca/programs/automotive-service-management-essentials-microcredential-part-time-0838cm/,legitimate remaining import candidate,Current credential-bearing catalog entry is not loaded and publishes identifiable BCIT course references.,
current_catalog,0839CM,"Fiber Optics - Principles, Installation and Repair",Microcredential,Part-time,School of Energy,https://www.bcit.ca/programs/fiber-optics-principles-installation-and-repair-microcredential-part-time-0839cm/,trades-apprenticeships,1,,2,,https://www.bcit.ca/programs/fiber-optics-principles-installation-and-repair-microcredential-part-time-0839cm/,already loaded,Exact current catalog program ID matches an active PostgreSQL program.,0839CM
current_catalog,0840CM,Introduction to Full-Stack Web Development,Microcredential,Part-time,School of Computing and Academic Studies,https://www.bcit.ca/programs/introduction-to-full-stack-web-development-microcredential-part-time-0840cm/,business-media|computing-it,3,2,,200,https://www.bcit.ca/programs/introduction-to-full-stack-web-development-microcredential-part-time-0840cm/,legitimate remaining import candidate,Current credential-bearing catalog entry is not loaded and publishes identifiable BCIT course references.,
current_catalog,0841CM,Web Development Foundations (WDF),Microcredential,Part-time,School of Computing and Academic Studies,https://www.bcit.ca/programs/web-development-foundations-wdf-microcredential-part-time-0841cm/,business-media|computing-it,3,2,,200,https://www.bcit.ca/programs/web-development-foundations-wdf-microcredential-part-time-0841cm/,legitimate remaining import candidate,Current credential-bearing catalog entry is not loaded and publishes identifiable BCIT course references.,
current_catalog,0842CM,Data Visualization with MS Power BI,Microcredential,Part-time,School of Computing and Academic Studies,https://www.bcit.ca/programs/data-visualization-with-ms-power-bi-microcredential-part-time-0842cm/,business-media|computing-it,6,2,,200,https://www.bcit.ca/programs/data-visualization-with-ms-power-bi-microcredential-part-time-0842cm/,legitimate remaining import candidate,Current credential-bearing catalog entry is not loaded and publishes identifiable BCIT course references.,
current_catalog,0843CM,Spanish Language and Culture Fundamentals,Microcredential,Part-time,BCIT International,https://www.bcit.ca/programs/spanish-language-and-culture-fundamentals-microcredential-part-time-0843cm/,business-media|computing-it,3,2,,200,https://www.bcit.ca/programs/spanish-language-and-culture-fundamentals-microcredential-part-time-0843cm/,legitimate remaining import candidate,Current credential-bearing catalog entry is not loaded and publishes identifiable BCIT course references.,
current_catalog,0844CM,Fundamentals of Virtual Containers,Microcredential,Part-time,School of Energy,https://www.bcit.ca/programs/fundamentals-of-virtual-containers-microcredential-part-time-0844cm/,computing-it,3,2,,200,https://www.bcit.ca/programs/fundamentals-of-virtual-containers-microcredential-part-time-0844cm/,legitimate remaining import candidate,Current credential-bearing catalog entry is not loaded and publishes identifiable BCIT course references.,
current_catalog,0845CM,Network Switching and Routing,Microcredential,Part-time,School of Energy,https://www.bcit.ca/programs/network-switching-and-routing-microcredential-part-time-0845cm/,computing-it,1,,2,,https://www.bcit.ca/programs/network-switching-and-routing-microcredential-part-time-0845cm/,already loaded,Exact current catalog program ID matches an active PostgreSQL program.,0845CM
current_catalog,0846CM,Sterile Field and the Aseptic Environment,Microcredential,Part-time,School of Health Sciences,https://www.bcit.ca/programs/sterile-field-and-the-aseptic-environment-microcredential-part-time-0846cm/,health-sciences,1,3,,200,https://www.bcit.ca/programs/sterile-field-and-the-aseptic-environment-microcredential-part-time-0846cm/,legitimate remaining import candidate,Current credential-bearing catalog entry is not loaded and publishes identifiable BCIT course references.,
current_catalog,0847CM,Wind Turbine Essentials,Microcredential,Part-time,School of Energy,https://www.bcit.ca/programs/wind-turbine-essentials-microcredential-part-time-0847cm/,trades-apprenticeships,1,2,,200,https://www.bcit.ca/programs/wind-turbine-essentials-microcredential-part-time-0847cm/,legitimate remaining import candidate,Current credential-bearing catalog entry is not loaded and publishes identifiable BCIT course references.,
current_catalog,0848CM,Advanced Topics in Networking,Microcredential,Part-time,School of Energy,https://www.bcit.ca/programs/advanced-topics-in-networking-microcredential-part-time-0848cm/,computing-it,1,2,,200,https://www.bcit.ca/programs/advanced-topics-in-networking-microcredential-part-time-0848cm/,legitimate remaining import candidate,Current credential-bearing catalog entry is not loaded and publishes identifiable BCIT course references.,
current_catalog,0849CM,Asbestos Awareness and Safety,Microcredential,Part-time,School of Health Sciences,https://www.bcit.ca/programs/asbestos-awareness-and-safety-microcredential-part-time-0849cm/,health-sciences,1,3,,200,https://www.bcit.ca/programs/asbestos-awareness-and-safety-microcredential-part-time-0849cm/,legitimate remaining import candidate,Current credential-bearing catalog entry is not loaded and publishes identifiable BCIT course references.,
current_catalog,0850CM,Fraud and Financial Crime Investigation,Microcredential,Part-time,School of Computing and Academic Studies,https://www.bcit.ca/programs/fraud-and-financial-crime-investigation-microcredential-part-time-0850cm/,applied-natural-sciences|business-media|computing-it,4,8,,200,https://www.bcit.ca/programs/fraud-and-financial-crime-investigation-microcredential-part-time-0850cm/,legitimate remaining import candidate,Current credential-bearing catalog entry is not loaded and publishes identifiable BCIT course references.,
current_catalog,0851CM,Aircraft Defect Inspection and Reporting Techniques,Microcredential,Part-time,School of Transportation,https://www.bcit.ca/programs/aircraft-defect-inspection-and-reporting-techniques-microcredential-part-time-0851cm/,trades-apprenticeships,1,2,,200,https://www.bcit.ca/programs/aircraft-defect-inspection-and-reporting-techniques-microcredential-part-time-0851cm/,legitimate remaining import candidate,Current credential-bearing catalog entry is not loaded and publishes identifiable BCIT course references.,
current_catalog,0852CM,Canadian Engineering Professional Practice,Microcredential,Part-time,School of Energy,https://www.bcit.ca/programs/canadian-engineering-professional-practice-microcredential-part-time-0852cm/,applied-natural-sciences|engineering,2,3,,200,https://www.bcit.ca/programs/canadian-engineering-professional-practice-microcredential-part-time-0852cm/,legitimate remaining import candidate,Current credential-bearing catalog entry is not loaded and publishes identifiable BCIT course references.,
current_catalog,0853CM,Principles of Regenerative Building,Microcredential,Part-time,School of Construction and the Environment,https://www.bcit.ca/programs/principles-of-regenerative-building-microcredential-part-time-0853cm/,applied-natural-sciences|engineering,2,3,,200,https://www.bcit.ca/programs/principles-of-regenerative-building-microcredential-part-time-0853cm/,legitimate remaining import candidate,Current credential-bearing catalog entry is not loaded and publishes identifiable BCIT course references.,
current_catalog,0854CM,Essentials of Community Energy and Emissions Management,Microcredential,Part-time,School of Construction and the Environment,https://www.bcit.ca/programs/essentials-of-community-energy-and-emissions-management-microcredential-part-time-0854cm/,applied-natural-sciences|engineering,2,6,,200,https://www.bcit.ca/programs/essentials-of-community-energy-and-emissions-management-microcredential-part-time-0854cm/,legitimate remaining import candidate,Current credential-bearing catalog entry is not loaded and publishes identifiable BCIT course references.,
current_catalog,0855CM,Thermal Power Plant Simulation Proficiency,Microcredential,Part-time,School of Energy,https://www.bcit.ca/programs/thermal-power-plant-simulation-proficiency-microcredential-part-time-0855cm/,engineering,1,2,,200,https://www.bcit.ca/programs/thermal-power-plant-simulation-proficiency-microcredential-part-time-0855cm/,legitimate remaining import candidate,Current credential-bearing catalog entry is not loaded and publishes identifiable BCIT course references.,
current_catalog,0856CM,Retrofit Solutions for Rural Communities,Microcredential,Part-time,School of Construction and the Environment,https://www.bcit.ca/programs/retrofit-solutions-for-rural-communities-microcredential-part-time-0856cm/,trades-apprenticeships,1,2,,200,https://www.bcit.ca/programs/retrofit-solutions-for-rural-communities-microcredential-part-time-0856cm/,legitimate remaining import candidate,Current credential-bearing catalog entry is not loaded and publishes identifiable BCIT course references.,
current_catalog,0857CM,Automotive Collision Estimator,Microcredential,Part-time,School of Transportation,https://www.bcit.ca/programs/automotive-collision-estimator-microcredential-part-time-0857cm/,trades-apprenticeships,1,2,,200,https://www.bcit.ca/programs/automotive-collision-estimator-microcredential-part-time-0857cm/,legitimate remaining import candidate,Current credential-bearing catalog entry is not loaded and publishes identifiable BCIT course references.,
current_catalog,0859CM,Sexual and Reproductive Health Foundations,Microcredential,Part-time,School of Health Sciences,https://www.bcit.ca/programs/sexual-and-reproductive-health-foundations-microcredential-part-time-0859cm/,health-sciences,1,2,,200,https://www.bcit.ca/programs/sexual-and-reproductive-health-foundations-microcredential-part-time-0859cm/,legitimate remaining import candidate,Current credential-bearing catalog entry is not loaded and publishes identifiable BCIT course references.,
current_catalog,0860CM,Heat Pump Maintenance and Troubleshooting,Microcredential,Part-time,School of Energy,https://www.bcit.ca/programs/heat-pump-maintenance-and-troubleshooting-microcredential-part-time-0860cm/,trades-apprenticeships,2,3,,200,https://www.bcit.ca/programs/heat-pump-maintenance-and-troubleshooting-microcredential-part-time-0860cm/,legitimate remaining import candidate,Current credential-bearing catalog entry is not loaded and publishes identifiable BCIT course references.,
current_catalog,0861CM,Climate Changemakers Leadership Training,Microcredential,Part-time,School of Construction and the Environment,https://www.bcit.ca/programs/climate-changemakers-leadership-training-microcredential-part-time-0861cm/,applied-natural-sciences,1,4,,200,https://www.bcit.ca/programs/climate-changemakers-leadership-training-microcredential-part-time-0861cm/,legitimate remaining import candidate,Current credential-bearing catalog entry is not loaded and publishes identifiable BCIT course references.,
current_catalog,0862CM,Residential Air to Air Heat Pump Specialist,Microcredential,Part-time,School of Construction and the Environment,https://www.bcit.ca/programs/residential-air-to-air-heat-pump-specialist-microcredential-part-time-0862cm/,engineering|trades-apprenticeships,5,6,,200,https://www.bcit.ca/programs/residential-air-to-air-heat-pump-specialist-microcredential-part-time-0862cm/,legitimate remaining import candidate,Current credential-bearing catalog entry is not loaded and publishes identifiable BCIT course references.,
current_catalog,0864CM,Marine Business Essentials,Microcredential,Part-time,School of Transportation,https://www.bcit.ca/programs/marine-business-essentials-microcredential-part-time-0864cm/,business-media|trades-apprenticeships,3,,10,,https://www.bcit.ca/programs/marine-business-essentials-microcredential-part-time-0864cm/,already loaded,Exact current catalog program ID matches an active PostgreSQL program.,0864CM
current_catalog,0865CM,Introduction to Power Systems Protection Design,Microcredential,Part-time,School of Energy,https://www.bcit.ca/programs/introduction-to-power-systems-protection-design-microcredential-part-time-0865cm/,engineering,1,3,,200,https://www.bcit.ca/programs/introduction-to-power-systems-protection-design-microcredential-part-time-0865cm/,legitimate remaining import candidate,Current credential-bearing catalog entry is not loaded and publishes identifiable BCIT course references.,
current_catalog,0866CM,Distribution Design for Electrical Utilities,Microcredential,Part-time,School of Energy,https://www.bcit.ca/programs/distribution-design-for-electrical-utilities-microcredential-part-time-0866cm/,engineering,1,3,,200,https://www.bcit.ca/programs/distribution-design-for-electrical-utilities-microcredential-part-time-0866cm/,legitimate remaining import candidate,Current credential-bearing catalog entry is not loaded and publishes identifiable BCIT course references.,
current_catalog,0869CM,Occupational Health and Safety Essentials,Microcredential,Part-time,School of Health Sciences,https://www.bcit.ca/programs/occupational-health-and-safety-essentials-microcredential-part-time-0869cm/,health-sciences,1,3,,200,https://www.bcit.ca/programs/occupational-health-and-safety-essentials-microcredential-part-time-0869cm/,legitimate remaining import candidate,Current credential-bearing catalog entry is not loaded and publishes identifiable BCIT course references.,
current_catalog,0870CM,Sexual Health Rehabilitation,Microcredential,Part-time,School of Health Sciences,https://www.bcit.ca/programs/sexual-health-rehabilitation-microcredential-part-time-0870cm/,health-sciences,1,2,,200,https://www.bcit.ca/programs/sexual-health-rehabilitation-microcredential-part-time-0870cm/,legitimate remaining import candidate,Current credential-bearing catalog entry is not loaded and publishes identifiable BCIT course references.,
current_catalog,0872CM,Techniques for Crime & Intelligence Analysts (TCIA),Microcredential,Part-time,School of Computing and Academic Studies,https://www.bcit.ca/programs/techniques-for-crime-and-intelligence-analysts-tcia-microcredential-part-time-0872cm/,computing-it,1,8,,200,https://www.bcit.ca/programs/techniques-for-crime-and-intelligence-analysts-tcia-microcredential-part-time-0872cm/,legitimate remaining import candidate,Current credential-bearing catalog entry is not loaded and publishes identifiable BCIT course references.,
current_catalog,0873CM,Fundamentals in Polytechnic Teaching,Microcredential,Part-time,Learning and Teaching Centre,https://www.bcit.ca/programs/fundamentals-in-polytechnic-teaching-microcredential-part-time-0873cm/,business-media,1,3,,200,https://www.bcit.ca/programs/fundamentals-in-polytechnic-teaching-microcredential-part-time-0873cm/,legitimate remaining import candidate,Current credential-bearing catalog entry is not loaded and publishes identifiable BCIT course references.,
current_catalog,0874CM,"Fundamentals in Architecture, Construction, and Engineering",Microcredential,Part-time,School of Construction and the Environment,https://www.bcit.ca/programs/fundamentals-in-architecture-construction-and-engineering-microcredential-part-time-0874cm/,engineering|trades-apprenticeships,3,3,,200,https://www.bcit.ca/programs/fundamentals-in-architecture-construction-and-engineering-microcredential-part-time-0874cm/,legitimate remaining import candidate,Current credential-bearing catalog entry is not loaded and publishes identifiable BCIT course references.,
current_catalog,0875CM,Applied Additive Manufacturing,Microcredential,Part-time,School of Energy,https://www.bcit.ca/programs/applied-additive-manufacturing-microcredential-part-time-0875cm/,engineering,1,3,,200,https://www.bcit.ca/programs/applied-additive-manufacturing-microcredential-part-time-0875cm/,legitimate remaining import candidate,Current credential-bearing catalog entry is not loaded and publishes identifiable BCIT course references.,
current_catalog,0876CM,Applied Mass Timber Engineering,Microcredential,Part-time,School of Construction and the Environment,https://www.bcit.ca/programs/applied-mass-timber-engineering-microcredential-part-time-0876cm/,engineering|trades-apprenticeships,2,,4,,https://www.bcit.ca/programs/applied-mass-timber-engineering-microcredential-part-time-0876cm/,already loaded,Exact current catalog program ID matches an active PostgreSQL program.,0876CM
current_catalog,100ADIPMA,Airline and Flight Operations Commercial Pilot (Fixed-Wing),Diploma,Full-time,School of Transportation,https://www.bcit.ca/programs/airline-and-flight-operations-commercial-pilot-fixed-wing-diploma-full-time-100adipma/,trades-apprenticeships,1,,38,,https://www.bcit.ca/programs/airline-and-flight-operations-commercial-pilot-fixed-wing-diploma-full-time-100adipma/,already loaded,Exact current catalog program ID matches an active PostgreSQL program.,100ADIPMA
current_catalog,100BDIPMA,Airline and Flight Operations Commercial Pilot (Rotary-Wing),Diploma,Full-time,School of Transportation,https://www.bcit.ca/programs/airline-and-flight-operations-commercial-pilot-rotary-wing-diploma-full-time-100bdipma/,trades-apprenticeships,1,,33,,https://www.bcit.ca/programs/airline-and-flight-operations-commercial-pilot-rotary-wing-diploma-full-time-100bdipma/,already loaded,Exact current catalog program ID matches an active PostgreSQL program.,100BDIPMA
current_catalog,1030CERTTS,Aircraft Gas Turbine Technician,Certificate,Full-time,School of Transportation,https://www.bcit.ca/programs/aircraft-gas-turbine-technician-certificate-full-time-1030certts/,engineering|trades-apprenticeships,2,11,,200,https://www.bcit.ca/programs/aircraft-gas-turbine-technician-certificate-full-time-1030certts/,legitimate remaining import candidate,Current credential-bearing catalog entry is not loaded and publishes identifiable BCIT course references.,
current_catalog,1070ACERT,Airport Operations,Associate Certificate,Part-time,School of Transportation,https://www.bcit.ca/programs/airport-operations-associate-certificate-part-time-1070acert/,trades-apprenticeships,1,,9,,https://www.bcit.ca/programs/airport-operations-associate-certificate-part-time-1070acert/,already loaded,Exact current catalog program ID matches an active PostgreSQL program.,1070ACERT
current_catalog,1155ACERT,Construction Drawings,Associate Certificate,Part-time,School of Construction and the Environment,https://www.bcit.ca/programs/construction-drawings-associate-certificate-part-time-1155acert/,engineering|trades-apprenticeships,2,7,,200,https://www.bcit.ca/programs/construction-drawings-associate-certificate-part-time-1155acert/,legitimate remaining import candidate,Current credential-bearing catalog entry is not loaded and publishes identifiable BCIT course references.,
current_catalog,1165DIPMA,Aircraft Maintenance Engineer Category ‘E’ (Electronics),Diploma,Full-time,School of Transportation,https://www.bcit.ca/programs/aircraft-maintenance-engineer-category-e-electronics-diploma-full-time-1165dipma/,engineering|trades-apprenticeships,2,,18,,https://www.bcit.ca/programs/aircraft-maintenance-engineer-category-e-electronics-diploma-full-time-1165dipma/,already loaded,Exact current catalog program ID matches an active PostgreSQL program.,1165DIPMA
current_catalog,1175DIPMA,Aviation Management and Operations,Diploma,Full-time,School of Transportation,https://www.bcit.ca/programs/aviation-management-and-operations-diploma-full-time-1175dipma/,trades-apprenticeships,1,,38,,https://www.bcit.ca/programs/aviation-management-and-operations-diploma-full-time-1175dipma/,already loaded,Exact current catalog program ID matches an active PostgreSQL program.,1175DIPMA
current_catalog,1180ACERT,Trades Discovery General,Associate Certificate,Full-time,School of Transportation,https://www.bcit.ca/programs/trades-discovery-general-associate-certificate-full-time-1180acert/,trades-apprenticeships,1,,9,,https://www.bcit.ca/programs/trades-discovery-general-associate-certificate-full-time-1180acert/,already loaded,Exact current catalog program ID matches an active PostgreSQL program.,1180ACERT
current_catalog,1190ACERT,Trades Discovery for Women,Associate Certificate,Full-time,School of Transportation,https://www.bcit.ca/programs/trades-discovery-for-women-associate-certificate-full-time-1190acert/,trades-apprenticeships,1,,9,,https://www.bcit.ca/programs/trades-discovery-for-women-associate-certificate-full-time-1190acert/,already loaded,Exact current catalog program ID matches an active PostgreSQL program.,1190ACERT
current_catalog,1195IPCERT,Advanced Gas Turbine,BCIT/Industry Partnership Certificate,Full-time,School of Transportation,https://www.bcit.ca/programs/advanced-gas-turbine-bcit-industry-partnership-certificate-full-time-1195ipcert/,engineering|trades-apprenticeships,2,,7,,https://www.bcit.ca/programs/advanced-gas-turbine-bcit-industry-partnership-certificate-full-time-1195ipcert/,already loaded,Exact current catalog program ID matches an active PostgreSQL program.,1195IPCERT
current_catalog,1205DIPMA,Aircraft Maintenance Engineer Category 'S' (Structures),Diploma,Full-time,School of Transportation,https://www.bcit.ca/programs/aircraft-maintenance-engineer-category-s-structures-diploma-full-time-1205dipma/,engineering|trades-apprenticeships,2,,20,,https://www.bcit.ca/programs/aircraft-maintenance-engineer-category-s-structures-diploma-full-time-1205dipma/,already loaded,Exact current catalog program ID matches an active PostgreSQL program.,1205DIPMA
current_catalog,1230DIPMA,Aircraft Maintenance Engineer Category 'M' (Maintenance),Diploma,Full-time,School of Transportation,https://www.bcit.ca/programs/aircraft-maintenance-engineer-category-m-maintenance-diploma-full-time-1230dipma/,engineering|trades-apprenticeships,2,,22,,https://www.bcit.ca/programs/aircraft-maintenance-engineer-category-m-maintenance-diploma-full-time-1230dipma/,already loaded,Exact current catalog program ID matches an active PostgreSQL program.,1230DIPMA
current_catalog,1255CERT,Auto Body Repair and Refinishing Technician Foundation,Certificate,Full-time,School of Transportation,https://www.bcit.ca/programs/auto-body-repair-and-refinishing-technician-foundation-certificate-full-time-1255cert/,trades-apprenticeships,1,,15,,https://www.bcit.ca/programs/auto-body-repair-and-refinishing-technician-foundation-certificate-full-time-1255cert/,already loaded,Exact current catalog program ID matches an active PostgreSQL program.,1255CERT
current_catalog,1320ADCERT,Automated Controls Installation and Maintenance,Advanced Certificate,Part-time,School of Construction and the Environment,https://www.bcit.ca/programs/automated-controls-installation-and-maintenance-advanced-certificate-part-time-1320adcert/,engineering|trades-apprenticeships,4,,8,,https://www.bcit.ca/programs/automated-controls-installation-and-maintenance-advanced-certificate-part-time-1320adcert/,already loaded,Exact current catalog program ID matches an active PostgreSQL program.,1320ADCERT
current_catalog,1355TTCERT,Automotive Technician Foundation,Certificate,Full-time,School of Transportation,https://www.bcit.ca/programs/automotive-technician-foundation-certificate-full-time-1355ttcert/,trades-apprenticeships,1,,12,,https://www.bcit.ca/programs/automotive-technician-foundation-certificate-full-time-1355ttcert/,already loaded,Exact current catalog program ID matches an active PostgreSQL program.,1355TTCERT
current_catalog,1360CERT,Automotive Technician (Honda/Acura Foundation),Certificate,Full-time,School of Transportation,https://www.bcit.ca/programs/automotive-technician-honda-acura-foundation-certificate-full-time-1360cert/,trades-apprenticeships,1,13,,200,https://www.bcit.ca/programs/automotive-technician-honda-acura-foundation-certificate-full-time-1360cert/,legitimate remaining import candidate,Current credential-bearing catalog entry is not loaded and publishes identifiable BCIT course references.,
current_catalog,1375TTCERT,Automotive Technician (Toyota Foundation),Certificate,Full-time,School of Transportation,https://www.bcit.ca/programs/automotive-technician-toyota-foundation-certificate-full-time-1375ttcert/,trades-apprenticeships,1,13,,200,https://www.bcit.ca/programs/automotive-technician-toyota-foundation-certificate-full-time-1375ttcert/,legitimate remaining import candidate,Current credential-bearing catalog entry is not loaded and publishes identifiable BCIT course references.,
current_catalog,1430DIPMA,Automotive Service Technician and Operations,Diploma,Full-time,School of Transportation,https://www.bcit.ca/programs/automotive-service-technician-and-operations-diploma-full-time-1430dipma/,trades-apprenticeships,1,41,,200,https://www.bcit.ca/programs/automotive-service-technician-and-operations-diploma-full-time-1430dipma/,legitimate remaining import candidate,Current credential-bearing catalog entry is not loaded and publishes identifiable BCIT course references.,
current_catalog,143ADIPMA,Automotive Service Technician and Operations (Ford ASSET Option),Diploma,Full-time,School of Transportation,https://www.bcit.ca/programs/automotive-service-technician-and-operations-ford-asset-option-diploma-full-time-143adipma/,trades-apprenticeships,1,41,,200,https://www.bcit.ca/programs/automotive-service-technician-and-operations-ford-asset-option-diploma-full-time-143adipma/,legitimate remaining import candidate,Current credential-bearing catalog entry is not loaded and publishes identifiable BCIT course references.,
current_catalog,143BDIPMA,Automotive Service Technician and Operations - Non-Co-op Option,Diploma,Full-time,School of Transportation,https://www.bcit.ca/programs/automotive-service-technician-and-operations-non-co-op-option-diploma-full-time-143bdipma/,trades-apprenticeships,1,39,,200,https://www.bcit.ca/programs/automotive-service-technician-and-operations-non-co-op-option-diploma-full-time-143bdipma/,legitimate remaining import candidate,Current credential-bearing catalog entry is not loaded and publishes identifiable BCIT course references.,
current_catalog,1450TTCERT,Boilermaker Foundation,Certificate,Full-time,School of Construction and the Environment,https://www.bcit.ca/programs/boilermaker-foundation-certificate-full-time-1450ttcert/,trades-apprenticeships,1,,13,,https://www.bcit.ca/programs/boilermaker-foundation-certificate-full-time-1450ttcert/,already loaded,Exact current catalog program ID matches an active PostgreSQL program.,1450TTCERT
current_catalog,1525TTDIPL,CNC Machinist Technician,Diploma,Full-time,School of Energy,https://www.bcit.ca/programs/cnc-machinist-technician-diploma-full-time-1525ttdipl/,trades-apprenticeships,1,,26,,https://www.bcit.ca/programs/cnc-machinist-technician-diploma-full-time-1525ttdipl/,already loaded,Exact current catalog program ID matches an active PostgreSQL program.,1525TTDIPL
current_catalog,1645CERT,Carpentry Framing and Forming Foundation,Certificate,Full-time,School of Construction and the Environment,https://www.bcit.ca/programs/carpentry-framing-and-forming-foundation-certificate-full-time-1645cert/,trades-apprenticeships,1,1,,200,https://www.bcit.ca/programs/carpentry-framing-and-forming-foundation-certificate-full-time-1645cert/,legitimate remaining import candidate,Current credential-bearing catalog entry is not loaded and publishes identifiable BCIT course references.,
current_catalog,1685ACERT,Railway Conductor and Operations,Associate Certificate,Part-time,School of Transportation,https://www.bcit.ca/programs/railway-conductor-and-operations-associate-certificate-part-time-1685acert/,trades-apprenticeships,1,,3,,https://www.bcit.ca/programs/railway-conductor-and-operations-associate-certificate-part-time-1685acert/,already loaded,Exact current catalog program ID matches an active PostgreSQL program.,1685ACERT
current_catalog,1710CERTTS,Architectural and Structural CADD and Graphics Technician (Structural Option),Certificate,Full-time,School of Construction and the Environment,https://www.bcit.ca/programs/architectural-and-structural-cadd-and-graphics-technician-structural-option-certificate-full-time-1710certts/,engineering|trades-apprenticeships,2,,17,,https://www.bcit.ca/programs/architectural-and-structural-cadd-and-graphics-technician-structural-option-certificate-full-time-1710certts/,already loaded,Exact current catalog program ID matches an active PostgreSQL program.,1710CERTTS
current_catalog,1720CERTTS,Architectural and Structural CADD and Graphics Technician (Architectural Option),Certificate,Full-time,School of Construction and the Environment,https://www.bcit.ca/programs/architectural-and-structural-cadd-and-graphics-technician-architectural-option-certificate-full-time-1720certts/,engineering|trades-apprenticeships,2,15,,200,https://www.bcit.ca/programs/architectural-and-structural-cadd-and-graphics-technician-architectural-option-certificate-full-time-1720certts/,legitimate remaining import candidate,Current credential-bearing catalog entry is not loaded and publishes identifiable BCIT course references.,
current_catalog,1780CERT,Electrical Foundation,Certificate,Full-time,School of Construction and the Environment,https://www.bcit.ca/programs/electrical-foundation-certificate-full-time-1780cert/,trades-apprenticeships,2,,9,,https://www.bcit.ca/programs/electrical-foundation-certificate-full-time-1780cert/,already loaded,Exact current catalog program ID matches an active PostgreSQL program.,1780CERT
current_catalog,1790ACERT,Hydronic Technician,Associate Certificate,Part-time,School of Construction and the Environment,https://www.bcit.ca/programs/hydronic-technician-associate-certificate-part-time-1790acert/,trades-apprenticeships,1,,8,,https://www.bcit.ca/programs/hydronic-technician-associate-certificate-part-time-1790acert/,already loaded,Exact current catalog program ID matches an active PostgreSQL program.,1790ACERT
current_catalog,1855DIPMA,Heavy Duty Truck Technology,Diploma,Full-time,School of Transportation,https://www.bcit.ca/programs/heavy-duty-truck-technology-diploma-full-time-1855dipma/,trades-apprenticeships,1,33,,200,https://www.bcit.ca/programs/heavy-duty-truck-technology-diploma-full-time-1855dipma/,legitimate remaining import candidate,Current credential-bearing catalog entry is not loaded and publishes identifiable BCIT course references.,
current_catalog,1885ACERTS,Network Administrator Technician,Associate Certificate,Part-time,School of Energy,https://www.bcit.ca/programs/network-administrator-technician-associate-certificate-part-time-1885acerts/,computing-it,2,4,,200,https://www.bcit.ca/programs/network-administrator-technician-associate-certificate-part-time-1885acerts/,legitimate remaining import candidate,Current credential-bearing catalog entry is not loaded and publishes identifiable BCIT course references.,
current_catalog,1920CERT,Marine Mechanical Technician Foundation,Certificate,Full-time,School of Transportation,https://www.bcit.ca/programs/marine-mechanical-technician-foundation-certificate-full-time-1920cert/,trades-apprenticeships,1,,16,,https://www.bcit.ca/programs/marine-mechanical-technician-foundation-certificate-full-time-1920cert/,already loaded,Exact current catalog program ID matches an active PostgreSQL program.,1920CERT
current_catalog,1930DIPMA,Computer Information Systems Administration,Diploma,Full-time,School of Energy,https://www.bcit.ca/programs/computer-information-systems-administration-diploma-full-time-1930dipma/,computing-it,2,,26,,https://www.bcit.ca/programs/computer-information-systems-administration-diploma-full-time-1930dipma/,already loaded,Exact current catalog program ID matches an active PostgreSQL program.,1930DIPMA
current_catalog,1940CERT,Heavy Mechanical Trades Foundation,Certificate,Full-time,School of Transportation,https://www.bcit.ca/programs/heavy-mechanical-trades-foundation-certificate-full-time-1940cert/,trades-apprenticeships,1,,14,,https://www.bcit.ca/programs/heavy-mechanical-trades-foundation-certificate-full-time-1940cert/,already loaded,Exact current catalog program ID matches an active PostgreSQL program.,1940CERT
current_catalog,2000TTCERT,Ironworker Foundation,Certificate,Full-time,School of Construction and the Environment,https://www.bcit.ca/programs/ironworker-foundation-certificate-full-time-2000ttcert/,trades-apprenticeships,1,,13,,https://www.bcit.ca/programs/ironworker-foundation-certificate-full-time-2000ttcert/,already loaded,Exact current catalog program ID matches an active PostgreSQL program.,2000TTCERT
current_catalog,2020CERTTS,Chief Mate,Certificate,Part-time,School of Transportation,https://www.bcit.ca/programs/chief-mate-certificate-part-time-2020certts/,trades-apprenticeships,1,,10,,https://www.bcit.ca/programs/chief-mate-certificate-part-time-2020certts/,already loaded,Exact current catalog program ID matches an active PostgreSQL program.,2020CERTTS
current_catalog,2060CERT,Cabinetmaker (Joiner) Foundation,Certificate,Full-time,School of Construction and the Environment,https://www.bcit.ca/programs/cabinetmaker-joiner-foundation-certificate-full-time-2060cert/,trades-apprenticeships,1,,1,,https://www.bcit.ca/programs/cabinetmaker-joiner-foundation-certificate-full-time-2060cert/,already loaded,Exact current catalog program ID matches an active PostgreSQL program.,2060CERT
current_catalog,2175TTCERT,Machinist Foundation,Certificate,Full-time,School of Energy,https://www.bcit.ca/programs/machinist-foundation-certificate-full-time-2175ttcert/,trades-apprenticeships,1,,11,,https://www.bcit.ca/programs/machinist-foundation-certificate-full-time-2175ttcert/,already loaded,Exact current catalog program ID matches an active PostgreSQL program.,2175TTCERT
current_catalog,2230CERT,Millwright Foundation,Certificate,Full-time,School of Energy,https://www.bcit.ca/programs/millwright-foundation-certificate-full-time-2230cert/,trades-apprenticeships,1,,9,,https://www.bcit.ca/programs/millwright-foundation-certificate-full-time-2230cert/,already loaded,Exact current catalog program ID matches an active PostgreSQL program.,2230CERT
current_catalog,2365CERT,Motorcycle Technician Foundation,Certificate,Full-time,School of Transportation,https://www.bcit.ca/programs/motorcycle-technician-foundation-certificate-full-time-2365cert/,trades-apprenticeships,1,,11,,https://www.bcit.ca/programs/motorcycle-technician-foundation-certificate-full-time-2365cert/,already loaded,Exact current catalog program ID matches an active PostgreSQL program.,2365CERT
current_catalog,2410TTCERT,Power Engineering (General Program),Certificate,Full-time,School of Energy,https://www.bcit.ca/programs/power-engineering-general-program-certificate-full-time-2410ttcert/,engineering|trades-apprenticeships,2,,17,,https://www.bcit.ca/programs/power-engineering-general-program-certificate-full-time-2410ttcert/,already loaded,Exact current catalog program ID matches an active PostgreSQL program.,2410TTCERT
current_catalog,2425CERT,Refrigeration and Air Conditioning Mechanic Foundation,Certificate,Full-time,School of Energy,https://www.bcit.ca/programs/refrigeration-and-air-conditioning-mechanic-foundation-certificate-full-time-2425cert/,trades-apprenticeships,1,,11,,https://www.bcit.ca/programs/refrigeration-and-air-conditioning-mechanic-foundation-certificate-full-time-2425cert/,already loaded,Exact current catalog program ID matches an active PostgreSQL program.,2425CERT
current_catalog,2430DIPMA,Power and Process Engineering,Diploma,Full-time,School of Energy,https://www.bcit.ca/programs/power-and-process-engineering-diploma-full-time-2430dipma/,engineering|trades-apprenticeships,2,,40,,https://www.bcit.ca/programs/power-and-process-engineering-diploma-full-time-2430dipma/,already loaded,Exact current catalog program ID matches an active PostgreSQL program.,2430DIPMA
current_catalog,2440CERT,Piping Foundation,Certificate,Full-time,School of Construction and the Environment,https://www.bcit.ca/programs/piping-foundation-certificate-full-time-2440cert/,trades-apprenticeships,1,1,,200,https://www.bcit.ca/programs/piping-foundation-certificate-full-time-2440cert/,legitimate remaining import candidate,Current credential-bearing catalog entry is not loaded and publishes identifiable BCIT course references.,
current_catalog,2505ACERTS,Master 150GT Domestic,Associate Certificate,Part-time,School of Transportation,https://www.bcit.ca/programs/master-150gt-domestic-associate-certificate-part-time-2505acerts/,trades-apprenticeships,1,,7,,https://www.bcit.ca/programs/master-150gt-domestic-associate-certificate-part-time-2505acerts/,already loaded,Exact current catalog program ID matches an active PostgreSQL program.,2505ACERTS
current_catalog,2515ACERTS,Master 500GT Domestic,Associate Certificate,Part-time,School of Transportation,https://www.bcit.ca/programs/master-500gt-domestic-associate-certificate-part-time-2515acerts/,trades-apprenticeships,1,,8,,https://www.bcit.ca/programs/master-500gt-domestic-associate-certificate-part-time-2515acerts/,already loaded,Exact current catalog program ID matches an active PostgreSQL program.,2515ACERTS
current_catalog,2522CERTTS,Master 3000GT Domestic,Certificate,Part-time,School of Transportation,https://www.bcit.ca/programs/master-3000gt-domestic-certificate-part-time-2522certts/,trades-apprenticeships,1,,10,,https://www.bcit.ca/programs/master-3000gt-domestic-certificate-part-time-2522certts/,already loaded,Exact current catalog program ID matches an active PostgreSQL program.,2522CERTTS
current_catalog,2536DIPMA,Nautical Sciences,Diploma,Full-time,School of Transportation,https://www.bcit.ca/programs/nautical-sciences-diploma-full-time-2536dipma/,applied-natural-sciences|trades-apprenticeships,2,,32,,https://www.bcit.ca/programs/nautical-sciences-diploma-full-time-2536dipma/,already loaded,Exact current catalog program ID matches an active PostgreSQL program.,2536DIPMA
current_catalog,2542CERTTS,Watchkeeping Mate Near Coastal (WKMNC),Certificate,Part-time,School of Transportation,https://www.bcit.ca/programs/watchkeeping-mate-near-coastal-wkmnc-certificate-part-time-2542certts/,trades-apprenticeships,1,13,,200,https://www.bcit.ca/programs/watchkeeping-mate-near-coastal-wkmnc-certificate-part-time-2542certts/,legitimate remaining import candidate,Current credential-bearing catalog entry is not loaded and publishes identifiable BCIT course references.,
current_catalog,2645CERT,Sheet Metal Worker Foundation,Certificate,Full-time,School of Construction and the Environment,https://www.bcit.ca/programs/sheet-metal-worker-foundation-certificate-full-time-2645cert/,trades-apprenticeships,1,1,,200,https://www.bcit.ca/programs/sheet-metal-worker-foundation-certificate-full-time-2645cert/,legitimate remaining import candidate,Current credential-bearing catalog entry is not loaded and publishes identifiable BCIT course references.,
current_catalog,2825CERT,Metal Fabricator Foundation,Certificate,Full-time,School of Construction and the Environment,https://www.bcit.ca/programs/metal-fabricator-foundation-certificate-full-time-2825cert/,trades-apprenticeships,1,14,,200,https://www.bcit.ca/programs/metal-fabricator-foundation-certificate-full-time-2825cert/,legitimate remaining import candidate,Current credential-bearing catalog entry is not loaded and publishes identifiable BCIT course references.,
current_catalog,2847CERT,Welder Foundation,Certificate,Full-time,School of Construction and the Environment,https://www.bcit.ca/programs/welder-foundation-certificate-full-time-2847cert/,trades-apprenticeships,1,1,,200,https://www.bcit.ca/programs/welder-foundation-certificate-full-time-2847cert/,legitimate remaining import candidate,Current credential-bearing catalog entry is not loaded and publishes identifiable BCIT course references.,
current_catalog,2860TTCERT,"Welding, Level B",Certificate,Full-time,School of Construction and the Environment,https://www.bcit.ca/programs/welding-level-b-certificate-full-time-2860ttcert/,trades-apprenticeships,1,1,,200,https://www.bcit.ca/programs/welding-level-b-certificate-full-time-2860ttcert/,legitimate remaining import candidate,Current credential-bearing catalog entry is not loaded and publishes identifiable BCIT course references.,
current_catalog,2870TTCERT,"Welding, Level A",Certificate,Full-time,School of Construction and the Environment,https://www.bcit.ca/programs/welding-level-a-certificate-full-time-2870ttcert/,trades-apprenticeships,1,1,,200,https://www.bcit.ca/programs/welding-level-a-certificate-full-time-2870ttcert/,legitimate remaining import candidate,Current credential-bearing catalog entry is not loaded and publishes identifiable BCIT course references.,
current_catalog,2885ADVDIP,Marine Engineering,Advanced Diploma,Full-time,School of Transportation,https://www.bcit.ca/programs/marine-engineering-advanced-diploma-full-time-2885advdip/,trades-apprenticeships,1,,10,,https://www.bcit.ca/programs/marine-engineering-advanced-diploma-full-time-2885advdip/,already loaded,Exact current catalog program ID matches an active PostgreSQL program.,2885ADVDIP
current_catalog,2915CERT,Security Systems Technician,Certificate,Full-time,School of Construction and the Environment,https://www.bcit.ca/programs/security-systems-technician-certificate-full-time-2915cert/,trades-apprenticeships,2,6,,200,https://www.bcit.ca/programs/security-systems-technician-certificate-full-time-2915cert/,legitimate remaining import candidate,Current credential-bearing catalog entry is not loaded and publishes identifiable BCIT course references.,
current_catalog,2933ACERT,Bridge Watch Rating,Associate Certificate,Full-time,School of Transportation,https://www.bcit.ca/programs/bridge-watch-rating-associate-certificate-full-time-2933acert/,trades-apprenticeships,1,,5,,https://www.bcit.ca/programs/bridge-watch-rating-associate-certificate-full-time-2933acert/,already loaded,Exact current catalog program ID matches an active PostgreSQL program.,2933ACERT
current_catalog,2942DIPMA,Marine Engineering,Diploma,Full-time,School of Transportation,https://www.bcit.ca/programs/marine-engineering-diploma-full-time-2942dipma/,applied-natural-sciences|engineering|trades-apprenticeships,3,,40,,https://www.bcit.ca/programs/marine-engineering-diploma-full-time-2942dipma/,already loaded,Exact current catalog program ID matches an active PostgreSQL program.,2942DIPMA
current_catalog,2945DIPMA,Industrial Instrumentation and Process Control Technician,Diploma,Full-time,School of Energy,https://www.bcit.ca/programs/industrial-instrumentation-and-process-control-technician-diploma-full-time-2945dipma/,engineering|trades-apprenticeships,2,,19,,https://www.bcit.ca/programs/industrial-instrumentation-and-process-control-technician-diploma-full-time-2945dipma/,already loaded,Exact current catalog program ID matches an active PostgreSQL program.,2945DIPMA
current_catalog,2958CERT,"Heating, Ventilation, Air Conditioning and Refrigeration Technician",Certificate,Full-time,School of Energy,https://www.bcit.ca/programs/heating-ventilation-air-conditioning-and-refrigeration-technician-certificate-full-time-2958cert/,trades-apprenticeships,1,,23,,https://www.bcit.ca/programs/heating-ventilation-air-conditioning-and-refrigeration-technician-certificate-full-time-2958cert/,already loaded,Exact current catalog program ID matches an active PostgreSQL program.,2958CERT
current_catalog,2992DIPMA,"Heating, Ventilation, Air Conditioning and Refrigeration Technician",Diploma,Full-time,School of Energy,https://www.bcit.ca/programs/heating-ventilation-air-conditioning-and-refrigeration-technician-diploma-full-time-2992dipma/,trades-apprenticeships,1,,26,,https://www.bcit.ca/programs/heating-ventilation-air-conditioning-and-refrigeration-technician-diploma-full-time-2992dipma/,already loaded,Exact current catalog program ID matches an active PostgreSQL program.,2992DIPMA
current_catalog,3015APPR,Ironworker - Reinforcing,Apprenticeship,Full-time,School of Construction and the Environment,https://www.bcit.ca/programs/ironworker-reinforcing-apprenticeship-full-time-3015appr/,trades-apprenticeships,1,0,,200,https://www.bcit.ca/programs/ironworker-reinforcing-apprenticeship-full-time-3015appr/,apprenticeship/training structure without identifiable course IDs,Current apprenticeship page publishes training levels/hours without identifiable BCIT course IDs.,
current_catalog,3060APPR,Aircraft Structural Technician,Apprenticeship,Full-time,School of Transportation,https://www.bcit.ca/programs/aircraft-structural-technician-apprenticeship-full-time-3060appr/,trades-apprenticeships,1,0,,200,https://www.bcit.ca/programs/aircraft-structural-technician-apprenticeship-full-time-3060appr/,apprenticeship/training structure without identifiable course IDs,Current apprenticeship page publishes training levels/hours without identifiable BCIT course IDs.,
current_catalog,3120APPR,Automotive Collision and Refinishing Common Core,Apprenticeship,Full-time,School of Transportation,https://www.bcit.ca/programs/automotive-collision-and-refinishing-common-core-apprenticeship-full-time-3120appr/,trades-apprenticeships,1,0,,200,https://www.bcit.ca/programs/automotive-collision-and-refinishing-common-core-apprenticeship-full-time-3120appr/,apprenticeship/training structure without identifiable course IDs,Current apprenticeship page publishes training levels/hours without identifiable BCIT course IDs.,
current_catalog,3130APPR,Auto Body and Collision Technician,Apprenticeship,Full-time,School of Transportation,https://www.bcit.ca/programs/auto-body-and-collision-technician-apprenticeship-full-time-3130appr/,trades-apprenticeships,1,0,,200,https://www.bcit.ca/programs/auto-body-and-collision-technician-apprenticeship-full-time-3130appr/,apprenticeship/training structure without identifiable course IDs,Current apprenticeship page publishes training levels/hours without identifiable BCIT course IDs.,
current_catalog,3140APPR,Automotive Refinishing Technician,Apprenticeship,Full-time,School of Transportation,https://www.bcit.ca/programs/automotive-refinishing-technician-apprenticeship-full-time-3140appr/,trades-apprenticeships,1,0,,200,https://www.bcit.ca/programs/automotive-refinishing-technician-apprenticeship-full-time-3140appr/,apprenticeship/training structure without identifiable course IDs,Current apprenticeship page publishes training levels/hours without identifiable BCIT course IDs.,
current_catalog,3150APPR,Boilermaker,Apprenticeship,Full-time,School of Construction and the Environment,https://www.bcit.ca/programs/boilermaker-apprenticeship-full-time-3150appr/,trades-apprenticeships,1,0,,200,https://www.bcit.ca/programs/boilermaker-apprenticeship-full-time-3150appr/,apprenticeship/training structure without identifiable course IDs,Current apprenticeship page publishes training levels/hours without identifiable BCIT course IDs.,
current_catalog,3230APPR,Carpentry,Apprenticeship,Full-time,School of Construction and the Environment,https://www.bcit.ca/programs/carpentry-apprenticeship-full-time-3230appr/,trades-apprenticeships,1,0,,200,https://www.bcit.ca/programs/carpentry-apprenticeship-full-time-3230appr/,apprenticeship/training structure without identifiable course IDs,Current apprenticeship page publishes training levels/hours without identifiable BCIT course IDs.,
current_catalog,3320APPR,Gasfitter - Class B,Apprenticeship,Full-time,School of Construction and the Environment,https://www.bcit.ca/programs/gasfitter-class-b-apprenticeship-full-time-3320appr/,trades-apprenticeships,1,0,,200,https://www.bcit.ca/programs/gasfitter-class-b-apprenticeship-full-time-3320appr/,apprenticeship/training structure without identifiable course IDs,Current apprenticeship page publishes training levels/hours without identifiable BCIT course IDs.,
current_catalog,3330APPR,Gasfitter - Class A,Apprenticeship,Full-time,School of Construction and the Environment,https://www.bcit.ca/programs/gasfitter-class-a-apprenticeship-full-time-3330appr/,trades-apprenticeships,1,0,,200,https://www.bcit.ca/programs/gasfitter-class-a-apprenticeship-full-time-3330appr/,apprenticeship/training structure without identifiable course IDs,Current apprenticeship page publishes training levels/hours without identifiable BCIT course IDs.,
current_catalog,3440APPR,Electrical,Apprenticeship,Full-time,School of Construction and the Environment,https://www.bcit.ca/programs/electrical-apprenticeship-full-time-3440appr/,trades-apprenticeships,2,0,,200,https://www.bcit.ca/programs/electrical-apprenticeship-full-time-3440appr/,apprenticeship/training structure without identifiable course IDs,Current apprenticeship page publishes training levels/hours without identifiable BCIT course IDs.,
current_catalog,3660APPR,Transport Trailer Technician,Apprenticeship,Full-time,School of Transportation,https://www.bcit.ca/programs/transport-trailer-technician-apprenticeship-full-time-3660appr/,trades-apprenticeships,1,0,,200,https://www.bcit.ca/programs/transport-trailer-technician-apprenticeship-full-time-3660appr/,apprenticeship/training structure without identifiable course IDs,Current apprenticeship page publishes training levels/hours without identifiable BCIT course IDs.,
current_catalog,3765APPR,Instrumentation and Control Technician,Apprenticeship,Full-time,School of Energy,https://www.bcit.ca/programs/instrumentation-and-control-technician-apprenticeship-full-time-3765appr/,trades-apprenticeships,1,0,,200,https://www.bcit.ca/programs/instrumentation-and-control-technician-apprenticeship-full-time-3765appr/,apprenticeship/training structure without identifiable course IDs,Current apprenticeship page publishes training levels/hours without identifiable BCIT course IDs.,
current_catalog,3790APPR,Industrial Electrician,Apprenticeship,Full-time,School of Construction and the Environment,https://www.bcit.ca/programs/industrial-electrician-apprenticeship-full-time-3790appr/,trades-apprenticeships,2,0,,200,https://www.bcit.ca/programs/industrial-electrician-apprenticeship-full-time-3790appr/,prior RED/holdback,Official matrix has apprenticeship levels and training credits but no course identifiers.,
current_catalog,3860APPR,Ironworker Generalist,Apprenticeship,Full-time,School of Construction and the Environment,https://www.bcit.ca/programs/ironworker-generalist-apprenticeship-full-time-3860appr/,trades-apprenticeships,1,0,,200,https://www.bcit.ca/programs/ironworker-generalist-apprenticeship-full-time-3860appr/,apprenticeship/training structure without identifiable course IDs,Current apprenticeship page publishes training levels/hours without identifiable BCIT course IDs.,
current_catalog,3940APPR,Machinist,Apprenticeship,Full-time,School of Energy,https://www.bcit.ca/programs/machinist-apprenticeship-full-time-3940appr/,trades-apprenticeships,1,0,,200,https://www.bcit.ca/programs/machinist-apprenticeship-full-time-3940appr/,apprenticeship/training structure without identifiable course IDs,Current apprenticeship page publishes training levels/hours without identifiable BCIT course IDs.,
current_catalog,4015APPR,Millwright,Apprenticeship,Full-time,School of Energy,https://www.bcit.ca/programs/millwright-apprenticeship-full-time-4015appr/,trades-apprenticeships,1,0,,200,https://www.bcit.ca/programs/millwright-apprenticeship-full-time-4015appr/,apprenticeship/training structure without identifiable course IDs,Current apprenticeship page publishes training levels/hours without identifiable BCIT course IDs.,
current_catalog,4025APPR,Motorcycle Technician,Apprenticeship,Full-time,School of Transportation,https://www.bcit.ca/programs/motorcycle-technician-apprenticeship-full-time-4025appr/,trades-apprenticeships,1,0,,200,https://www.bcit.ca/programs/motorcycle-technician-apprenticeship-full-time-4025appr/,apprenticeship/training structure without identifiable course IDs,Current apprenticeship page publishes training levels/hours without identifiable BCIT course IDs.,
current_catalog,4030APPR,Marine Fitter,Apprenticeship,Full-time,School of Construction and the Environment,https://www.bcit.ca/programs/marine-fitter-apprenticeship-full-time-4030appr/,trades-apprenticeships,1,0,,200,https://www.bcit.ca/programs/marine-fitter-apprenticeship-full-time-4030appr/,apprenticeship/training structure without identifiable course IDs,Current apprenticeship page publishes training levels/hours without identifiable BCIT course IDs.,
current_catalog,4045APPR,Truck and Transport Mechanic,Apprenticeship,Full-time,School of Transportation,https://www.bcit.ca/programs/truck-and-transport-mechanic-apprenticeship-full-time-4045appr/,trades-apprenticeships,1,0,,200,https://www.bcit.ca/programs/truck-and-transport-mechanic-apprenticeship-full-time-4045appr/,apprenticeship/training structure without identifiable course IDs,Current apprenticeship page publishes training levels/hours without identifiable BCIT course IDs.,
current_catalog,4160APPR,Plumber,Apprenticeship,Full-time,School of Construction and the Environment,https://www.bcit.ca/programs/plumber-apprenticeship-full-time-4160appr/,trades-apprenticeships,1,0,,200,https://www.bcit.ca/programs/plumber-apprenticeship-full-time-4160appr/,apprenticeship/training structure without identifiable course IDs,Current apprenticeship page publishes training levels/hours without identifiable BCIT course IDs.,
current_catalog,4230APPR,Refrigeration,Apprenticeship,Full-time,School of Energy,https://www.bcit.ca/programs/refrigeration-apprenticeship-full-time-4230appr/,trades-apprenticeships,1,0,,200,https://www.bcit.ca/programs/refrigeration-apprenticeship-full-time-4230appr/,apprenticeship/training structure without identifiable course IDs,Current apprenticeship page publishes training levels/hours without identifiable BCIT course IDs.,
current_catalog,4365APPR,Sheet Metal,Apprenticeship,Full-time,School of Construction and the Environment,https://www.bcit.ca/programs/sheet-metal-apprenticeship-full-time-4365appr/,trades-apprenticeships,1,0,,200,https://www.bcit.ca/programs/sheet-metal-apprenticeship-full-time-4365appr/,apprenticeship/training structure without identifiable course IDs,Current apprenticeship page publishes training levels/hours without identifiable BCIT course IDs.,
current_catalog,4420APPR,Steamfitter/Pipefitter,Apprenticeship,Full-time,School of Construction and the Environment,https://www.bcit.ca/programs/steamfitter-pipefitter-apprenticeship-full-time-4420appr/,trades-apprenticeships,1,0,,200,https://www.bcit.ca/programs/steamfitter-pipefitter-apprenticeship-full-time-4420appr/,apprenticeship/training structure without identifiable course IDs,Current apprenticeship page publishes training levels/hours without identifiable BCIT course IDs.,
current_catalog,4430APPR,Metal Fabricator,Apprenticeship,Full-time,School of Construction and the Environment,https://www.bcit.ca/programs/metal-fabricator-apprenticeship-full-time-4430appr/,trades-apprenticeships,1,0,,200,https://www.bcit.ca/programs/metal-fabricator-apprenticeship-full-time-4430appr/,apprenticeship/training structure without identifiable course IDs,Current apprenticeship page publishes training levels/hours without identifiable BCIT course IDs.,
current_catalog,4530APPR,Heavy Duty Equipment Technician,Apprenticeship,Full-time,School of Transportation,https://www.bcit.ca/programs/heavy-duty-equipment-technician-apprenticeship-full-time-4530appr/,trades-apprenticeships,1,0,,200,https://www.bcit.ca/programs/heavy-duty-equipment-technician-apprenticeship-full-time-4530appr/,apprenticeship/training structure without identifiable course IDs,Current apprenticeship page publishes training levels/hours without identifiable BCIT course IDs.,
current_catalog,4610APPR,Heavy Mechanical Trades Apprenticeship,Apprenticeship,Full-time,School of Transportation,https://www.bcit.ca/programs/heavy-mechanical-trades-apprenticeship-apprenticeship-full-time-4610appr/,trades-apprenticeships,1,0,,200,https://www.bcit.ca/programs/heavy-mechanical-trades-apprenticeship-apprenticeship-full-time-4610appr/,apprenticeship/training structure without identifiable course IDs,Current apprenticeship page publishes training levels/hours without identifiable BCIT course IDs.,
current_catalog,4630APPR,Marine Mechanical Technician,Apprenticeship,Full-time,School of Transportation,https://www.bcit.ca/programs/marine-mechanical-technician-apprenticeship-full-time-4630appr/,trades-apprenticeships,1,0,,200,https://www.bcit.ca/programs/marine-mechanical-technician-apprenticeship-full-time-4630appr/,apprenticeship/training structure without identifiable course IDs,Current apprenticeship page publishes training levels/hours without identifiable BCIT course IDs.,
current_catalog,4790APPR,Welder,Apprenticeship,Full-time,School of Construction and the Environment,https://www.bcit.ca/programs/welder-apprenticeship-full-time-4790appr/,trades-apprenticeships,1,0,,200,https://www.bcit.ca/programs/welder-apprenticeship-full-time-4790appr/,apprenticeship/training structure without identifiable course IDs,Current apprenticeship page publishes training levels/hours without identifiable BCIT course IDs.,
current_catalog,4840APPR,Automotive Technician GM (ASEP),Apprenticeship,Full-time,School of Transportation,https://www.bcit.ca/programs/automotive-technician-gm-asep-apprenticeship-full-time-4840appr/,trades-apprenticeships,1,0,,200,https://www.bcit.ca/programs/automotive-technician-gm-asep-apprenticeship-full-time-4840appr/,apprenticeship/training structure without identifiable course IDs,Current apprenticeship page publishes training levels/hours without identifiable BCIT course IDs.,
current_catalog,4860APPR,Automotive Technician,Apprenticeship,Full-time,School of Transportation,https://www.bcit.ca/programs/automotive-technician-apprenticeship-full-time-4860appr/,trades-apprenticeships,1,0,,200,https://www.bcit.ca/programs/automotive-technician-apprenticeship-full-time-4860appr/,apprenticeship/training structure without identifiable course IDs,Current apprenticeship page publishes training levels/hours without identifiable BCIT course IDs.,
current_catalog,4870APPR,Cabinetmaker (Joiner),Apprenticeship,Full-time,School of Construction and the Environment,https://www.bcit.ca/programs/cabinetmaker-joiner-apprenticeship-full-time-4870appr/,trades-apprenticeships,1,0,,200,https://www.bcit.ca/programs/cabinetmaker-joiner-apprenticeship-full-time-4870appr/,apprenticeship/training structure without identifiable course IDs,Current apprenticeship page publishes training levels/hours without identifiable BCIT course IDs.,
current_catalog,5020NOBCIT,Maintenance Management Professional,Statement of Completion,Part-time,School of Energy,https://www.bcit.ca/programs/maintenance-management-professional-statement-of-completion-part-time-5020nobcit/,engineering,1,8,,200,https://www.bcit.ca/programs/maintenance-management-professional-statement-of-completion-part-time-5020nobcit/,non-program/special entry,Current catalog listing is a Statement of Completion or uses a NOBCIT/non-credential identifier.,
current_catalog,5025NOBCIT,Non-Destructive Testing,Statement of Completion,Part-time,School of Energy,https://www.bcit.ca/programs/non-destructive-testing-statement-of-completion-part-time-5025nobcit/,engineering,1,5,,200,https://www.bcit.ca/programs/non-destructive-testing-statement-of-completion-part-time-5025nobcit/,non-program/special entry,Current catalog listing is a Statement of Completion or uses a NOBCIT/non-credential identifier.,
current_catalog,5063DIPMA,Biomedical Engineering Technology,Diploma,Full-time,School of Health Sciences,https://www.bcit.ca/programs/biomedical-engineering-technology-diploma-full-time-5063dipma/,applied-natural-sciences|engineering|health-sciences,3,,34,,https://www.bcit.ca/programs/biomedical-engineering-technology-diploma-full-time-5063dipma/,already loaded,Exact current catalog program ID matches an active PostgreSQL program.,5063DIPMA
current_catalog,5077CERT,Event Marketing and Management Strategy,Certificate,Part-time,School of Business + Media,https://www.bcit.ca/programs/event-marketing-and-management-strategy-certificate-part-time-5077cert/,business-media,1,34,,200,https://www.bcit.ca/programs/event-marketing-and-management-strategy-certificate-part-time-5077cert/,legitimate remaining import candidate,Current credential-bearing catalog entry is not loaded and publishes identifiable BCIT course references.,
current_catalog,5085ACERT,Project Management,Associate Certificate,Part-time,School of Business + Media,https://www.bcit.ca/programs/project-management-associate-certificate-part-time-5085acert/,business-media,1,19,,200,https://www.bcit.ca/programs/project-management-associate-certificate-part-time-5085acert/,legitimate remaining import candidate,Current credential-bearing catalog entry is not loaded and publishes identifiable BCIT course references.,
current_catalog,5105DIPMA,Digital Communications and Wireless Technologies,Diploma,Full-time,School of Energy,https://www.bcit.ca/programs/digital-communications-and-wireless-technologies-diploma-full-time-5105dipma/,engineering|trades-apprenticeships,2,,23,,https://www.bcit.ca/programs/digital-communications-and-wireless-technologies-diploma-full-time-5105dipma/,already loaded,Exact current catalog program ID matches an active PostgreSQL program.,5105DIPMA
current_catalog,5115ACERT,Music Business,Associate Certificate,Part-time,School of Business + Media,https://www.bcit.ca/programs/music-business-associate-certificate-part-time-5115acert/,business-media,1,,20,,https://www.bcit.ca/programs/music-business-associate-certificate-part-time-5115acert/,already loaded,Exact current catalog program ID matches an active PostgreSQL program.,5115ACERT
current_catalog,5125ACERT,Business of Sawmilling,Associate Certificate,Part-time,School of Construction and the Environment,https://www.bcit.ca/programs/business-of-sawmilling-associate-certificate-part-time-5125acert/,applied-natural-sciences|business-media,2,,5,,https://www.bcit.ca/programs/business-of-sawmilling-associate-certificate-part-time-5125acert/,already loaded,Exact current catalog program ID matches an active PostgreSQL program.,5125ACERT
current_catalog,5140ACERT,Business Administration,Associate Certificate,Part-time,School of Business + Media,https://www.bcit.ca/programs/business-administration-associate-certificate-part-time-5140acert/,business-media,1,,5,,https://www.bcit.ca/programs/business-administration-associate-certificate-part-time-5140acert/,already loaded,Exact current catalog program ID matches an active PostgreSQL program.,5140ACERT
current_catalog,5145ADCERT,Sustainable Business,Advanced Certificate,Part-time,School of Business + Media,https://www.bcit.ca/programs/sustainable-business-advanced-certificate-part-time-5145adcert/,business-media,3,,11,,https://www.bcit.ca/programs/sustainable-business-advanced-certificate-part-time-5145adcert/,already loaded,Exact current catalog program ID matches an active PostgreSQL program.,5145ADCERT
current_catalog,5155DIPMA,"Food Processing, Safety, and Quality",Diploma,Full-time,School of Health Sciences,https://www.bcit.ca/programs/food-processing-safety-and-quality-diploma-full-time-5155dipma/,applied-natural-sciences|health-sciences,2,,25,,https://www.bcit.ca/programs/food-processing-safety-and-quality-diploma-full-time-5155dipma/,already loaded,Exact current catalog program ID matches an active PostgreSQL program.,5155DIPMA
current_catalog,515GACERT,Building Construction Technology,Associate Certificate,Part-time,School of Construction and the Environment,https://www.bcit.ca/programs/building-construction-technology-associate-certificate-part-time-515gacert/,engineering,1,,6,,https://www.bcit.ca/programs/building-construction-technology-associate-certificate-part-time-515gacert/,already loaded,Exact current catalog program ID matches an active PostgreSQL program.,515GACERT
current_catalog,515HACERT,Building Design and Architectural CAD,Associate Certificate,Part-time,School of Construction and the Environment,https://www.bcit.ca/programs/building-design-and-architectural-cad-associate-certificate-part-time-515hacert/,engineering,1,6,,200,https://www.bcit.ca/programs/building-design-and-architectural-cad-associate-certificate-part-time-515hacert/,legitimate remaining import candidate,Current credential-bearing catalog entry is not loaded and publishes identifiable BCIT course references.,
current_catalog,5160ACERT,Industrial Wood Processing,Associate Certificate,Part-time,School of Construction and the Environment,https://www.bcit.ca/programs/industrial-wood-processing-associate-certificate-part-time-5160acert/,applied-natural-sciences,1,5,,200,https://www.bcit.ca/programs/industrial-wood-processing-associate-certificate-part-time-5160acert/,legitimate remaining import candidate,Current credential-bearing catalog entry is not loaded and publishes identifiable BCIT course references.,
current_catalog,5165ADCERT,Digital Health,Advanced Certificate,Part-time,School of Health Sciences,https://www.bcit.ca/programs/digital-health-advanced-certificate-part-time-5165adcert/,computing-it|health-sciences,2,,9,,https://www.bcit.ca/programs/digital-health-advanced-certificate-part-time-5165adcert/,already loaded,Exact current catalog program ID matches an active PostgreSQL program.,5165ADCERT
current_catalog,5170ACERT,Healthcare Unit Clerk,Associate Certificate,Part-time,School of Business + Media,https://www.bcit.ca/programs/healthcare-unit-clerk-associate-certificate-part-time-5170acert/,business-media|health-sciences,2,,11,,https://www.bcit.ca/programs/healthcare-unit-clerk-associate-certificate-part-time-5170acert/,already loaded,Exact current catalog program ID matches an active PostgreSQL program.,5170ACERT
current_catalog,5175ACERT,Polytechnic Teaching,Associate Certificate,Part-time,Learning and Teaching Centre,https://www.bcit.ca/programs/polytechnic-teaching-associate-certificate-part-time-5175acert/,business-media,1,6,,200,https://www.bcit.ca/programs/polytechnic-teaching-associate-certificate-part-time-5175acert/,legitimate remaining import candidate,Current credential-bearing catalog entry is not loaded and publishes identifiable BCIT course references.,
current_catalog,5180ADVDIP,Sustainable Business Leadership,Advanced Diploma,Full-time,School of Business + Media,https://www.bcit.ca/programs/sustainable-business-leadership-advanced-diploma-full-time-5180advdip/,business-media|engineering,2,,12,,https://www.bcit.ca/programs/sustainable-business-leadership-advanced-diploma-full-time-5180advdip/,already loaded,Exact current catalog program ID matches an active PostgreSQL program.,5180ADVDIP
current_catalog,5180PADVDIP,Sustainable Business Leadership,Advanced Diploma,Part-time,School of Business + Media,https://www.bcit.ca/programs/sustainable-business-leadership-advanced-diploma-part-time-5180padvdip/,business-media|engineering,2,,12,,https://www.bcit.ca/programs/sustainable-business-leadership-advanced-diploma-part-time-5180padvdip/,already loaded,Exact current catalog program ID matches an active PostgreSQL program.,5180PADVDIP
current_catalog,5205ACERT,Business Analysis,Associate Certificate,Part-time,School of Business + Media,https://www.bcit.ca/programs/business-analysis-associate-certificate-part-time-5205acert/,business-media,1,,12,,https://www.bcit.ca/programs/business-analysis-associate-certificate-part-time-5205acert/,already loaded,Exact current catalog program ID matches an active PostgreSQL program.,5205ACERT
current_catalog,5225ACERT,Construction of Mass Timber Structures,Associate Certificate,Part-time,School of Construction and the Environment,https://www.bcit.ca/programs/construction-of-mass-timber-structures-associate-certificate-part-time-5225acert/,applied-natural-sciences|trades-apprenticeships,2,,5,,https://www.bcit.ca/programs/construction-of-mass-timber-structures-associate-certificate-part-time-5225acert/,already loaded,Exact current catalog program ID matches an active PostgreSQL program.,5225ACERT
current_catalog,5235ADCERT,Building Energy Modelling and Performance Analysis,Advanced Certificate,Part-time,School of Construction and the Environment,https://www.bcit.ca/programs/building-energy-modelling-and-performance-analysis-advanced-certificate-part-time-5235adcert/,engineering,1,,8,,https://www.bcit.ca/programs/building-energy-modelling-and-performance-analysis-advanced-certificate-part-time-5235adcert/,already loaded,Exact current catalog program ID matches an active PostgreSQL program.,5235ADCERT
current_catalog,5240ADVDIP,Technical Arts,Advanced Diploma,Full-time,School of Business + Media,https://www.bcit.ca/programs/technical-arts-advanced-diploma-full-time-5240advdip/,business-media,1,,15,,https://www.bcit.ca/programs/technical-arts-advanced-diploma-full-time-5240advdip/,already loaded,Exact current catalog program ID matches an active PostgreSQL program.,5240ADVDIP
current_catalog,5245ACERT,Artificial Intelligence Management,Associate Certificate,Part-time,School of Business + Media,https://www.bcit.ca/programs/artificial-intelligence-management-associate-certificate-part-time-5245acert/,business-media,1,,4,,https://www.bcit.ca/programs/artificial-intelligence-management-associate-certificate-part-time-5245acert/,already loaded,Exact current catalog program ID matches an active PostgreSQL program.,5245ACERT
current_catalog,5265DIPMA,Industrial Network Cybersecurity,Diploma,Full-time,School of Energy,https://www.bcit.ca/programs/industrial-network-cybersecurity-diploma-full-time-5265dipma/,applied-natural-sciences|computing-it|engineering,3,,25,,https://www.bcit.ca/programs/industrial-network-cybersecurity-diploma-full-time-5265dipma/,already loaded,Exact current catalog program ID matches an active PostgreSQL program.,5265DIPMA
current_catalog,5275ACERT,Business Intelligence,Associate Certificate,Part-time,School of Business + Media,https://www.bcit.ca/programs/business-intelligence-associate-certificate-part-time-5275acert/,business-media,1,5,,200,https://www.bcit.ca/programs/business-intelligence-associate-certificate-part-time-5275acert/,legitimate remaining import candidate,Current credential-bearing catalog entry is not loaded and publishes identifiable BCIT course references.,
current_catalog,528AADCERT,Forensic Investigation (Crime and Intelligence Analysis Option),Advanced Certificate,Part-time,School of Computing and Academic Studies,https://www.bcit.ca/programs/forensic-investigation-crime-and-intelligence-analysis-option-advanced-certificate-part-time-528aadcert/,applied-natural-sciences|computing-it,2,,12,,https://www.bcit.ca/programs/forensic-investigation-crime-and-intelligence-analysis-option-advanced-certificate-part-time-528aadcert/,already loaded,Exact current catalog program ID matches an active PostgreSQL program.,528AADCERT
current_catalog,528BADCERT,Forensic Investigation (Forensic Science Option),Advanced Certificate,Part-time,School of Computing and Academic Studies,https://www.bcit.ca/programs/forensic-investigation-forensic-science-option-advanced-certificate-part-time-528badcert/,applied-natural-sciences,1,,23,,https://www.bcit.ca/programs/forensic-investigation-forensic-science-option-advanced-certificate-part-time-528badcert/,already loaded,Exact current catalog program ID matches an active PostgreSQL program.,528BADCERT
current_catalog,528CADCERT,Forensic Investigation (Digital Forensics and Cybersecurity Option),Advanced Certificate,Part-time,School of Computing and Academic Studies,https://www.bcit.ca/programs/forensic-investigation-digital-forensics-and-cybersecurity-option-advanced-certificate-part-time-528cadcert/,applied-natural-sciences|computing-it,3,,15,,https://www.bcit.ca/programs/forensic-investigation-digital-forensics-and-cybersecurity-option-advanced-certificate-part-time-528cadcert/,already loaded,Exact current catalog program ID matches an active PostgreSQL program.,528CADCERT
current_catalog,5290ADVDIP,Professional Accounting,Advanced Diploma,Full-time/Part-time,School of Business + Media,https://www.bcit.ca/programs/professional-accounting-advanced-diploma-full-time-part-time-5290advdip/,business-media,1,,13,,https://www.bcit.ca/programs/professional-accounting-advanced-diploma-full-time-part-time-5290advdip/,already loaded,Exact current catalog program ID matches an active PostgreSQL program.,5290ADVDIP
current_catalog,5295ACERT,Business Data Management,Associate Certificate,Part-time,School of Business + Media,https://www.bcit.ca/programs/business-data-management-associate-certificate-part-time-5295acert/,business-media,1,,5,,https://www.bcit.ca/programs/business-data-management-associate-certificate-part-time-5295acert/,already loaded,Exact current catalog program ID matches an active PostgreSQL program.,5295ACERT
current_catalog,530ADIPLT,Cardiology Technology,Diploma,Part-time,School of Health Sciences,https://www.bcit.ca/programs/cardiology-technology-diploma-part-time-530adiplt/,health-sciences,1,24,,200,https://www.bcit.ca/programs/cardiology-technology-diploma-part-time-530adiplt/,legitimate remaining import candidate,Current credential-bearing catalog entry is not loaded and publishes identifiable BCIT course references.,
current_catalog,5310ADCERT,Cardiac Sciences (Cardiovascular Technology Option),Advanced Certificate,Part-time,School of Health Sciences,https://www.bcit.ca/programs/cardiac-sciences-cardiovascular-technology-option-advanced-certificate-part-time-5310adcert/,health-sciences,1,,5,,https://www.bcit.ca/programs/cardiac-sciences-cardiovascular-technology-option-advanced-certificate-part-time-5310adcert/,already loaded,Exact current catalog program ID matches an active PostgreSQL program.,5310ADCERT
current_catalog,5312ADVDIP,Business Management - Advanced Diploma,Advanced Diploma,Full-time/Part-time,School of Business + Media,https://www.bcit.ca/programs/business-management-advanced-diploma-advanced-diploma-full-time-part-time-5312advdip/,business-media,1,,14,,https://www.bcit.ca/programs/business-management-advanced-diploma-advanced-diploma-full-time-part-time-5312advdip/,already loaded,Exact current catalog program ID matches an active PostgreSQL program.,5312ADVDIP
current_catalog,5320ADCERT,Cardiac Sciences (Electrophysiology Technology Option),Advanced Certificate,Part-time,School of Health Sciences,https://www.bcit.ca/programs/cardiac-sciences-electrophysiology-technology-option-advanced-certificate-part-time-5320adcert/,health-sciences,1,,5,,https://www.bcit.ca/programs/cardiac-sciences-electrophysiology-technology-option-advanced-certificate-part-time-5320adcert/,already loaded,Exact current catalog program ID matches an active PostgreSQL program.,5320ADCERT
current_catalog,5330ADCERT,Cardiac Sciences (Cardiac Rhythm Device Technology Option),Advanced Certificate,Part-time,School of Health Sciences,https://www.bcit.ca/programs/cardiac-sciences-cardiac-rhythm-device-technology-option-advanced-certificate-part-time-5330adcert/,health-sciences,1,,5,,https://www.bcit.ca/programs/cardiac-sciences-cardiac-rhythm-device-technology-option-advanced-certificate-part-time-5330adcert/,already loaded,Exact current catalog program ID matches an active PostgreSQL program.,5330ADCERT
current_catalog,534ADIPMA,Electrical and Computer Engineering Technology (Automation and Instrumentation Option),Diploma,Full-time,School of Energy,https://www.bcit.ca/programs/electrical-and-computer-engineering-technology-automation-and-instrumentation-option-diploma-full-time-534adipma/,engineering,1,,41,,https://www.bcit.ca/programs/electrical-and-computer-engineering-technology-automation-and-instrumentation-option-diploma-full-time-534adipma/,already loaded,Exact current catalog program ID matches an active PostgreSQL program.,534ADIPMA
current_catalog,534BDIPMA,Electrical and Computer Engineering Technology (Electrical Power and Industrial Control Option),Diploma,Full-time,School of Energy,https://www.bcit.ca/programs/electrical-and-computer-engineering-technology-electrical-power-and-industrial-control-option-diploma-full-time-534bdipma/,engineering,1,,42,,https://www.bcit.ca/programs/electrical-and-computer-engineering-technology-electrical-power-and-industrial-control-option-diploma-full-time-534bdipma/,already loaded,Exact current catalog program ID matches an active PostgreSQL program.,534BDIPMA
current_catalog,534CDIPMA,Electrical and Computer Engineering Technology (Telecommunications and Networks Option),Diploma,Full-time,School of Energy,https://www.bcit.ca/programs/electrical-and-computer-engineering-technology-telecommunications-and-networks-option-diploma-full-time-534cdipma/,computing-it|engineering,2,,42,,https://www.bcit.ca/programs/electrical-and-computer-engineering-technology-telecommunications-and-networks-option-diploma-full-time-534cdipma/,already loaded,Exact current catalog program ID matches an active PostgreSQL program.,534CDIPMA
current_catalog,5360NOBCIT,Assayer Training,Statement of Completion,Part-time,School of Energy,https://www.bcit.ca/programs/assayer-training-statement-of-completion-part-time-5360nobcit/,applied-natural-sciences|engineering,2,5,,200,https://www.bcit.ca/programs/assayer-training-statement-of-completion-part-time-5360nobcit/,non-program/special entry,Current catalog listing is a Statement of Completion or uses a NOBCIT/non-credential identifier.,
current_catalog,5365ACERT,Digital Media Foundations,Associate Certificate,Part-time,School of Business + Media,https://www.bcit.ca/programs/digital-media-foundations-associate-certificate-part-time-5365acert/,business-media,1,,7,,https://www.bcit.ca/programs/digital-media-foundations-associate-certificate-part-time-5365acert/,already loaded,Exact current catalog program ID matches an active PostgreSQL program.,5365ACERT
current_catalog,5375DIPMA,Chemical and Environmental Engineering Technology,Diploma,Full-time,School of Energy,https://www.bcit.ca/programs/chemical-and-environmental-engineering-technology-diploma-full-time-5375dipma/,applied-natural-sciences|engineering,2,,34,,https://www.bcit.ca/programs/chemical-and-environmental-engineering-technology-diploma-full-time-5375dipma/,already loaded,Exact current catalog program ID matches an active PostgreSQL program.,5375DIPMA
current_catalog,5410DIPLT,Civil Engineering,Diploma,Full-time,School of Construction and the Environment,https://www.bcit.ca/programs/civil-engineering-diploma-full-time-5410diplt/,engineering,1,,36,,https://www.bcit.ca/programs/civil-engineering-diploma-full-time-5410diplt/,already loaded,Exact current catalog program ID matches an active PostgreSQL program.,5410DIPLT
current_catalog,5430ACERT,Civil Technology,Associate Certificate,Part-time,School of Construction and the Environment,https://www.bcit.ca/programs/civil-technology-associate-certificate-part-time-5430acert/,engineering,1,,27,,https://www.bcit.ca/programs/civil-technology-associate-certificate-part-time-5430acert/,already loaded,Exact current catalog program ID matches an active PostgreSQL program.,5430ACERT
current_catalog,5430CERT,Civil Technology,Certificate,Part-time,School of Construction and the Environment,https://www.bcit.ca/programs/civil-technology-certificate-part-time-5430cert/,engineering,1,33,,200,https://www.bcit.ca/programs/civil-technology-certificate-part-time-5430cert/,legitimate remaining import candidate,Current credential-bearing catalog entry is not loaded and publishes identifiable BCIT course references.,
current_catalog,5440ADCERT,Geographic Information Systems,Advanced Certificate,Part-time,School of Construction and the Environment,https://www.bcit.ca/programs/geographic-information-systems-advanced-certificate-part-time-5440adcert/,applied-natural-sciences|computing-it|engineering,3,,7,,https://www.bcit.ca/programs/geographic-information-systems-advanced-certificate-part-time-5440adcert/,already loaded,Exact current catalog program ID matches an active PostgreSQL program.,5440ADCERT
current_catalog,5460NOBCIT,Cisco Certified Network Associate,Statement of Completion,Part-time,School of Energy,https://www.bcit.ca/programs/cisco-certified-network-associate-statement-of-completion-part-time-5460nobcit/,computing-it,2,3,,200,https://www.bcit.ca/programs/cisco-certified-network-associate-statement-of-completion-part-time-5460nobcit/,non-program/special entry,Current catalog listing is a Statement of Completion or uses a NOBCIT/non-credential identifier.,
current_catalog,5470NOBCIT,Cisco Certified Network Professional,Statement of Completion,Part-time,School of Energy,https://www.bcit.ca/programs/cisco-certified-network-professional-statement-of-completion-part-time-5470nobcit/,computing-it,2,2,,200,https://www.bcit.ca/programs/cisco-certified-network-professional-statement-of-completion-part-time-5470nobcit/,non-program/special entry,Current catalog listing is a Statement of Completion or uses a NOBCIT/non-credential identifier.,
current_catalog,5500CERT,Computer Systems,Certificate,Part-time,School of Computing and Academic Studies,https://www.bcit.ca/programs/computer-systems-certificate-part-time-5500cert/,computing-it,1,,18,,https://www.bcit.ca/programs/computer-systems-certificate-part-time-5500cert/,already loaded,Exact current catalog program ID matches an active PostgreSQL program.,5500CERT
current_catalog,5500DIPMA,Computer Systems Technology,Diploma,Full-time,School of Computing and Academic Studies,https://www.bcit.ca/programs/computer-systems-technology-diploma-full-time-5500dipma/,computing-it,2,,66,,https://www.bcit.ca/programs/computer-systems-technology-diploma-full-time-5500dipma/,already loaded,Exact current catalog program ID matches an active PostgreSQL program.,5500DIPMA
current_catalog,5500PDIPLT,Computer Systems,Diploma,Part-time,School of Computing and Academic Studies,https://www.bcit.ca/programs/computer-systems-diploma-part-time-5500pdiplt/,computing-it,1,,40,,https://www.bcit.ca/programs/computer-systems-diploma-part-time-5500pdiplt/,already loaded,Exact current catalog program ID matches an active PostgreSQL program.,5500PDIPLT
current_catalog,5512CERT,Applied Data Analytics,Certificate,Part-time,School of Computing and Academic Studies,https://www.bcit.ca/programs/applied-data-analytics-certificate-part-time-5512cert/,applied-natural-sciences|computing-it|health-sciences,6,,21,,https://www.bcit.ca/programs/applied-data-analytics-certificate-part-time-5512cert/,already loaded,Exact current catalog program ID matches an active PostgreSQL program.,5512CERT
current_catalog,5515ACERT,Applied Network Administration and Design,Associate Certificate,Part-time,School of Computing and Academic Studies,https://www.bcit.ca/programs/applied-network-administration-and-design-associate-certificate-part-time-5515acert/,computing-it,1,,8,,https://www.bcit.ca/programs/applied-network-administration-and-design-associate-certificate-part-time-5515acert/,already loaded,Exact current catalog program ID matches an active PostgreSQL program.,5515ACERT
current_catalog,5530ACERT,Agile Development,Associate Certificate,Part-time,School of Computing and Academic Studies,https://www.bcit.ca/programs/agile-development-associate-certificate-part-time-5530acert/,computing-it,3,,6,,https://www.bcit.ca/programs/agile-development-associate-certificate-part-time-5530acert/,already loaded,Exact current catalog program ID matches an active PostgreSQL program.,5530ACERT
current_catalog,5540DIPMA,Computer Information Technology,Diploma,Full-time,School of Computing and Academic Studies,https://www.bcit.ca/programs/computer-information-technology-diploma-full-time-5540dipma/,computing-it,2,,32,,https://www.bcit.ca/programs/computer-information-technology-diploma-full-time-5540dipma/,already loaded,Exact current catalog program ID matches an active PostgreSQL program.,5540DIPMA
current_catalog,5570ACERT,Computer Aided Design (CAD) Technology,Associate Certificate,Part-time,School of Energy,https://www.bcit.ca/programs/computer-aided-design-cad-technology-associate-certificate-part-time-5570acert/,computing-it|engineering,2,,14,,https://www.bcit.ca/programs/computer-aided-design-cad-technology-associate-certificate-part-time-5570acert/,already loaded,Exact current catalog program ID matches an active PostgreSQL program.,5570ACERT
current_catalog,5670ADVDIP,Clinical Genetics Technology,Advanced Diploma,Full-time,School of Health Sciences,https://www.bcit.ca/programs/clinical-genetics-technology-advanced-diploma-full-time-5670advdip/,health-sciences,1,,17,,https://www.bcit.ca/programs/clinical-genetics-technology-advanced-diploma-full-time-5670advdip/,already loaded,Exact current catalog program ID matches an active PostgreSQL program.,5670ADVDIP
current_catalog,5725ACERT,Computerized Accounting,Associate Certificate,Part-time,School of Business + Media,https://www.bcit.ca/programs/computerized-accounting-associate-certificate-part-time-5725acert/,business-media,1,10,,200,https://www.bcit.ca/programs/computerized-accounting-associate-certificate-part-time-5725acert/,legitimate remaining import candidate,Current credential-bearing catalog entry is not loaded and publishes identifiable BCIT course references.,
current_catalog,5755ACERT,Occupational Health and Safety Practitioners,Associate Certificate,Part-time,School of Health Sciences,https://www.bcit.ca/programs/occupational-health-and-safety-practitioners-associate-certificate-part-time-5755acert/,health-sciences,1,,16,,https://www.bcit.ca/programs/occupational-health-and-safety-practitioners-associate-certificate-part-time-5755acert/,already loaded,Exact current catalog program ID matches an active PostgreSQL program.,5755ACERT
current_catalog,576ADIPMA,Diagnostic Medical Sonography (General Sonography Option),Diploma,Full-time,School of Health Sciences,https://www.bcit.ca/programs/diagnostic-medical-sonography-general-sonography-option-diploma-full-time-576adipma/,health-sciences,1,,27,,https://www.bcit.ca/programs/diagnostic-medical-sonography-general-sonography-option-diploma-full-time-576adipma/,already loaded,Exact current catalog program ID matches an active PostgreSQL program.,576ADIPMA
current_catalog,576BDIPMA,Diagnostic Medical Sonography (Cardiac Sonography Option),Diploma,Full-time,School of Health Sciences,https://www.bcit.ca/programs/diagnostic-medical-sonography-cardiac-sonography-option-diploma-full-time-576bdipma/,health-sciences,1,,26,,https://www.bcit.ca/programs/diagnostic-medical-sonography-cardiac-sonography-option-diploma-full-time-576bdipma/,already loaded,Exact current catalog program ID matches an active PostgreSQL program.,576BDIPMA
current_catalog,576CDIPMA,Diagnostic Medical Sonography (General and Cardiac Sonography Option),Diploma,Full-time,School of Health Sciences,https://www.bcit.ca/programs/diagnostic-medical-sonography-general-and-cardiac-sonography-option-diploma-full-time-576cdipma/,health-sciences,1,32,,200,https://www.bcit.ca/programs/diagnostic-medical-sonography-general-and-cardiac-sonography-option-diploma-full-time-576cdipma/,legitimate remaining import candidate,Current credential-bearing catalog entry is not loaded and publishes identifiable BCIT course references.,
current_catalog,5810DIPMA,Electroneurophysiology,Diploma,Full-time,School of Health Sciences,https://www.bcit.ca/programs/electroneurophysiology-diploma-full-time-5810dipma/,health-sciences,1,,20,,https://www.bcit.ca/programs/electroneurophysiology-diploma-full-time-5810dipma/,already loaded,Exact current catalog program ID matches an active PostgreSQL program.,5810DIPMA
current_catalog,585CMCERT,Financial Management (Finance Option),Certificate,Part-time,School of Business + Media,https://www.bcit.ca/programs/financial-management-finance-option-certificate-part-time-585cmcert/,business-media,1,37,,200,https://www.bcit.ca/programs/financial-management-finance-option-certificate-part-time-585cmcert/,legitimate remaining import candidate,Current credential-bearing catalog entry is not loaded and publishes identifiable BCIT course references.,
current_catalog,585FMCERT,Financial Management (Professional Accounting Option),Certificate,Part-time,School of Business + Media,https://www.bcit.ca/programs/financial-management-professional-accounting-option-certificate-part-time-585fmcert/,business-media,1,36,,200,https://www.bcit.ca/programs/financial-management-professional-accounting-option-certificate-part-time-585fmcert/,legitimate remaining import candidate,Current credential-bearing catalog entry is not loaded and publishes identifiable BCIT course references.,
current_catalog,585IACERT,Financial Management (Financial Planning),Associate Certificate,Part-time,School of Business + Media,https://www.bcit.ca/programs/financial-management-financial-planning-associate-certificate-part-time-585iacert/,business-media,1,,8,,https://www.bcit.ca/programs/financial-management-financial-planning-associate-certificate-part-time-585iacert/,already loaded,Exact current catalog program ID matches an active PostgreSQL program.,585IACERT
current_catalog,5880DIPLT,General Insurance and Risk Management,Diploma,Full-time,School of Business + Media,https://www.bcit.ca/programs/general-insurance-and-risk-management-diploma-full-time-5880diplt/,business-media,1,30,,200,https://www.bcit.ca/programs/general-insurance-and-risk-management-diploma-full-time-5880diplt/,legitimate remaining import candidate,Current credential-bearing catalog entry is not loaded and publishes identifiable BCIT course references.,
current_catalog,5985ACERT,User Interface (UI) and User Experience (UX) Design,Associate Certificate,Part-time,School of Business + Media,https://www.bcit.ca/programs/user-interface-ui-and-user-experience-ux-design-associate-certificate-part-time-5985acert/,business-media|computing-it,3,19,,200,https://www.bcit.ca/programs/user-interface-ui-and-user-experience-ux-design-associate-certificate-part-time-5985acert/,legitimate remaining import candidate,Current credential-bearing catalog entry is not loaded and publishes identifiable BCIT course references.,
current_catalog,6005ACERT,Payroll and Human Resources,Associate Certificate,Part-time,School of Business + Media,https://www.bcit.ca/programs/payroll-and-human-resources-associate-certificate-part-time-6005acert/,business-media,2,,8,,https://www.bcit.ca/programs/payroll-and-human-resources-associate-certificate-part-time-6005acert/,already loaded,Exact current catalog program ID matches an active PostgreSQL program.,6005ACERT
current_catalog,6008CERT,Payroll Administration,Certificate,Part-time,School of Business + Media,https://www.bcit.ca/programs/payroll-administration-certificate-part-time-6008cert/,business-media,2,20,,200,https://www.bcit.ca/programs/payroll-administration-certificate-part-time-6008cert/,legitimate remaining import candidate,Current credential-bearing catalog entry is not loaded and publishes identifiable BCIT course references.,
current_catalog,6030CERT,Architectural and Building Technology,Certificate,Part-time,School of Construction and the Environment,https://www.bcit.ca/programs/architectural-and-building-technology-certificate-part-time-6030cert/,engineering,1,36,,200,https://www.bcit.ca/programs/architectural-and-building-technology-certificate-part-time-6030cert/,legitimate remaining import candidate,Current credential-bearing catalog entry is not loaded and publishes identifiable BCIT course references.,
current_catalog,6035DIPMA,Accounting,Diploma,Full-time,School of Business + Media,https://www.bcit.ca/programs/accounting-diploma-full-time-6035dipma/,business-media,1,,26,,https://www.bcit.ca/programs/accounting-diploma-full-time-6035dipma/,already loaded,Exact current catalog program ID matches an active PostgreSQL program.,6035DIPMA
current_catalog,6035PDIPMA,Accounting,Diploma,Part-time,School of Business + Media,https://www.bcit.ca/programs/accounting-diploma-part-time-6035pdipma/,business-media,1,38,,200,https://www.bcit.ca/programs/accounting-diploma-part-time-6035pdipma/,legitimate remaining import candidate,Current credential-bearing catalog entry is not loaded and publishes identifiable BCIT course references.,
current_catalog,6040ACERT,Fundamentals of Water and Wastewater Operations,Associate Certificate,Part-time,School of Construction and the Environment,https://www.bcit.ca/programs/fundamentals-of-water-and-wastewater-operations-associate-certificate-part-time-6040acert/,engineering|trades-apprenticeships,2,5,,200,https://www.bcit.ca/programs/fundamentals-of-water-and-wastewater-operations-associate-certificate-part-time-6040acert/,legitimate remaining import candidate,Current credential-bearing catalog entry is not loaded and publishes identifiable BCIT course references.,
current_catalog,6045DIPMA,Finance,Diploma,Full-time,School of Business + Media,https://www.bcit.ca/programs/finance-diploma-full-time-6045dipma/,business-media,1,27,,200,https://www.bcit.ca/programs/finance-diploma-full-time-6045dipma/,legitimate remaining import candidate,Current credential-bearing catalog entry is not loaded and publishes identifiable BCIT course references.,
current_catalog,6045PDIPMA,Finance,Diploma,Part-time,School of Business + Media,https://www.bcit.ca/programs/finance-diploma-part-time-6045pdipma/,business-media,1,,43,,https://www.bcit.ca/programs/finance-diploma-part-time-6045pdipma/,already loaded,Exact current catalog program ID matches an active PostgreSQL program.,6045PDIPMA
current_catalog,6055DIPMA,Financial Planning,Diploma,Full-time,School of Business + Media,https://www.bcit.ca/programs/financial-planning-diploma-full-time-6055dipma/,business-media,1,27,,200,https://www.bcit.ca/programs/financial-planning-diploma-full-time-6055dipma/,legitimate remaining import candidate,Current credential-bearing catalog entry is not loaded and publishes identifiable BCIT course references.,
current_catalog,6055PDIPMA,Financial Planning,Diploma,Part-time,School of Business + Media,https://www.bcit.ca/programs/financial-planning-diploma-part-time-6055pdipma/,business-media,1,44,,200,https://www.bcit.ca/programs/financial-planning-diploma-part-time-6055pdipma/,legitimate remaining import candidate,Current credential-bearing catalog entry is not loaded and publishes identifiable BCIT course references.,
current_catalog,605DDIPMA,Technology Teacher Education,Diploma,Full-time,School of Energy,https://www.bcit.ca/programs/technology-teacher-education-diploma-full-time-605ddipma/,engineering|trades-apprenticeships,2,,33,,https://www.bcit.ca/programs/technology-teacher-education-diploma-full-time-605ddipma/,already loaded,Exact current catalog program ID matches an active PostgreSQL program.,605DDIPMA
current_catalog,6090CERT,"Essential Technical Skills for Architecture, Construction, and Engineering",Certificate,Part-time,School of Construction and the Environment,https://www.bcit.ca/programs/essential-technical-skills-for-architecture-construction-and-engineering-certificate-part-time-6090cert/,engineering|trades-apprenticeships,3,10,,200,https://www.bcit.ca/programs/essential-technical-skills-for-architecture-construction-and-engineering-certificate-part-time-6090cert/,legitimate remaining import candidate,Current credential-bearing catalog entry is not loaded and publishes identifiable BCIT course references.,
current_catalog,6110DIPMA,Radio Arts and Entertainment,Diploma,Full-time,School of Business + Media,https://www.bcit.ca/programs/radio-arts-and-entertainment-diploma-full-time-6110dipma/,business-media,1,25,,200,https://www.bcit.ca/programs/radio-arts-and-entertainment-diploma-full-time-6110dipma/,legitimate remaining import candidate,Current credential-bearing catalog entry is not loaded and publishes identifiable BCIT course references.,
current_catalog,6115ACERT,Broadcast and Digital Journalism,Associate Certificate,Part-time,School of Business + Media,https://www.bcit.ca/programs/broadcast-and-digital-journalism-associate-certificate-part-time-6115acert/,business-media,1,,22,,https://www.bcit.ca/programs/broadcast-and-digital-journalism-associate-certificate-part-time-6115acert/,already loaded,Exact current catalog program ID matches an active PostgreSQL program.,6115ACERT
current_catalog,6120ACERT,Video Production and Editing,Associate Certificate,Part-time,School of Business + Media,https://www.bcit.ca/programs/video-production-and-editing-associate-certificate-part-time-6120acert/,business-media,1,,29,,https://www.bcit.ca/programs/video-production-and-editing-associate-certificate-part-time-6120acert/,already loaded,Exact current catalog program ID matches an active PostgreSQL program.,6120ACERT
current_catalog,6125ACERT,Radio Arts and Entertainment,Associate Certificate,Part-time,School of Business + Media,https://www.bcit.ca/programs/radio-arts-and-entertainment-associate-certificate-part-time-6125acert/,business-media,1,,26,,https://www.bcit.ca/programs/radio-arts-and-entertainment-associate-certificate-part-time-6125acert/,already loaded,Exact current catalog program ID matches an active PostgreSQL program.,6125ACERT
current_catalog,6130DIPMA,Television & Video Production,Diploma,Full-time,School of Business + Media,https://www.bcit.ca/programs/television-and-video-production-diploma-full-time-6130dipma/,business-media,1,,25,,https://www.bcit.ca/programs/television-and-video-production-diploma-full-time-6130dipma/,already loaded,Exact current catalog program ID matches an active PostgreSQL program.,6130DIPMA
current_catalog,6135DIPMA,Broadcast and Online Journalism,Diploma,Full-time,School of Business + Media,https://www.bcit.ca/programs/broadcast-and-online-journalism-diploma-full-time-6135dipma/,business-media,1,,24,,https://www.bcit.ca/programs/broadcast-and-online-journalism-diploma-full-time-6135dipma/,already loaded,Exact current catalog program ID matches an active PostgreSQL program.,6135DIPMA
current_catalog,6140DIPMA,Residential Interiors,Diploma,Part-time,School of Construction and the Environment,https://www.bcit.ca/programs/residential-interiors-diploma-part-time-6140dipma/,engineering,1,,29,,https://www.bcit.ca/programs/residential-interiors-diploma-part-time-6140dipma/,already loaded,Exact current catalog program ID matches an active PostgreSQL program.,6140DIPMA
current_catalog,6185ADCERT,Renewable Energy Electrical Systems Installation & Maintenance,Advanced Certificate,Part-time,School of Construction and the Environment,https://www.bcit.ca/programs/renewable-energy-electrical-systems-installation-and-maintenance-advanced-certificate-part-time-6185adcert/,engineering|trades-apprenticeships,2,8,,200,https://www.bcit.ca/programs/renewable-energy-electrical-systems-installation-and-maintenance-advanced-certificate-part-time-6185adcert/,legitimate remaining import candidate,Current credential-bearing catalog entry is not loaded and publishes identifiable BCIT course references.,
current_catalog,6195CERT,Interior Design Fundamentals,Certificate,Full-time/Part-time,School of Construction and the Environment,https://www.bcit.ca/programs/interior-design-fundamentals-certificate-full-time-part-time-6195cert/,engineering|trades-apprenticeships,2,16,,200,https://www.bcit.ca/programs/interior-design-fundamentals-certificate-full-time-part-time-6195cert/,legitimate remaining import candidate,Current credential-bearing catalog entry is not loaded and publishes identifiable BCIT course references.,
current_catalog,6220FDIPMA,Interior Design,Diploma,Full-time,School of Construction and the Environment,https://www.bcit.ca/programs/interior-design-diploma-full-time-6220fdipma/,engineering|trades-apprenticeships,2,,18,,https://www.bcit.ca/programs/interior-design-diploma-full-time-6220fdipma/,already loaded,Exact current catalog program ID matches an active PostgreSQL program.,6220FDIPMA
current_catalog,6220PDIPMA,Interior Design,Diploma,Part-time,School of Construction and the Environment,https://www.bcit.ca/programs/interior-design-diploma-part-time-6220pdipma/,engineering|trades-apprenticeships,2,17,,200,https://www.bcit.ca/programs/interior-design-diploma-part-time-6220pdipma/,legitimate remaining import candidate,Current credential-bearing catalog entry is not loaded and publishes identifiable BCIT course references.,
current_catalog,6225ACERT,Global Business Studies,Associate Certificate,Part-time,School of Business + Media,https://www.bcit.ca/programs/global-business-studies-associate-certificate-part-time-6225acert/,business-media,1,21,,200,https://www.bcit.ca/programs/global-business-studies-associate-certificate-part-time-6225acert/,legitimate remaining import candidate,Current credential-bearing catalog entry is not loaded and publishes identifiable BCIT course references.,
current_catalog,6235DIPMA,Business Information Technology Management,Diploma,Full-time,School of Business + Media,https://www.bcit.ca/programs/business-information-technology-management-diploma-full-time-6235dipma/,business-media|computing-it,3,,15,,https://www.bcit.ca/programs/business-information-technology-management-diploma-full-time-6235dipma/,already loaded,Exact current catalog program ID matches an active PostgreSQL program.,6235DIPMA
current_catalog,623ADIPMA,Business Information Technology Management (Artificial Intelligence Management Option),Diploma,Full-time,School of Business + Media,https://www.bcit.ca/programs/business-information-technology-management-artificial-intelligence-management-option-diploma-full-time-623adipma/,business-media|computing-it,3,15,,200,https://www.bcit.ca/programs/business-information-technology-management-artificial-intelligence-management-option-diploma-full-time-623adipma/,legitimate remaining import candidate,Current credential-bearing catalog entry is not loaded and publishes identifiable BCIT course references.,
current_catalog,623BDIPMA,Business Information Technology Management (Enterprise Systems Management Option),Diploma,Full-time,School of Business + Media,https://www.bcit.ca/programs/business-information-technology-management-enterprise-systems-management-option-diploma-full-time-623bdipma/,business-media|computing-it,3,16,,200,https://www.bcit.ca/programs/business-information-technology-management-enterprise-systems-management-option-diploma-full-time-623bdipma/,legitimate remaining import candidate,Current credential-bearing catalog entry is not loaded and publishes identifiable BCIT course references.,
current_catalog,623CDIPMA,Business Information Technology Management (Analytics Data Management Option),Diploma,Full-time,School of Business + Media,https://www.bcit.ca/programs/business-information-technology-management-analytics-data-management-option-diploma-full-time-623cdipma/,business-media|computing-it,3,16,,200,https://www.bcit.ca/programs/business-information-technology-management-analytics-data-management-option-diploma-full-time-623cdipma/,legitimate remaining import candidate,Current credential-bearing catalog entry is not loaded and publishes identifiable BCIT course references.,
current_catalog,6245DIPLT,Business Management,Diploma,Full-time,School of Business + Media,https://www.bcit.ca/programs/business-management-diploma-full-time-6245diplt/,business-media,1,30,,200,https://www.bcit.ca/programs/business-management-diploma-full-time-6245diplt/,legitimate remaining import candidate,Current credential-bearing catalog entry is not loaded and publishes identifiable BCIT course references.,
current_catalog,6245MCERT,Business Management,Certificate,Part-time,School of Business + Media,https://www.bcit.ca/programs/business-management-certificate-part-time-6245mcert/,business-media,1,10,,200,https://www.bcit.ca/programs/business-management-certificate-part-time-6245mcert/,legitimate remaining import candidate,Current credential-bearing catalog entry is not loaded and publishes identifiable BCIT course references.,
current_catalog,6247DIPMA,Graphic Communications,Diploma,Full-time,School of Business + Media,https://www.bcit.ca/programs/graphic-communications-diploma-full-time-6247dipma/,business-media|computing-it,2,36,,200,https://www.bcit.ca/programs/graphic-communications-diploma-full-time-6247dipma/,legitimate remaining import candidate,Current credential-bearing catalog entry is not loaded and publishes identifiable BCIT course references.,
current_catalog,625AMCERT,Human Resource Management,Certificate,Part-time,School of Business + Media,https://www.bcit.ca/programs/human-resource-management-certificate-part-time-625amcert/,business-media,1,18,,200,https://www.bcit.ca/programs/human-resource-management-certificate-part-time-625amcert/,legitimate remaining import candidate,Current credential-bearing catalog entry is not loaded and publishes identifiable BCIT course references.,
current_catalog,6265ACERT,Lean Six Sigma Principles,Associate Certificate,Part-time,School of Business + Media,https://www.bcit.ca/programs/lean-six-sigma-principles-associate-certificate-part-time-6265acert/,business-media,1,,6,,https://www.bcit.ca/programs/lean-six-sigma-principles-associate-certificate-part-time-6265acert/,already loaded,Exact current catalog program ID matches an active PostgreSQL program.,6265ACERT
current_catalog,6285CERT,Fire Service Industry Leadership,Certificate,Part-time,School of Business + Media,https://www.bcit.ca/programs/fire-service-industry-leadership-certificate-part-time-6285cert/,business-media,1,18,,200,https://www.bcit.ca/programs/fire-service-industry-leadership-certificate-part-time-6285cert/,legitimate remaining import candidate,Current credential-bearing catalog entry is not loaded and publishes identifiable BCIT course references.,
current_catalog,6290DIPMA,Strategic Human Resources Management,Diploma,Full-time,School of Business + Media,https://www.bcit.ca/programs/strategic-human-resources-management-diploma-full-time-6290dipma/,business-media,1,30,,200,https://www.bcit.ca/programs/strategic-human-resources-management-diploma-full-time-6290dipma/,legitimate remaining import candidate,Current credential-bearing catalog entry is not loaded and publishes identifiable BCIT course references.,
current_catalog,6300MCERT,Marketing Management,Certificate,Part-time,School of Business + Media,https://www.bcit.ca/programs/marketing-management-certificate-part-time-6300mcert/,business-media,1,32,,200,https://www.bcit.ca/programs/marketing-management-certificate-part-time-6300mcert/,legitimate remaining import candidate,Current credential-bearing catalog entry is not loaded and publishes identifiable BCIT course references.,
current_catalog,630DACERT,Marketing Management - Marketing Communications,Associate Certificate,Part-time,School of Business + Media,https://www.bcit.ca/programs/marketing-management-marketing-communications-associate-certificate-part-time-630dacert/,business-media,1,,14,,https://www.bcit.ca/programs/marketing-management-marketing-communications-associate-certificate-part-time-630dacert/,already loaded,Exact current catalog program ID matches an active PostgreSQL program.,630DACERT
current_catalog,630DMCERT,Marketing Management (Marketing Communications Option),Certificate,Part-time,School of Business + Media,https://www.bcit.ca/programs/marketing-management-marketing-communications-option-certificate-part-time-630dmcert/,business-media,1,29,,200,https://www.bcit.ca/programs/marketing-management-marketing-communications-option-certificate-part-time-630dmcert/,legitimate remaining import candidate,Current credential-bearing catalog entry is not loaded and publishes identifiable BCIT course references.,
current_catalog,630HACERT,Marketing Management - Entrepreneurship,Associate Certificate,Part-time,School of Business + Media,https://www.bcit.ca/programs/marketing-management-entrepreneurship-associate-certificate-part-time-630hacert/,business-media,1,20,,200,https://www.bcit.ca/programs/marketing-management-entrepreneurship-associate-certificate-part-time-630hacert/,legitimate remaining import candidate,Current credential-bearing catalog entry is not loaded and publishes identifiable BCIT course references.,
current_catalog,630MACERT,Marketing Management - Sales Skills,Associate Certificate,Part-time,School of Business + Media,https://www.bcit.ca/programs/marketing-management-sales-skills-associate-certificate-part-time-630macert/,business-media,1,13,,200,https://www.bcit.ca/programs/marketing-management-sales-skills-associate-certificate-part-time-630macert/,legitimate remaining import candidate,Current credential-bearing catalog entry is not loaded and publishes identifiable BCIT course references.,
current_catalog,630PMCERT,Media Techniques and Marketing Communications,Certificate,Part-time,School of Business + Media,https://www.bcit.ca/programs/media-techniques-and-marketing-communications-certificate-part-time-630pmcert/,business-media,1,27,,200,https://www.bcit.ca/programs/media-techniques-and-marketing-communications-certificate-part-time-630pmcert/,legitimate remaining import candidate,Current credential-bearing catalog entry is not loaded and publishes identifiable BCIT course references.,
current_catalog,630VMCERT,Marketing Management (Professional Sales Option),Certificate,Part-time,School of Business + Media,https://www.bcit.ca/programs/marketing-management-professional-sales-option-certificate-part-time-630vmcert/,business-media,1,28,,200,https://www.bcit.ca/programs/marketing-management-professional-sales-option-certificate-part-time-630vmcert/,legitimate remaining import candidate,Current credential-bearing catalog entry is not loaded and publishes identifiable BCIT course references.,
current_catalog,630WACERT,Marketing Management - Customer Relationship Marketing,Associate Certificate,Part-time,School of Business + Media,https://www.bcit.ca/programs/marketing-management-customer-relationship-marketing-associate-certificate-part-time-630wacert/,business-media,1,15,,200,https://www.bcit.ca/programs/marketing-management-customer-relationship-marketing-associate-certificate-part-time-630wacert/,legitimate remaining import candidate,Current credential-bearing catalog entry is not loaded and publishes identifiable BCIT course references.,
current_catalog,630XACERT,Marketing Management - Public Relations,Associate Certificate,Part-time,School of Business + Media,https://www.bcit.ca/programs/marketing-management-public-relations-associate-certificate-part-time-630xacert/,business-media,1,17,,200,https://www.bcit.ca/programs/marketing-management-public-relations-associate-certificate-part-time-630xacert/,legitimate remaining import candidate,Current credential-bearing catalog entry is not loaded and publishes identifiable BCIT course references.,
current_catalog,6310ACERT,Nonprofit Management,Associate Certificate,Part-time,School of Business + Media,https://www.bcit.ca/programs/nonprofit-management-associate-certificate-part-time-6310acert/,business-media,1,,19,,https://www.bcit.ca/programs/nonprofit-management-associate-certificate-part-time-6310acert/,already loaded,Exact current catalog program ID matches an active PostgreSQL program.,6310ACERT
current_catalog,6315ACERT,Event Marketing and Planning Foundations,Associate Certificate,Part-time,School of Business + Media,https://www.bcit.ca/programs/event-marketing-and-planning-foundations-associate-certificate-part-time-6315acert/,business-media,1,,7,,https://www.bcit.ca/programs/event-marketing-and-planning-foundations-associate-certificate-part-time-6315acert/,already loaded,Exact current catalog program ID matches an active PostgreSQL program.,6315ACERT
current_catalog,635CDIPLT,Mechanical Engineering Technology (Mechanical Systems Option),Diploma,Full-time,School of Energy,https://www.bcit.ca/programs/mechanical-engineering-technology-mechanical-systems-option-diploma-full-time-635cdiplt/,engineering,1,,30,,https://www.bcit.ca/programs/mechanical-engineering-technology-mechanical-systems-option-diploma-full-time-635cdiplt/,already loaded,Exact current catalog program ID matches an active PostgreSQL program.,635CDIPLT
current_catalog,635DDIPLT,Mechanical Engineering Technology (Mechanical Design Option),Diploma,Full-time,School of Energy,https://www.bcit.ca/programs/mechanical-engineering-technology-mechanical-design-option-diploma-full-time-635ddiplt/,engineering,1,,31,,https://www.bcit.ca/programs/mechanical-engineering-technology-mechanical-design-option-diploma-full-time-635ddiplt/,already loaded,Exact current catalog program ID matches an active PostgreSQL program.,635DDIPLT
current_catalog,635EDIPLT,Mechanical Engineering Technology (Mechanical Manufacturing Option),Diploma,Full-time,School of Energy,https://www.bcit.ca/programs/mechanical-engineering-technology-mechanical-manufacturing-option-diploma-full-time-635ediplt/,engineering,1,,30,,https://www.bcit.ca/programs/mechanical-engineering-technology-mechanical-manufacturing-option-diploma-full-time-635ediplt/,already loaded,Exact current catalog program ID matches an active PostgreSQL program.,635EDIPLT
current_catalog,6365ACERT,Food Safety,Associate Certificate,Part-time,School of Health Sciences,https://www.bcit.ca/programs/food-safety-associate-certificate-part-time-6365acert/,applied-natural-sciences|health-sciences,2,10,,200,https://www.bcit.ca/programs/food-safety-associate-certificate-part-time-6365acert/,legitimate remaining import candidate,Current credential-bearing catalog entry is not loaded and publishes identifiable BCIT course references.,
current_catalog,6375ACERT,Digital Marketing Foundations,Associate Certificate,Part-time,School of Business + Media,https://www.bcit.ca/programs/digital-marketing-foundations-associate-certificate-part-time-6375acert/,business-media,1,5,,200,https://www.bcit.ca/programs/digital-marketing-foundations-associate-certificate-part-time-6375acert/,legitimate remaining import candidate,Current credential-bearing catalog entry is not loaded and publishes identifiable BCIT course references.,
current_catalog,6385ACERT,Digital Marketing Strategy,Associate Certificate,Part-time,School of Business + Media,https://www.bcit.ca/programs/digital-marketing-strategy-associate-certificate-part-time-6385acert/,business-media,1,,9,,https://www.bcit.ca/programs/digital-marketing-strategy-associate-certificate-part-time-6385acert/,already loaded,Exact current catalog program ID matches an active PostgreSQL program.,6385ACERT
current_catalog,6390ACERT,Marketing Management - Fundraising Management,Associate Certificate,Part-time,School of Business + Media,https://www.bcit.ca/programs/marketing-management-fundraising-management-associate-certificate-part-time-6390acert/,business-media,1,19,,200,https://www.bcit.ca/programs/marketing-management-fundraising-management-associate-certificate-part-time-6390acert/,legitimate remaining import candidate,Current credential-bearing catalog entry is not loaded and publishes identifiable BCIT course references.,
current_catalog,6422DIPMA,Marketing Management,Diploma,Full-time,School of Business + Media,https://www.bcit.ca/programs/marketing-management-diploma-full-time-6422dipma/,business-media,1,14,,200,https://www.bcit.ca/programs/marketing-management-diploma-full-time-6422dipma/,legitimate remaining import candidate,Current credential-bearing catalog entry is not loaded and publishes identifiable BCIT course references.,
current_catalog,6425ACERT,Technical Writing,Associate Certificate,Part-time,School of Computing and Academic Studies,https://www.bcit.ca/programs/technical-writing-associate-certificate-part-time-6425acert/,business-media|engineering|health-sciences,3,,16,,https://www.bcit.ca/programs/technical-writing-associate-certificate-part-time-6425acert/,already loaded,Exact current catalog program ID matches an active PostgreSQL program.,6425ACERT
current_catalog,642ADIPMA,Marketing Management (Digital Marketing and Brand Strategy Option),Diploma,Full-time,School of Business + Media,https://www.bcit.ca/programs/marketing-management-digital-marketing-and-brand-strategy-option-diploma-full-time-642adipma/,business-media,1,13,,200,https://www.bcit.ca/programs/marketing-management-digital-marketing-and-brand-strategy-option-diploma-full-time-642adipma/,legitimate remaining import candidate,Current credential-bearing catalog entry is not loaded and publishes identifiable BCIT course references.,
current_catalog,642BDIPMA,Marketing Management (Professional Sales Option),Diploma,Full-time,School of Business + Media,https://www.bcit.ca/programs/marketing-management-professional-sales-option-diploma-full-time-642bdipma/,business-media,1,14,,200,https://www.bcit.ca/programs/marketing-management-professional-sales-option-diploma-full-time-642bdipma/,legitimate remaining import candidate,Current credential-bearing catalog entry is not loaded and publishes identifiable BCIT course references.,
current_catalog,642CDIPMA,Marketing Management (Entrepreneurship Option),Diploma,Full-time,School of Business + Media,https://www.bcit.ca/programs/marketing-management-entrepreneurship-option-diploma-full-time-642cdipma/,business-media,1,16,,200,https://www.bcit.ca/programs/marketing-management-entrepreneurship-option-diploma-full-time-642cdipma/,legitimate remaining import candidate,Current credential-bearing catalog entry is not loaded and publishes identifiable BCIT course references.,
current_catalog,642DDIPMA,Marketing Management (Professional Real Estate Option),Diploma,Full-time,School of Business + Media,https://www.bcit.ca/programs/marketing-management-professional-real-estate-option-diploma-full-time-642ddipma/,business-media,1,15,,200,https://www.bcit.ca/programs/marketing-management-professional-real-estate-option-diploma-full-time-642ddipma/,legitimate remaining import candidate,Current credential-bearing catalog entry is not loaded and publishes identifiable BCIT course references.,
current_catalog,642EDIPMA,Marketing Management (Tourism Marketing and Sales Option),Diploma,Full-time,School of Business + Media,https://www.bcit.ca/programs/marketing-management-tourism-marketing-and-sales-option-diploma-full-time-642edipma/,business-media,1,16,,200,https://www.bcit.ca/programs/marketing-management-tourism-marketing-and-sales-option-diploma-full-time-642edipma/,legitimate remaining import candidate,Current credential-bearing catalog entry is not loaded and publishes identifiable BCIT course references.,
current_catalog,6450MCERT,Media Techniques for Business,Certificate,Part-time,School of Business + Media,https://www.bcit.ca/programs/media-techniques-for-business-certificate-part-time-6450mcert/,business-media,1,33,,200,https://www.bcit.ca/programs/media-techniques-for-business-certificate-part-time-6450mcert/,legitimate remaining import candidate,Current credential-bearing catalog entry is not loaded and publishes identifiable BCIT course references.,
current_catalog,6465ACERT,Web and Mobile Application Development,Associate Certificate,Part-time,School of Computing and Academic Studies,https://www.bcit.ca/programs/web-and-mobile-application-development-associate-certificate-part-time-6465acert/,computing-it,2,,14,,https://www.bcit.ca/programs/web-and-mobile-application-development-associate-certificate-part-time-6465acert/,already loaded,Exact current catalog program ID matches an active PostgreSQL program.,6465ACERT
current_catalog,6505ACERT,Graphic Design Foundations,Associate Certificate,Part-time,School of Business + Media,https://www.bcit.ca/programs/graphic-design-foundations-associate-certificate-part-time-6505acert/,business-media,1,6,,200,https://www.bcit.ca/programs/graphic-design-foundations-associate-certificate-part-time-6505acert/,legitimate remaining import candidate,Current credential-bearing catalog entry is not loaded and publishes identifiable BCIT course references.,
current_catalog,6515DIPMA,Digital Design and Development,Diploma,Full-time,School of Business + Media,https://www.bcit.ca/programs/digital-design-and-development-diploma-full-time-6515dipma/,business-media|computing-it,2,,32,,https://www.bcit.ca/programs/digital-design-and-development-diploma-full-time-6515dipma/,already loaded,Exact current catalog program ID matches an active PostgreSQL program.,6515DIPMA
current_catalog,6525DIPMA,New Media Design and Web Development,Diploma,Full-time,School of Business + Media,https://www.bcit.ca/programs/new-media-design-and-web-development-diploma-full-time-6525dipma/,business-media|computing-it,2,36,,200,https://www.bcit.ca/programs/new-media-design-and-web-development-diploma-full-time-6525dipma/,legitimate remaining import candidate,Current credential-bearing catalog entry is not loaded and publishes identifiable BCIT course references.,
current_catalog,6530CERT,Construction Estimating,Certificate,Part-time,School of Construction and the Environment,https://www.bcit.ca/programs/construction-estimating-certificate-part-time-6530cert/,engineering|trades-apprenticeships,2,,19,,https://www.bcit.ca/programs/construction-estimating-certificate-part-time-6530cert/,already loaded,Exact current catalog program ID matches an active PostgreSQL program.,6530CERT
current_catalog,6535CERT,Front-End Web Developer,Certificate,Full-time,School of Computing and Academic Studies,https://www.bcit.ca/programs/front-end-web-developer-certificate-full-time-6535cert/,business-media|computing-it,3,,13,,https://www.bcit.ca/programs/front-end-web-developer-certificate-full-time-6535cert/,already loaded,Exact current catalog program ID matches an active PostgreSQL program.,6535CERT
current_catalog,6575DIPMA,"3D Modeling, Art and Animation",Diploma,Full-time,School of Business + Media,https://www.bcit.ca/programs/3d-modeling-art-and-animation-diploma-full-time-6575dipma/,business-media|computing-it,2,,28,,https://www.bcit.ca/programs/3d-modeling-art-and-animation-diploma-full-time-6575dipma/,already loaded,Exact current catalog program ID matches an active PostgreSQL program.,6575DIPMA
current_catalog,6585CERT,Graphic Design,Certificate,Full-time/Part-time,School of Business + Media,https://www.bcit.ca/programs/graphic-design-certificate-full-time-part-time-6585cert/,business-media|computing-it,2,16,,200,https://www.bcit.ca/programs/graphic-design-certificate-full-time-part-time-6585cert/,legitimate remaining import candidate,Current credential-bearing catalog entry is not loaded and publishes identifiable BCIT course references.,
current_catalog,6590ACERT,Tourism and Hospitality,Associate Certificate,Part-time,School of Business + Media,https://www.bcit.ca/programs/tourism-and-hospitality-associate-certificate-part-time-6590acert/,business-media,1,7,,200,https://www.bcit.ca/programs/tourism-and-hospitality-associate-certificate-part-time-6590acert/,legitimate remaining import candidate,Current credential-bearing catalog entry is not loaded and publishes identifiable BCIT course references.,
current_catalog,6595DIPMA,Graphic Design and Interactive Media,Diploma,Part-time,School of Business + Media,https://www.bcit.ca/programs/graphic-design-and-interactive-media-diploma-part-time-6595dipma/,business-media|computing-it,2,,32,,https://www.bcit.ca/programs/graphic-design-and-interactive-media-diploma-part-time-6595dipma/,already loaded,Exact current catalog program ID matches an active PostgreSQL program.,6595DIPMA
current_catalog,6615DIPMA,Medical Laboratory Science,Diploma,Full-time,School of Health Sciences,https://www.bcit.ca/programs/medical-laboratory-science-diploma-full-time-6615dipma/,health-sciences,1,,30,,https://www.bcit.ca/programs/medical-laboratory-science-diploma-full-time-6615dipma/,already loaded,Exact current catalog program ID matches an active PostgreSQL program.,6615DIPMA
current_catalog,6630ACERT,Medical Office Assistant,Associate Certificate,Part-time,School of Business + Media,https://www.bcit.ca/programs/medical-office-assistant-associate-certificate-part-time-6630acert/,business-media|health-sciences,2,11,,200,https://www.bcit.ca/programs/medical-office-assistant-associate-certificate-part-time-6630acert/,legitimate remaining import candidate,Current credential-bearing catalog entry is not loaded and publishes identifiable BCIT course references.,
current_catalog,6635DIPMA,Medical Radiography,Diploma,Full-time,School of Health Sciences,https://www.bcit.ca/programs/medical-radiography-diploma-full-time-6635dipma/,health-sciences,1,,30,,https://www.bcit.ca/programs/medical-radiography-diploma-full-time-6635dipma/,already loaded,Exact current catalog program ID matches an active PostgreSQL program.,6635DIPMA
current_catalog,6640DIPMA,Mineral Exploration and Mining Technology,Diploma,Full-time,School of Construction and the Environment,https://www.bcit.ca/programs/mineral-exploration-and-mining-technology-diploma-full-time-6640dipma/,applied-natural-sciences|engineering,2,35,,200,https://www.bcit.ca/programs/mineral-exploration-and-mining-technology-diploma-full-time-6640dipma/,legitimate remaining import candidate,Current credential-bearing catalog entry is not loaded and publishes identifiable BCIT course references.,
current_catalog,6645ADCERT,Bridging Medical Radiography,Advanced Certificate,Part-time,School of Health Sciences,https://www.bcit.ca/programs/bridging-medical-radiography-advanced-certificate-part-time-6645adcert/,health-sciences,1,,6,,https://www.bcit.ca/programs/bridging-medical-radiography-advanced-certificate-part-time-6645adcert/,already loaded,Exact current catalog program ID matches an active PostgreSQL program.,6645ADCERT
current_catalog,6705DIPMA,Nuclear Medicine,Diploma,Full-time,School of Health Sciences,https://www.bcit.ca/programs/nuclear-medicine-diploma-full-time-6705dipma/,health-sciences,1,,35,,https://www.bcit.ca/programs/nuclear-medicine-diploma-full-time-6705dipma/,already loaded,Exact current catalog program ID matches an active PostgreSQL program.,6705DIPMA
current_catalog,675FACERT,Fire Protection Inspection and Testing,Associate Certificate,Part-time,School of Construction and the Environment,https://www.bcit.ca/programs/fire-protection-inspection-and-testing-associate-certificate-part-time-675facert/,engineering|trades-apprenticeships,2,,13,,https://www.bcit.ca/programs/fire-protection-inspection-and-testing-associate-certificate-part-time-675facert/,already loaded,Exact current catalog program ID matches an active PostgreSQL program.,675FACERT
current_catalog,6760ACERT,Mechanical Systems,Associate Certificate,Part-time,School of Energy,https://www.bcit.ca/programs/mechanical-systems-associate-certificate-part-time-6760acert/,engineering,1,,15,,https://www.bcit.ca/programs/mechanical-systems-associate-certificate-part-time-6760acert/,already loaded,Exact current catalog program ID matches an active PostgreSQL program.,6760ACERT
current_catalog,680BASCERT,Pediatric Nursing Specialty (Standard Option),Advanced Certificate,Part-time,School of Health Sciences,https://www.bcit.ca/programs/pediatric-nursing-specialty-standard-option-advanced-certificate-part-time-680bascert/,health-sciences,1,,23,,https://www.bcit.ca/programs/pediatric-nursing-specialty-standard-option-advanced-certificate-part-time-680bascert/,already loaded,Exact current catalog program ID matches an active PostgreSQL program.,680BASCERT
current_catalog,680CASCERT,Perinatal Nursing Specialty (Standard Option),Advanced Certificate,Part-time,School of Health Sciences,https://www.bcit.ca/programs/perinatal-nursing-specialty-standard-option-advanced-certificate-part-time-680cascert/,health-sciences,1,,14,,https://www.bcit.ca/programs/perinatal-nursing-specialty-standard-option-advanced-certificate-part-time-680cascert/,already loaded,Exact current catalog program ID matches an active PostgreSQL program.,680CASCERT
current_catalog,680EASCERT,Emergency Nursing Specialty (Standard Option),Advanced Certificate,Part-time,School of Health Sciences,https://www.bcit.ca/programs/emergency-nursing-specialty-standard-option-advanced-certificate-part-time-680eascert/,health-sciences,1,,6,,https://www.bcit.ca/programs/emergency-nursing-specialty-standard-option-advanced-certificate-part-time-680eascert/,already loaded,Exact current catalog program ID matches an active PostgreSQL program.,680EASCERT
current_catalog,680FASCERT,Neonatal Nursing Specialty,Advanced Certificate,Part-time,School of Health Sciences,https://www.bcit.ca/programs/neonatal-nursing-specialty-advanced-certificate-part-time-680fascert/,health-sciences,1,9,,200,https://www.bcit.ca/programs/neonatal-nursing-specialty-advanced-certificate-part-time-680fascert/,legitimate remaining import candidate,Current credential-bearing catalog entry is not loaded and publishes identifiable BCIT course references.,
current_catalog,680LASCERT,Critical Care Nursing Specialty (Combined Critical Care/Emergency Option),Advanced Certificate,Part-time,School of Health Sciences,https://www.bcit.ca/programs/critical-care-nursing-specialty-combined-critical-care-emergency-option-advanced-certificate-part-time-680lascert/,health-sciences,1,,7,,https://www.bcit.ca/programs/critical-care-nursing-specialty-combined-critical-care-emergency-option-advanced-certificate-part-time-680lascert/,already loaded,Exact current catalog program ID matches an active PostgreSQL program.,680LASCERT
current_catalog,680MASCERT,Nephrology Nursing Specialty,Advanced Certificate,Part-time,School of Health Sciences,https://www.bcit.ca/programs/nephrology-nursing-specialty-advanced-certificate-part-time-680mascert/,health-sciences,1,,7,,https://www.bcit.ca/programs/nephrology-nursing-specialty-advanced-certificate-part-time-680mascert/,already loaded,Exact current catalog program ID matches an active PostgreSQL program.,680MASCERT
current_catalog,680PASCERT,Perioperative Nursing Specialty,Advanced Certificate,Part-time,School of Health Sciences,https://www.bcit.ca/programs/perioperative-nursing-specialty-advanced-certificate-part-time-680pascert/,health-sciences,1,10,,200,https://www.bcit.ca/programs/perioperative-nursing-specialty-advanced-certificate-part-time-680pascert/,legitimate remaining import candidate,Current credential-bearing catalog entry is not loaded and publishes identifiable BCIT course references.,
current_catalog,680SASCERT,Emergency Nursing Specialty (Combined Emergency/Critical Care Option),Advanced Certificate,Part-time,School of Health Sciences,https://www.bcit.ca/programs/emergency-nursing-specialty-combined-emergency-critical-care-option-advanced-certificate-part-time-680sascert/,health-sciences,1,,8,,https://www.bcit.ca/programs/emergency-nursing-specialty-combined-emergency-critical-care-option-advanced-certificate-part-time-680sascert/,already loaded,Exact current catalog program ID matches an active PostgreSQL program.,680SASCERT
current_catalog,680VASCERT,Perinatal Nursing Specialty (Perinatal - Perioperative Option),Advanced Certificate,Part-time,School of Health Sciences,https://www.bcit.ca/programs/perinatal-nursing-specialty-perinatal-perioperative-option-advanced-certificate-part-time-680vascert/,health-sciences,1,9,,200,https://www.bcit.ca/programs/perinatal-nursing-specialty-perinatal-perioperative-option-advanced-certificate-part-time-680vascert/,legitimate remaining import candidate,Current credential-bearing catalog entry is not loaded and publishes identifiable BCIT course references.,
current_catalog,680WASCERT,High Acuity Nursing Specialty,Advanced Certificate,Part-time,School of Health Sciences,https://www.bcit.ca/programs/high-acuity-nursing-specialty-advanced-certificate-part-time-680wascert/,health-sciences,1,,10,,https://www.bcit.ca/programs/high-acuity-nursing-specialty-advanced-certificate-part-time-680wascert/,already loaded,Exact current catalog program ID matches an active PostgreSQL program.,680WASCERT
current_catalog,680XADCERT,Critical Care Nursing Specialty,Advanced Certificate,Part-time,School of Health Sciences,https://www.bcit.ca/programs/critical-care-nursing-specialty-advanced-certificate-part-time-680xadcert/,health-sciences,1,,7,,https://www.bcit.ca/programs/critical-care-nursing-specialty-advanced-certificate-part-time-680xadcert/,already loaded,Exact current catalog program ID matches an active PostgreSQL program.,680XADCERT
current_catalog,680YADCERT,Emergency Nursing Specialty (Pediatric Emergency Option),Advanced Certificate,Part-time,School of Health Sciences,https://www.bcit.ca/programs/emergency-nursing-specialty-pediatric-emergency-option-advanced-certificate-part-time-680yadcert/,health-sciences,1,11,,200,https://www.bcit.ca/programs/emergency-nursing-specialty-pediatric-emergency-option-advanced-certificate-part-time-680yadcert/,legitimate remaining import candidate,Current credential-bearing catalog entry is not loaded and publishes identifiable BCIT course references.,
current_catalog,680ZADCERT,Pediatric Nursing Specialty (Critical Care Option),Advanced Certificate,Part-time,School of Health Sciences,https://www.bcit.ca/programs/pediatric-nursing-specialty-critical-care-option-advanced-certificate-part-time-680zadcert/,health-sciences,1,7,,200,https://www.bcit.ca/programs/pediatric-nursing-specialty-critical-care-option-advanced-certificate-part-time-680zadcert/,legitimate remaining import candidate,Current credential-bearing catalog entry is not loaded and publishes identifiable BCIT course references.,
current_catalog,681BADCERT,Pediatric Nursing Specialty (Anesthesia Care Option),Advanced Certificate,Part-time,School of Health Sciences,https://www.bcit.ca/programs/pediatric-nursing-specialty-anesthesia-care-option-advanced-certificate-part-time-681badcert/,health-sciences,1,,7,,https://www.bcit.ca/programs/pediatric-nursing-specialty-anesthesia-care-option-advanced-certificate-part-time-681badcert/,already loaded,Exact current catalog program ID matches an active PostgreSQL program.,681BADCERT
current_catalog,6820ASCERT,Cardiovascular Perfusion,Advanced Certificate,Part-time,School of Health Sciences,https://www.bcit.ca/programs/cardiovascular-perfusion-advanced-certificate-part-time-6820ascert/,health-sciences,1,,16,,https://www.bcit.ca/programs/cardiovascular-perfusion-advanced-certificate-part-time-6820ascert/,already loaded,Exact current catalog program ID matches an active PostgreSQL program.,6820ASCERT
current_catalog,6830ACERT,Leadership,Associate Certificate,Part-time,School of Business + Media,https://www.bcit.ca/programs/leadership-associate-certificate-part-time-6830acert/,business-media,1,18,,200,https://www.bcit.ca/programs/leadership-associate-certificate-part-time-6830acert/,legitimate remaining import candidate,Current credential-bearing catalog entry is not loaded and publishes identifiable BCIT course references.,
current_catalog,6835ADCERT,Pediatric Emergency Nursing Specialty,Advanced Certificate,Part-time,School of Health Sciences,https://www.bcit.ca/programs/pediatric-emergency-nursing-specialty-advanced-certificate-part-time-6835adcert/,health-sciences,1,7,,200,https://www.bcit.ca/programs/pediatric-emergency-nursing-specialty-advanced-certificate-part-time-6835adcert/,legitimate remaining import candidate,Current credential-bearing catalog entry is not loaded and publishes identifiable BCIT course references.,
current_catalog,6850DIPLT,Occupational Health and Safety,Diploma,Full-time,School of Health Sciences,https://www.bcit.ca/programs/occupational-health-and-safety-diploma-full-time-6850diplt/,health-sciences,1,,41,,https://www.bcit.ca/programs/occupational-health-and-safety-diploma-full-time-6850diplt/,already loaded,Exact current catalog program ID matches an active PostgreSQL program.,6850DIPLT
current_catalog,6860ADCERT,Health Leadership,Advanced Certificate,Part-time,School of Health Sciences,https://www.bcit.ca/programs/health-leadership-advanced-certificate-part-time-6860adcert/,health-sciences,1,,8,,https://www.bcit.ca/programs/health-leadership-advanced-certificate-part-time-6860adcert/,already loaded,Exact current catalog program ID matches an active PostgreSQL program.,6860ADCERT
current_catalog,6890CERT,Advanced Safety Management,Certificate,Part-time,School of Health Sciences,https://www.bcit.ca/programs/advanced-safety-management-certificate-part-time-6890cert/,health-sciences,1,16,,200,https://www.bcit.ca/programs/advanced-safety-management-certificate-part-time-6890cert/,legitimate remaining import candidate,Current credential-bearing catalog entry is not loaded and publishes identifiable BCIT course references.,
current_catalog,690AMCERT,Operations Management (Industrial Engineering Option),Certificate,Part-time,School of Business + Media,https://www.bcit.ca/programs/operations-management-industrial-engineering-option-certificate-part-time-690amcert/,business-media,1,26,,200,https://www.bcit.ca/programs/operations-management-industrial-engineering-option-certificate-part-time-690amcert/,legitimate remaining import candidate,Current credential-bearing catalog entry is not loaded and publishes identifiable BCIT course references.,
current_catalog,690BMCERT,Operations Management (Management Engineering Option),Certificate,Part-time,School of Business + Media,https://www.bcit.ca/programs/operations-management-management-engineering-option-certificate-part-time-690bmcert/,business-media,1,20,,200,https://www.bcit.ca/programs/operations-management-management-engineering-option-certificate-part-time-690bmcert/,legitimate remaining import candidate,Current credential-bearing catalog entry is not loaded and publishes identifiable BCIT course references.,
current_catalog,690DMCERT,Operations Management (Materials Management Option),Certificate,Part-time,School of Business + Media,https://www.bcit.ca/programs/operations-management-materials-management-option-certificate-part-time-690dmcert/,business-media,1,31,,200,https://www.bcit.ca/programs/operations-management-materials-management-option-certificate-part-time-690dmcert/,legitimate remaining import candidate,Current credential-bearing catalog entry is not loaded and publishes identifiable BCIT course references.,
current_catalog,690FMCERT,Operations Management (Facilities Management Option),Certificate,Part-time,School of Business + Media,https://www.bcit.ca/programs/operations-management-facilities-management-option-certificate-part-time-690fmcert/,business-media,1,17,,200,https://www.bcit.ca/programs/operations-management-facilities-management-option-certificate-part-time-690fmcert/,legitimate remaining import candidate,Current credential-bearing catalog entry is not loaded and publishes identifiable BCIT course references.,
current_catalog,6915DIPMA,Operations & Management Engineering,Diploma,Full-time,School of Business + Media,https://www.bcit.ca/programs/operations-and-management-engineering-diploma-full-time-6915dipma/,business-media,1,37,,200,https://www.bcit.ca/programs/operations-and-management-engineering-diploma-full-time-6915dipma/,legitimate remaining import candidate,Current credential-bearing catalog entry is not loaded and publishes identifiable BCIT course references.,
current_catalog,6945CERT,Quality and Process Management,Certificate,Part-time,School of Business + Media,https://www.bcit.ca/programs/quality-and-process-management-certificate-part-time-6945cert/,business-media,1,19,,200,https://www.bcit.ca/programs/quality-and-process-management-certificate-part-time-6945cert/,legitimate remaining import candidate,Current credential-bearing catalog entry is not loaded and publishes identifiable BCIT course references.,
current_catalog,6957ACERT,Applied Web Development,Associate Certificate,Part-time,School of Computing and Academic Studies,https://www.bcit.ca/programs/applied-web-development-associate-certificate-part-time-6957acert/,computing-it,2,,9,,https://www.bcit.ca/programs/applied-web-development-associate-certificate-part-time-6957acert/,already loaded,Exact current catalog program ID matches an active PostgreSQL program.,6957ACERT
current_catalog,6958ACERT,Applied Software Development (ASD),Associate Certificate,Part-time,School of Computing and Academic Studies,https://www.bcit.ca/programs/applied-software-development-asd-associate-certificate-part-time-6958acert/,computing-it,1,,13,,https://www.bcit.ca/programs/applied-software-development-asd-associate-certificate-part-time-6958acert/,already loaded,Exact current catalog program ID matches an active PostgreSQL program.,6958ACERT
current_catalog,6992ACERT,Applied Computer Information Systems (ACIS),Associate Certificate,Part-time,School of Computing and Academic Studies,https://www.bcit.ca/programs/applied-computer-information-systems-acis-associate-certificate-part-time-6992acert/,computing-it,3,,13,,https://www.bcit.ca/programs/applied-computer-information-systems-acis-associate-certificate-part-time-6992acert/,already loaded,Exact current catalog program ID matches an active PostgreSQL program.,6992ACERT
current_catalog,6994ACERT,Applied Database Administration and Design,Associate Certificate,Part-time,School of Computing and Academic Studies,https://www.bcit.ca/programs/applied-database-administration-and-design-associate-certificate-part-time-6994acert/,computing-it,1,12,,200,https://www.bcit.ca/programs/applied-database-administration-and-design-associate-certificate-part-time-6994acert/,legitimate remaining import candidate,Current credential-bearing catalog entry is not loaded and publishes identifiable BCIT course references.,
current_catalog,6998CERT,Office Administrator with Technology Program (OAT),Certificate,Full-time,School of Computing and Academic Studies,https://www.bcit.ca/programs/office-administrator-with-technology-program-oat-certificate-full-time-6998cert/,business-media|computing-it,2,,5,,https://www.bcit.ca/programs/office-administrator-with-technology-program-oat-certificate-full-time-6998cert/,already loaded,Exact current catalog program ID matches an active PostgreSQL program.,6998CERT
current_catalog,703ADIPMA,Business Administration (General Option),Diploma,Part-time,School of Business + Media,https://www.bcit.ca/programs/business-administration-general-option-diploma-part-time-703adipma/,business-media,2,,36,,https://www.bcit.ca/programs/business-administration-general-option-diploma-part-time-703adipma/,already loaded,Exact current catalog program ID matches an active PostgreSQL program.,703ADIPMA
current_catalog,703BDIPMA,Business Administration (Global Studies Option),Diploma,Part-time,School of Business + Media,https://www.bcit.ca/programs/business-administration-global-studies-option-diploma-part-time-703bdipma/,business-media,2,25,,200,https://www.bcit.ca/programs/business-administration-global-studies-option-diploma-part-time-703bdipma/,legitimate remaining import candidate,Current credential-bearing catalog entry is not loaded and publishes identifiable BCIT course references.,
current_catalog,703CDIPMA,Business Administration (Human Resources Option),Diploma,Part-time,School of Business + Media,https://www.bcit.ca/programs/business-administration-human-resources-option-diploma-part-time-703cdipma/,business-media,2,31,,200,https://www.bcit.ca/programs/business-administration-human-resources-option-diploma-part-time-703cdipma/,legitimate remaining import candidate,Current credential-bearing catalog entry is not loaded and publishes identifiable BCIT course references.,
current_catalog,703DDIPMA,Business Administration (Management Option),Diploma,Part-time,School of Business + Media,https://www.bcit.ca/programs/business-administration-management-option-diploma-part-time-703ddipma/,business-media,2,32,,200,https://www.bcit.ca/programs/business-administration-management-option-diploma-part-time-703ddipma/,legitimate remaining import candidate,Current credential-bearing catalog entry is not loaded and publishes identifiable BCIT course references.,
current_catalog,703EDIPMA,Business Administration (Marketing Option),Diploma,Part-time,School of Business + Media,https://www.bcit.ca/programs/business-administration-marketing-option-diploma-part-time-703edipma/,business-media,2,33,,200,https://www.bcit.ca/programs/business-administration-marketing-option-diploma-part-time-703edipma/,legitimate remaining import candidate,Current credential-bearing catalog entry is not loaded and publishes identifiable BCIT course references.,
current_catalog,7100DIPLT,Prosthetics and Orthotics,Diploma,Full-time,School of Health Sciences,https://www.bcit.ca/programs/prosthetics-and-orthotics-diploma-full-time-7100diplt/,health-sciences,1,,23,,https://www.bcit.ca/programs/prosthetics-and-orthotics-diploma-full-time-7100diplt/,already loaded,Exact current catalog program ID matches an active PostgreSQL program.,7100DIPLT
current_catalog,7110CERT,Technology Support Professional (TSP),Certificate,Full-time,School of Computing and Academic Studies,https://www.bcit.ca/programs/technology-support-professional-tsp-certificate-full-time-7110cert/,computing-it,2,,11,,https://www.bcit.ca/programs/technology-support-professional-tsp-certificate-full-time-7110cert/,already loaded,Exact current catalog program ID matches an active PostgreSQL program.,7110CERT
current_catalog,7140DIPMA,Architectural and Building Technology,Diploma,Full-time,School of Construction and the Environment,https://www.bcit.ca/programs/architectural-and-building-technology-diploma-full-time-7140dipma/,engineering,1,,36,,https://www.bcit.ca/programs/architectural-and-building-technology-diploma-full-time-7140dipma/,already loaded,Exact current catalog program ID matches an active PostgreSQL program.,7140DIPMA
current_catalog,7160ADVDIP,Diagnostic Medical Sonography – Cardiac,Advanced Diploma,Full-time,School of Health Sciences,https://www.bcit.ca/programs/diagnostic-medical-sonography-cardiac-advanced-diploma-full-time-7160advdip/,health-sciences,1,,10,,https://www.bcit.ca/programs/diagnostic-medical-sonography-cardiac-advanced-diploma-full-time-7160advdip/,already loaded,Exact current catalog program ID matches an active PostgreSQL program.,7160ADVDIP
current_catalog,7340DIPLT,Mechatronics and Robotics,Diploma,Full-time,School of Energy,https://www.bcit.ca/programs/mechatronics-and-robotics-diploma-full-time-7340diplt/,engineering,1,,25,,https://www.bcit.ca/programs/mechatronics-and-robotics-diploma-full-time-7340diplt/,already loaded,Exact current catalog program ID matches an active PostgreSQL program.,7340DIPLT
current_catalog,7460MCERT,International Trade and Transportation Logistics,Certificate,Part-time,School of Business + Media,https://www.bcit.ca/programs/international-trade-and-transportation-logistics-certificate-part-time-7460mcert/,business-media,1,30,,200,https://www.bcit.ca/programs/international-trade-and-transportation-logistics-certificate-part-time-7460mcert/,legitimate remaining import candidate,Current credential-bearing catalog entry is not loaded and publishes identifiable BCIT course references.,
current_catalog,7475DIPMA,Global Supply Chain Management,Diploma,Full-time,School of Business + Media,https://www.bcit.ca/programs/global-supply-chain-management-diploma-full-time-7475dipma/,business-media,1,37,,200,https://www.bcit.ca/programs/global-supply-chain-management-diploma-full-time-7475dipma/,legitimate remaining import candidate,Current credential-bearing catalog entry is not loaded and publishes identifiable BCIT course references.,
current_catalog,7485DIPMA,Forest and Natural Areas Management,Diploma,Full-time,School of Construction and the Environment,https://www.bcit.ca/programs/forest-and-natural-areas-management-diploma-full-time-7485dipma/,applied-natural-sciences,1,30,,200,https://www.bcit.ca/programs/forest-and-natural-areas-management-diploma-full-time-7485dipma/,legitimate remaining import candidate,Current credential-bearing catalog entry is not loaded and publishes identifiable BCIT course references.,
current_catalog,7535DIPMA,Geomatics Engineering Technology,Diploma,Full-time,School of Construction and the Environment,https://www.bcit.ca/programs/geomatics-engineering-technology-diploma-full-time-7535dipma/,applied-natural-sciences|engineering,2,25,,200,https://www.bcit.ca/programs/geomatics-engineering-technology-diploma-full-time-7535dipma/,legitimate remaining import candidate,Current credential-bearing catalog entry is not loaded and publishes identifiable BCIT course references.,
current_catalog,7610ACERT,Human Resource Management,Associate Certificate,Part-time,School of Business + Media,https://www.bcit.ca/programs/human-resource-management-associate-certificate-part-time-7610acert/,business-media,1,9,,200,https://www.bcit.ca/programs/human-resource-management-associate-certificate-part-time-7610acert/,legitimate remaining import candidate,Current credential-bearing catalog entry is not loaded and publishes identifiable BCIT course references.,
current_catalog,7710DIPMA,Construction Management,Diploma,Part-time,School of Construction and the Environment,https://www.bcit.ca/programs/construction-management-diploma-part-time-7710dipma/,engineering|trades-apprenticeships,2,31,,200,https://www.bcit.ca/programs/construction-management-diploma-part-time-7710dipma/,legitimate remaining import candidate,Current credential-bearing catalog entry is not loaded and publishes identifiable BCIT course references.,
current_catalog,7870CERT,Construction Supervision,Certificate,Part-time,School of Construction and the Environment,https://www.bcit.ca/programs/construction-supervision-certificate-part-time-7870cert/,engineering|trades-apprenticeships,2,6,,200,https://www.bcit.ca/programs/construction-supervision-certificate-part-time-7870cert/,legitimate remaining import candidate,Current credential-bearing catalog entry is not loaded and publishes identifiable BCIT course references.,
current_catalog,7880ACERT,Construction Operations,Associate Certificate,Part-time,School of Construction and the Environment,https://www.bcit.ca/programs/construction-operations-associate-certificate-part-time-7880acert/,engineering|trades-apprenticeships,2,,6,,https://www.bcit.ca/programs/construction-operations-associate-certificate-part-time-7880acert/,already loaded,Exact current catalog program ID matches an active PostgreSQL program.,7880ACERT
current_catalog,7935DIPMA,"Fish, Wildlife and Recreation",Diploma,Full-time,School of Construction and the Environment,https://www.bcit.ca/programs/fish-wildlife-and-recreation-diploma-full-time-7935dipma/,applied-natural-sciences,1,,28,,https://www.bcit.ca/programs/fish-wildlife-and-recreation-diploma-full-time-7935dipma/,already loaded,Exact current catalog program ID matches an active PostgreSQL program.,7935DIPMA
current_catalog,7950ASCERT,Magnetic Resonance Imaging,Advanced Certificate,Part-time,School of Health Sciences,https://www.bcit.ca/programs/magnetic-resonance-imaging-advanced-certificate-part-time-7950ascert/,health-sciences,1,,7,,https://www.bcit.ca/programs/magnetic-resonance-imaging-advanced-certificate-part-time-7950ascert/,already loaded,Exact current catalog program ID matches an active PostgreSQL program.,7950ASCERT
current_catalog,7975DIPMA,Magnetic Resonance Imaging,Diploma,Full-time,School of Health Sciences,https://www.bcit.ca/programs/magnetic-resonance-imaging-diploma-full-time-7975dipma/,health-sciences,1,,23,,https://www.bcit.ca/programs/magnetic-resonance-imaging-diploma-full-time-7975dipma/,already loaded,Exact current catalog program ID matches an active PostgreSQL program.,7975DIPMA
current_catalog,7985ACERT,Business Fundamentals,Associate Certificate,Full-time,School of Business + Media,https://www.bcit.ca/programs/business-fundamentals-associate-certificate-full-time-7985acert/,business-media,1,,19,,https://www.bcit.ca/programs/business-fundamentals-associate-certificate-full-time-7985acert/,already loaded,Exact current catalog program ID matches an active PostgreSQL program.,7985ACERT
current_catalog,8020BENG,Mechanical Engineering,Bachelor of Engineering,Full-time,School of Energy,https://www.bcit.ca/programs/mechanical-engineering-bachelor-of-engineering-full-time-8020beng/,engineering,1,,56,,https://www.bcit.ca/programs/mechanical-engineering-bachelor-of-engineering-full-time-8020beng/,already loaded,Exact current catalog program ID matches an active PostgreSQL program.,8020BENG
current_catalog,8030BENG,Electrical Engineering,Bachelor of Engineering,Full-time,School of Energy,https://www.bcit.ca/programs/electrical-engineering-bachelor-of-engineering-full-time-8030beng/,engineering,1,,67,,https://www.bcit.ca/programs/electrical-engineering-bachelor-of-engineering-full-time-8030beng/,already loaded,Exact current catalog program ID matches an active PostgreSQL program.,8030BENG
current_catalog,8040BSC,Ecological Restoration,Bachelor of Science,Full-time/Part-time,School of Construction and the Environment,https://www.bcit.ca/programs/ecological-restoration-bachelor-of-science-full-time-part-time-8040bsc/,applied-natural-sciences,1,,23,,https://www.bcit.ca/programs/ecological-restoration-bachelor-of-science-full-time-part-time-8040bsc/,already loaded,Exact current catalog program ID matches an active PostgreSQL program.,8040BSC
current_catalog,8050BTECH,Architectural Science,Bachelor of Architectural Science,Full-time,School of Construction and the Environment,https://www.bcit.ca/programs/architectural-science-bachelor-of-architectural-science-full-time-8050btech/,engineering,1,,20,,https://www.bcit.ca/programs/architectural-science-bachelor-of-architectural-science-full-time-8050btech/,already loaded,Exact current catalog program ID matches an active PostgreSQL program.,8050BTECH
current_catalog,810ABSN,Specialty Nursing (Critical Care - Standard Option),Bachelor of Science in Nursing,Part-time,School of Health Sciences,https://www.bcit.ca/programs/specialty-nursing-critical-care-standard-option-bachelor-of-science-in-nursing-part-time-810absn/,health-sciences,1,,16,,https://www.bcit.ca/programs/specialty-nursing-critical-care-standard-option-bachelor-of-science-in-nursing-part-time-810absn/,already loaded,Exact current catalog program ID matches an active PostgreSQL program.,810ABSN
current_catalog,810BBSN,Specialty Nursing (Emergency - Standard Option),Bachelor of Science in Nursing,Part-time,School of Health Sciences,https://www.bcit.ca/programs/specialty-nursing-emergency-standard-option-bachelor-of-science-in-nursing-part-time-810bbsn/,health-sciences,1,,18,,https://www.bcit.ca/programs/specialty-nursing-emergency-standard-option-bachelor-of-science-in-nursing-part-time-810bbsn/,already loaded,Exact current catalog program ID matches an active PostgreSQL program.,810BBSN
current_catalog,810CBSN,Specialty Nursing (Neonatal),Bachelor of Science in Nursing,Part-time,School of Health Sciences,https://www.bcit.ca/programs/specialty-nursing-neonatal-bachelor-of-science-in-nursing-part-time-810cbsn/,health-sciences,1,,20,,https://www.bcit.ca/programs/specialty-nursing-neonatal-bachelor-of-science-in-nursing-part-time-810cbsn/,already loaded,Exact current catalog program ID matches an active PostgreSQL program.,810CBSN
current_catalog,810DBSN,Specialty Nursing (Nephrology),Bachelor of Science in Nursing,Part-time,School of Health Sciences,https://www.bcit.ca/programs/specialty-nursing-nephrology-bachelor-of-science-in-nursing-part-time-810dbsn/,health-sciences,1,,19,,https://www.bcit.ca/programs/specialty-nursing-nephrology-bachelor-of-science-in-nursing-part-time-810dbsn/,already loaded,Exact current catalog program ID matches an active PostgreSQL program.,810DBSN
current_catalog,810FBSN,Specialty Nursing (Pediatric - Standard Option),Bachelor of Science in Nursing,Part-time,School of Health Sciences,https://www.bcit.ca/programs/specialty-nursing-pediatric-standard-option-bachelor-of-science-in-nursing-part-time-810fbsn/,health-sciences,1,,32,,https://www.bcit.ca/programs/specialty-nursing-pediatric-standard-option-bachelor-of-science-in-nursing-part-time-810fbsn/,already loaded,Exact current catalog program ID matches an active PostgreSQL program.,810FBSN
current_catalog,810GBSN,Specialty Nursing (Perinatal - Standard Option),Bachelor of Science in Nursing,Part-time,School of Health Sciences,https://www.bcit.ca/programs/specialty-nursing-perinatal-standard-option-bachelor-of-science-in-nursing-part-time-810gbsn/,health-sciences,1,,27,,https://www.bcit.ca/programs/specialty-nursing-perinatal-standard-option-bachelor-of-science-in-nursing-part-time-810gbsn/,already loaded,Exact current catalog program ID matches an active PostgreSQL program.,810GBSN
current_catalog,810HBSN,Specialty Nursing (Perioperative),Bachelor of Science in Nursing,Part-time,School of Health Sciences,https://www.bcit.ca/programs/specialty-nursing-perioperative-bachelor-of-science-in-nursing-part-time-810hbsn/,health-sciences,1,,23,,https://www.bcit.ca/programs/specialty-nursing-perioperative-bachelor-of-science-in-nursing-part-time-810hbsn/,already loaded,Exact current catalog program ID matches an active PostgreSQL program.,810HBSN
current_catalog,810KBSN,Specialty Nursing (Critical Care - Combined Critical Care/Emergency Option),Bachelor of Science in Nursing,Part-time,School of Health Sciences,https://www.bcit.ca/programs/specialty-nursing-critical-care-combined-critical-care-emergency-option-bachelor-of-science-in-nursing-part-time-810kbsn/,health-sciences,1,,16,,https://www.bcit.ca/programs/specialty-nursing-critical-care-combined-critical-care-emergency-option-bachelor-of-science-in-nursing-part-time-810kbsn/,already loaded,Exact current catalog program ID matches an active PostgreSQL program.,810KBSN
current_catalog,810MBSN,Specialty Nursing (High Acuity),Bachelor of Science in Nursing,Part-time,School of Health Sciences,https://www.bcit.ca/programs/specialty-nursing-high-acuity-bachelor-of-science-in-nursing-part-time-810mbsn/,health-sciences,1,,19,,https://www.bcit.ca/programs/specialty-nursing-high-acuity-bachelor-of-science-in-nursing-part-time-810mbsn/,already loaded,Exact current catalog program ID matches an active PostgreSQL program.,810MBSN
current_catalog,810NBSN,Specialty Nursing (Emergency - Combined Emergency/Critical Care Option),Bachelor of Science in Nursing,Part-time,School of Health Sciences,https://www.bcit.ca/programs/specialty-nursing-emergency-combined-emergency-critical-care-option-bachelor-of-science-in-nursing-part-time-810nbsn/,health-sciences,1,,17,,https://www.bcit.ca/programs/specialty-nursing-emergency-combined-emergency-critical-care-option-bachelor-of-science-in-nursing-part-time-810nbsn/,already loaded,Exact current catalog program ID matches an active PostgreSQL program.,810NBSN
current_catalog,810QBSN,Specialty Nursing (Pediatric - Critical Care Option),Bachelor of Science in Nursing,Part-time,School of Health Sciences,https://www.bcit.ca/programs/specialty-nursing-pediatric-critical-care-option-bachelor-of-science-in-nursing-part-time-810qbsn/,health-sciences,1,,16,,https://www.bcit.ca/programs/specialty-nursing-pediatric-critical-care-option-bachelor-of-science-in-nursing-part-time-810qbsn/,already loaded,Exact current catalog program ID matches an active PostgreSQL program.,810QBSN
current_catalog,810SBSN,Specialty Nursing (Perinatal - Perioperative Option),Bachelor of Science in Nursing,Part-time,School of Health Sciences,https://www.bcit.ca/programs/specialty-nursing-perinatal-perioperative-option-bachelor-of-science-in-nursing-part-time-810sbsn/,health-sciences,1,,22,,https://www.bcit.ca/programs/specialty-nursing-perinatal-perioperative-option-bachelor-of-science-in-nursing-part-time-810sbsn/,already loaded,Exact current catalog program ID matches an active PostgreSQL program.,810SBSN
current_catalog,8120BTECH,Environmental Engineering,Bachelor of Technology,Full-time/Part-time,School of Construction and the Environment,https://www.bcit.ca/programs/environmental-engineering-bachelor-of-technology-full-time-part-time-8120btech/,applied-natural-sciences|engineering,2,,27,,https://www.bcit.ca/programs/environmental-engineering-bachelor-of-technology-full-time-part-time-8120btech/,already loaded,Exact current catalog program ID matches an active PostgreSQL program.,8120BTECH
current_catalog,830ABHSC,Bachelor of Health Science (Magnetic Resonance Imaging Option),Bachelor of Health Science,Part-time,School of Health Sciences,https://www.bcit.ca/programs/bachelor-of-health-science-magnetic-resonance-imaging-option-bachelor-of-health-science-part-time-830abhsc/,health-sciences,1,14,,200,https://www.bcit.ca/programs/bachelor-of-health-science-magnetic-resonance-imaging-option-bachelor-of-health-science-part-time-830abhsc/,legitimate remaining import candidate,Current credential-bearing catalog entry is not loaded and publishes identifiable BCIT course references.,
current_catalog,8310BTECH,Geographic Information Systems,Bachelor of Technology,Full-time/Part-time,School of Construction and the Environment,https://www.bcit.ca/programs/geographic-information-systems-bachelor-of-technology-full-time-part-time-8310btech/,applied-natural-sciences|computing-it|engineering,3,,36,,https://www.bcit.ca/programs/geographic-information-systems-bachelor-of-technology-full-time-part-time-8310btech/,already loaded,Exact current catalog program ID matches an active PostgreSQL program.,8310BTECH
current_catalog,8350BTECH,Technology Management,Bachelor of Technology,Part-time,School of Transportation,https://www.bcit.ca/programs/technology-management-bachelor-of-technology-part-time-8350btech/,applied-natural-sciences|computing-it|engineering|health-sciences,7,,31,,https://www.bcit.ca/programs/technology-management-bachelor-of-technology-part-time-8350btech/,already loaded,Exact current catalog program ID matches an active PostgreSQL program.,8350BTECH
current_catalog,847ABTECH,Forensic Investigation (Crime and Intelligence Analysis Option),Bachelor of Technology,Part-time,School of Computing and Academic Studies,https://www.bcit.ca/programs/forensic-investigation-crime-and-intelligence-analysis-option-bachelor-of-technology-part-time-847abtech/,applied-natural-sciences|computing-it,2,,23,,https://www.bcit.ca/programs/forensic-investigation-crime-and-intelligence-analysis-option-bachelor-of-technology-part-time-847abtech/,already loaded,Exact current catalog program ID matches an active PostgreSQL program.,847ABTECH
current_catalog,847BBTECH,Forensic Investigation (Forensic Science Option),Bachelor of Technology,Part-time,School of Computing and Academic Studies,https://www.bcit.ca/programs/forensic-investigation-forensic-science-option-bachelor-of-technology-part-time-847bbtech/,applied-natural-sciences,1,,36,,https://www.bcit.ca/programs/forensic-investigation-forensic-science-option-bachelor-of-technology-part-time-847bbtech/,already loaded,Exact current catalog program ID matches an active PostgreSQL program.,847BBTECH
current_catalog,847CBTECH,Forensic Investigation (Digital Forensics and Cybersecurity Option),Bachelor of Technology,Full-time/Part-time,School of Computing and Academic Studies,https://www.bcit.ca/programs/forensic-investigation-digital-forensics-and-cybersecurity-option-bachelor-of-technology-full-time-part-time-847cbtech/,applied-natural-sciences|computing-it,3,,20,,https://www.bcit.ca/programs/forensic-investigation-digital-forensics-and-cybersecurity-option-bachelor-of-technology-full-time-part-time-847cbtech/,already loaded,Exact current catalog program ID matches an active PostgreSQL program.,847CBTECH
current_catalog,8520BENVH,Environmental Public Health,Bachelor of Environmental Public Health,Full-time,School of Health Sciences,https://www.bcit.ca/programs/environmental-public-health-bachelor-of-environmental-public-health-full-time-8520benvh/,applied-natural-sciences|health-sciences,2,,27,,https://www.bcit.ca/programs/environmental-public-health-bachelor-of-environmental-public-health-full-time-8520benvh/,already loaded,Exact current catalog program ID matches an active PostgreSQL program.,8520BENVH
current_catalog,8610BENG,Mining and Mineral Resource Engineering,Bachelor of Engineering,Full-time,School of Construction and the Environment,https://www.bcit.ca/programs/mining-and-mineral-resource-engineering-bachelor-of-engineering-full-time-8610beng/,applied-natural-sciences|engineering,2,,63,,https://www.bcit.ca/programs/mining-and-mineral-resource-engineering-bachelor-of-engineering-full-time-8610beng/,already loaded,Exact current catalog program ID matches an active PostgreSQL program.,8610BENG
current_catalog,8630BACC,Accounting,Bachelor of Accounting,Full-time/Part-time,School of Business + Media,https://www.bcit.ca/programs/accounting-bachelor-of-accounting-full-time-part-time-8630bacc/,business-media,1,,17,,https://www.bcit.ca/programs/accounting-bachelor-of-accounting-full-time-part-time-8630bacc/,already loaded,Exact current catalog program ID matches an active PostgreSQL program.,8630BACC
current_catalog,8645BSC,Geomatics,Bachelor of Science,Full-time,School of Construction and the Environment,https://www.bcit.ca/programs/geomatics-bachelor-of-science-full-time-8645bsc/,applied-natural-sciences|engineering,2,,22,,https://www.bcit.ca/programs/geomatics-bachelor-of-science-full-time-8645bsc/,already loaded,Exact current catalog program ID matches an active PostgreSQL program.,8645BSC
current_catalog,8650BSC,Radiation Therapy,Bachelor of Science,Full-time,School of Health Sciences,https://www.bcit.ca/programs/radiation-therapy-bachelor-of-science-full-time-8650bsc/,health-sciences,1,,28,,https://www.bcit.ca/programs/radiation-therapy-bachelor-of-science-full-time-8650bsc/,already loaded,Exact current catalog program ID matches an active PostgreSQL program.,8650BSC
current_catalog,8660BENG,Civil Engineering,Bachelor of Engineering,Full-time,School of Construction and the Environment,https://www.bcit.ca/programs/civil-engineering-bachelor-of-engineering-full-time-8660beng/,engineering,1,,73,,https://www.bcit.ca/programs/civil-engineering-bachelor-of-engineering-full-time-8660beng/,already loaded,Exact current catalog program ID matches an active PostgreSQL program.,8660BENG
current_catalog,867ABSC,Applied Computer Science (Games Development Option),Bachelor of Science,Full-time,School of Computing and Academic Studies,https://www.bcit.ca/programs/applied-computer-science-games-development-option-bachelor-of-science-full-time-867absc/,computing-it,1,,20,,https://www.bcit.ca/programs/applied-computer-science-games-development-option-bachelor-of-science-full-time-867absc/,already loaded,Exact current catalog program ID matches an active PostgreSQL program.,867ABSC
current_catalog,867BBSC,Applied Computer Science (Network Security Applications Development Option),Bachelor of Science,Full-time/Part-time,School of Computing and Academic Studies,https://www.bcit.ca/programs/applied-computer-science-network-security-applications-development-option-bachelor-of-science-full-time-part-time-867bbsc/,computing-it,2,20,,200,https://www.bcit.ca/programs/applied-computer-science-network-security-applications-development-option-bachelor-of-science-full-time-part-time-867bbsc/,legitimate remaining import candidate,Current credential-bearing catalog entry is not loaded and publishes identifiable BCIT course references.,
current_catalog,867CBSC,Applied Computer Science (Database Option),Bachelor of Science,Full-time/Part-time,School of Computing and Academic Studies,https://www.bcit.ca/programs/applied-computer-science-database-option-bachelor-of-science-full-time-part-time-867cbsc/,computing-it,2,,20,,https://www.bcit.ca/programs/applied-computer-science-database-option-bachelor-of-science-full-time-part-time-867cbsc/,already loaded,Exact current catalog program ID matches an active PostgreSQL program.,867CBSC
current_catalog,867DBSC,Applied Computer Science (Human Computer Interface Option),Bachelor of Science,Part-time,School of Computing and Academic Studies,https://www.bcit.ca/programs/applied-computer-science-human-computer-interface-option-bachelor-of-science-part-time-867dbsc/,computing-it,2,35,,200,https://www.bcit.ca/programs/applied-computer-science-human-computer-interface-option-bachelor-of-science-part-time-867dbsc/,legitimate remaining import candidate,Current credential-bearing catalog entry is not loaded and publishes identifiable BCIT course references.,
current_catalog,867EBSC,Applied Computer Science (Network Security Administration Option),Bachelor of Science,Part-time,School of Computing and Academic Studies,https://www.bcit.ca/programs/applied-computer-science-network-security-administration-option-bachelor-of-science-part-time-867ebsc/,computing-it,2,35,,200,https://www.bcit.ca/programs/applied-computer-science-network-security-administration-option-bachelor-of-science-part-time-867ebsc/,legitimate remaining import candidate,Current credential-bearing catalog entry is not loaded and publishes identifiable BCIT course references.,
current_catalog,867FBSC,Applied Computer Science (Wireless and Mobile Applications Development Option),Bachelor of Science,Part-time,School of Computing and Academic Studies,https://www.bcit.ca/programs/applied-computer-science-wireless-and-mobile-applications-development-option-bachelor-of-science-part-time-867fbsc/,computing-it,2,35,,200,https://www.bcit.ca/programs/applied-computer-science-wireless-and-mobile-applications-development-option-bachelor-of-science-part-time-867fbsc/,legitimate remaining import candidate,Current credential-bearing catalog entry is not loaded and publishes identifiable BCIT course references.,
current_catalog,8800BTECH,Construction Management,Bachelor of Technology,Full-time/Part-time,School of Construction and the Environment,https://www.bcit.ca/programs/construction-management-bachelor-of-technology-full-time-part-time-8800btech/,engineering,1,,,,https://www.bcit.ca/programs/construction-management-bachelor-of-technology-full-time-part-time-8800btech/,already loaded,Exact current catalog program ID matches an active PostgreSQL program.,8800BTECH
current_catalog,8830BID,Interior Design,Bachelor of Interior Design,Full-time,School of Construction and the Environment,https://www.bcit.ca/programs/interior-design-bachelor-of-interior-design-full-time-8830bid/,engineering|trades-apprenticeships,2,,15,,https://www.bcit.ca/programs/interior-design-bachelor-of-interior-design-full-time-8830bid/,already loaded,Exact current catalog program ID matches an active PostgreSQL program.,8830BID
current_catalog,8875BSN,Nursing,Bachelor of Science in Nursing,Full-time,School of Health Sciences,https://www.bcit.ca/programs/nursing-bachelor-of-science-in-nursing-full-time-8875bsn/,health-sciences,1,,48,,https://www.bcit.ca/programs/nursing-bachelor-of-science-in-nursing-full-time-8875bsn/,already loaded,Exact current catalog program ID matches an active PostgreSQL program.,8875BSN
current_catalog,8900BTECH,Electronics,Bachelor of Technology,Part-time,School of Energy,https://www.bcit.ca/programs/electronics-bachelor-of-technology-part-time-8900btech/,engineering,1,,29,,https://www.bcit.ca/programs/electronics-bachelor-of-technology-part-time-8900btech/,already loaded,Exact current catalog program ID matches an active PostgreSQL program.,8900BTECH
current_catalog,8910BSC,Honours in Biotechnology,Bachelor of Science,Full-time,School of Health Sciences,https://www.bcit.ca/programs/honours-in-biotechnology-bachelor-of-science-full-time-8910bsc/,applied-natural-sciences|health-sciences,2,28,,200,https://www.bcit.ca/programs/honours-in-biotechnology-bachelor-of-science-full-time-8910bsc/,legitimate remaining import candidate,Current credential-bearing catalog entry is not loaded and publishes identifiable BCIT course references.,
current_catalog,9100FADVDIP,Geographic Information Systems,Advanced Diploma,Full-time,School of Construction and the Environment,https://www.bcit.ca/programs/geographic-information-systems-advanced-diploma-full-time-9100fadvdip/,applied-natural-sciences|computing-it|engineering,3,,20,,https://www.bcit.ca/programs/geographic-information-systems-advanced-diploma-full-time-9100fadvdip/,already loaded,Exact current catalog program ID matches an active PostgreSQL program.,9100FADVDIP
current_catalog,9100PADVDIP,Geographic Information Systems,Advanced Diploma,Part-time,School of Construction and the Environment,https://www.bcit.ca/programs/geographic-information-systems-advanced-diploma-part-time-9100padvdip/,applied-natural-sciences|computing-it|engineering,3,,33,,https://www.bcit.ca/programs/geographic-information-systems-advanced-diploma-part-time-9100padvdip/,already loaded,Exact current catalog program ID matches an active PostgreSQL program.,9100PADVDIP
current_catalog,9940BSC,Combined Honours in Biochemistry and Forensic Science,Bachelor of Science,Full-time,School of Computing and Academic Studies,https://www.bcit.ca/programs/combined-honours-in-biochemistry-and-forensic-science-bachelor-of-science-full-time-9940bsc/,applied-natural-sciences,1,,58,,https://www.bcit.ca/programs/combined-honours-in-biochemistry-and-forensic-science-bachelor-of-science-full-time-9940bsc/,already loaded,Exact current catalog program ID matches an active PostgreSQL program.,9940BSC
current_catalog,9975BBA,Bachelor of Business Administration,Bachelor of Business Administration,Full-time/Part-time,School of Business + Media,https://www.bcit.ca/programs/bachelor-of-business-administration-bachelor-of-business-administration-full-time-part-time-9975bba/,business-media,1,,56,,https://www.bcit.ca/programs/bachelor-of-business-administration-bachelor-of-business-administration-full-time-part-time-9975bba/,already loaded,Exact current catalog program ID matches an active PostgreSQL program.,9975BBA
current_catalog,9980BCI,Bachelor of Creative Industries,Bachelor of Creative Industries,Full-time,School of Business + Media,https://www.bcit.ca/programs/bachelor-of-creative-industries-bachelor-of-creative-industries-full-time-9980bci/,business-media,1,,25,,https://www.bcit.ca/programs/bachelor-of-creative-industries-bachelor-of-creative-industries-full-time-9980bci/,already loaded,Exact current catalog program ID matches an active PostgreSQL program.,9980BCI
current_catalog,A200GRCERT,Building Energy Modelling,Graduate Certificate,Part-time,School of Construction and the Environment,https://www.bcit.ca/programs/building-energy-modelling-graduate-certificate-part-time-a200grcert/,engineering,1,8,,200,https://www.bcit.ca/programs/building-energy-modelling-graduate-certificate-part-time-a200grcert/,legitimate remaining import candidate,Current credential-bearing catalog entry is not loaded and publishes identifiable BCIT course references.,
current_catalog,A500GRCERT,Global Leadership,Graduate Certificate,Full-time,School of Business + Media,https://www.bcit.ca/programs/global-leadership-graduate-certificate-full-time-a500grcert/,business-media,1,6,,200,https://www.bcit.ca/programs/global-leadership-graduate-certificate-full-time-a500grcert/,legitimate remaining import candidate,Current credential-bearing catalog entry is not loaded and publishes identifiable BCIT course references.,
current_catalog,A600GRCERT,Business Analytics,Graduate Certificate,Full-time,School of Business + Media,https://www.bcit.ca/programs/business-analytics-graduate-certificate-full-time-a600grcert/,business-media|computing-it,4,,6,,https://www.bcit.ca/programs/business-analytics-graduate-certificate-full-time-a600grcert/,already loaded,Exact current catalog program ID matches an active PostgreSQL program.,A600GRCERT
current_catalog,A700GRCERT,Business Administration,Graduate Certificate,Full-time,School of Business + Media,https://www.bcit.ca/programs/business-administration-graduate-certificate-full-time-a700grcert/,business-media,1,,6,,https://www.bcit.ca/programs/business-administration-graduate-certificate-full-time-a700grcert/,already loaded,Exact current catalog program ID matches an active PostgreSQL program.,A700GRCERT
current_catalog,M120MENG,Building Science,Master of Engineering,Full-time/Part-time,School of Construction and the Environment,https://www.bcit.ca/programs/building-science-master-of-engineering-full-time-part-time-m120meng/,engineering,1,,19,,https://www.bcit.ca/programs/building-science-master-of-engineering-full-time-part-time-m120meng/,already loaded,Exact current catalog program ID matches an active PostgreSQL program.,M120MENG
current_catalog,M220MASC,Building Engineering/Building Science,Master of Applied Science,Full-time/Part-time,School of Construction and the Environment,https://www.bcit.ca/programs/building-engineering-building-science-master-of-applied-science-full-time-part-time-m220masc/,engineering,1,,22,,https://www.bcit.ca/programs/building-engineering-building-science-master-of-applied-science-full-time-part-time-m220masc/,already loaded,Exact current catalog program ID matches an active PostgreSQL program.,M220MASC
current_catalog,M410MSC,Ecological Restoration,Master of Science,Full-time/Part-time,School of Construction and the Environment,https://www.bcit.ca/programs/ecological-restoration-master-of-science-full-time-part-time-m410msc/,applied-natural-sciences,1,,19,,https://www.bcit.ca/programs/ecological-restoration-master-of-science-full-time-part-time-m410msc/,already loaded,Exact current catalog program ID matches an active PostgreSQL program.,M410MSC
current_catalog,M500MENG,Smart Grid Systems and Technologies,Master of Engineering,Full-time/Part-time,School of Energy,https://www.bcit.ca/programs/smart-grid-systems-and-technologies-master-of-engineering-full-time-part-time-m500meng/,applied-natural-sciences|engineering,2,,14,,https://www.bcit.ca/programs/smart-grid-systems-and-technologies-master-of-engineering-full-time-part-time-m500meng/,already loaded,Exact current catalog program ID matches an active PostgreSQL program.,M500MENG
current_catalog,M600MSC,Applied Computing,Master of Science,Full-time,School of Computing and Academic Studies,https://www.bcit.ca/programs/applied-computing-master-of-science-full-time-m600msc/,computing-it|engineering,5,,12,,https://www.bcit.ca/programs/applied-computing-master-of-science-full-time-m600msc/,already loaded,Exact current catalog program ID matches an active PostgreSQL program.,M600MSC
sitemap_only,5740DIPLT,,,,,https://www.bcit.ca/programs/accounting-diploma-full-time-5740diplt/,,0,,,200,https://www.bcit.ca/programs/accounting-diploma-full-time-6035dipma/,duplicate/renamed/variant,Historical sitemap URL redirects to a canonical entry in the current area catalogs.,
sitemap_only,5740PDIPMA,,,,,https://www.bcit.ca/programs/accounting-diploma-part-time-5740pdipma/,,0,,,200,https://www.bcit.ca/programs/accounting-diploma-part-time-6035pdipma/,duplicate/renamed/variant,Historical sitemap URL redirects to a canonical entry in the current area catalogs.,
sitemap_only,6255CERT,,,,,https://www.bcit.ca/programs/advanced-business-management-certificate-part-time-6255cert/,,0,,,404,https://www.bcit.ca/programs/advanced-business-management-certificate-part-time-6255cert/,inactive/not currently offered,URL is absent from every current area catalog and returns HTTP 404.,
sitemap_only,6295CERT,,,,,https://www.bcit.ca/programs/advanced-human-resource-management-certificate-part-time-6295cert/,,0,,,404,https://www.bcit.ca/programs/advanced-human-resource-management-certificate-part-time-6295cert/,inactive/not currently offered,URL is absent from every current area catalog and returns HTTP 404.,
sitemap_only,6445ACERT,,,,,https://www.bcit.ca/programs/advanced-java-development-associate-certificate-part-time-6445acert/,,0,,,404,https://www.bcit.ca/programs/advanced-java-development-associate-certificate-part-time-6445acert/,inactive/not currently offered,URL is absent from every current area catalog and returns HTTP 404.,
sitemap_only,6810ACERT,,,,,https://www.bcit.ca/programs/advanced-net-development-associate-certificate-part-time-6810acert/,,0,,,404,https://www.bcit.ca/programs/advanced-net-development-associate-certificate-part-time-6810acert/,inactive/not currently offered,URL is absent from every current area catalog and returns HTTP 404.,
sitemap_only,5525ACERT,,,,,https://www.bcit.ca/programs/applied-computer-applications-aca-associate-certificate-part-time-5525acert/,,0,,,404,https://www.bcit.ca/programs/applied-computer-applications-aca-associate-certificate-part-time-5525acert/,inactive/not currently offered,URL is absent from every current area catalog and returns HTTP 404.,
sitemap_only,867CBSC,,,,,https://www.bcit.ca/programs/applied-computer-science-database-option-bachelor-of-science-part-time-867cbsc/,,0,,,200,https://www.bcit.ca/programs/applied-computer-science-database-option-bachelor-of-science-full-time-part-time-867cbsc/,duplicate/renamed/variant,Historical sitemap URL redirects to a canonical entry in the current area catalogs.,
sitemap_only,5095ADCERT,,,,,https://www.bcit.ca/programs/building-controls-and-energy-management-advanced-certificate-part-time-5095adcert/,,0,,,404,https://www.bcit.ca/programs/building-controls-and-energy-management-advanced-certificate-part-time-5095adcert/,inactive/not currently offered,URL is absent from every current area catalog and returns HTTP 404.,
sitemap_only,A100GRCERT,,,,,https://www.bcit.ca/programs/business-administration-graduate-certificate-full-time-a100grcert/,,0,,,200,https://www.bcit.ca/programs/business-administration-graduate-certificate-full-time-a700grcert/,duplicate/renamed/variant,Historical sitemap URL redirects to a canonical entry in the current area catalogs.,
sitemap_only,0340NOBCIT,,,,,https://www.bcit.ca/programs/business-and-media-study-abroad-for-international-students-full-time-0340nobcit/,,0,,,200,https://www.bcit.ca/programs/business-and-media-study-abroad-for-international-students-full-time-0340nobcit/,inactive/not currently offered,URL is absent from every current area catalog; the page remains reachable but is not currently catalog-listed.,
sitemap_only,0330NOBCIT,,,,,https://www.bcit.ca/programs/business-and-media-study-abroad-full-time-0330nobcit/,,0,,,200,https://www.bcit.ca/programs/business-and-media-study-abroad-full-time-0330nobcit/,inactive/not currently offered,URL is absent from every current area catalog; the page remains reachable but is not currently catalog-listed.,
sitemap_only,5210DIPLT,,,,,https://www.bcit.ca/programs/business-management-advanced-placement-degree-diploma-entry-diploma-full-time-5210diplt/,,0,,,200,https://www.bcit.ca/programs/business-management-diploma-full-time-6245diplt/#ap,duplicate/renamed/variant,Historical sitemap URL redirects to a canonical entry in the current area catalogs.,
sitemap_only,537ADIPLT,,,,,https://www.bcit.ca/programs/chemical-and-environmental-technology-analytical-science-option-diploma-full-time-537adiplt/,,0,,,200,https://www.bcit.ca/programs/chemical-and-environmental-engineering-technology-diploma-full-time-5375dipma/,duplicate/renamed/variant,Historical sitemap URL redirects to a canonical entry in the current area catalogs.,
sitemap_only,537BDIPLT,,,,,https://www.bcit.ca/programs/chemical-and-environmental-technology-process-engineering-option-diploma-full-time-537bdiplt/,,0,,,200,https://www.bcit.ca/programs/chemical-and-environmental-engineering-technology-diploma-full-time-5375dipma/,duplicate/renamed/variant,Historical sitemap URL redirects to a canonical entry in the current area catalogs.,
sitemap_only,5495000000,,,,,https://www.bcit.ca/programs/civil-engineering-materials-testing-statement-of-completion-part-time-5495000000/,,0,,,200,https://www.bcit.ca/programs/civil-engineering-materials-testing-statement-of-completion-part-time-5495000000/,inactive/not currently offered,URL is absent from every current area catalog; the page remains reachable but is not currently catalog-listed.,
sitemap_only,0550000000,,,,,https://www.bcit.ca/programs/coast-capital-savings-entrepreneurial-program-statement-of-completion-part-time-0550000000/,,0,,,404,https://www.bcit.ca/programs/coast-capital-savings-entrepreneurial-program-statement-of-completion-part-time-0550000000/,inactive/not currently offered,URL is absent from every current area catalog and returns HTTP 404.,
sitemap_only,6495CERT,,,,,https://www.bcit.ca/programs/communication-design-essentials-certificate-full-time-6495cert/,,0,,,200,https://www.bcit.ca/programs/graphic-design-certificate-full-time-part-time-6585cert/,duplicate/renamed/variant,Historical sitemap URL redirects to a canonical entry in the current area catalogs.,
sitemap_only,550SACERT,,,,,https://www.bcit.ca/programs/computer-systems-foundations-associate-certificate-part-time-550sacert/,,0,,,404,https://www.bcit.ca/programs/computer-systems-foundations-associate-certificate-part-time-550sacert/,inactive/not currently offered,URL is absent from every current area catalog and returns HTTP 404.,
sitemap_only,0335NOBCIT,,,,,https://www.bcit.ca/programs/computing-and-academic-studies-study-abroad-full-time-0335nobcit/,,0,,,200,https://www.bcit.ca/programs/computing-and-academic-studies-study-abroad-full-time-0335nobcit/,inactive/not currently offered,URL is absent from every current area catalog; the page remains reachable but is not currently catalog-listed.,
sitemap_only,7720ACERT,,,,,https://www.bcit.ca/programs/construction-operations-associate-certificate-part-time-7720acert/,,0,,,200,https://www.bcit.ca/programs/construction-operations-associate-certificate-part-time-7880acert/,duplicate/renamed/variant,Historical sitemap URL redirects to a canonical entry in the current area catalogs.,
sitemap_only,0820CM,,,,,https://www.bcit.ca/programs/cybersecurity-essentials-for-it-professionals-microcredential-part-time-distance-and-online-learning-0820cm/,,0,,,200,https://www.bcit.ca/programs/cybersecurity-essentials-for-it-professionals-microcredential-part-time-0820cm/,duplicate/renamed/variant,Historical sitemap URL redirects to a canonical entry in the current area catalogs.,
sitemap_only,534BDIPMA,,,,,https://www.bcit.ca/programs/electrical-and-computer-engineering-technology-electrical-power-and-industrial-control-option-diploma-full-time-cooperative-education-534bdipma/,,0,,,200,https://www.bcit.ca/programs/electrical-and-computer-engineering-technology-electrical-power-and-industrial-control-option-diploma-full-time-534bdipma/,duplicate/renamed/variant,Historical sitemap URL redirects to a canonical entry in the current area catalogs.,
sitemap_only,0345NOBCIT,,,,,https://www.bcit.ca/programs/energy-study-abroad-full-time-0345nobcit/,,0,,,200,https://www.bcit.ca/programs/energy-study-abroad-full-time-0345nobcit/,inactive/not currently offered,URL is absent from every current area catalog; the page remains reachable but is not currently catalog-listed.,
sitemap_only,8500DBTECH,,,,,https://www.bcit.ca/programs/environmental-health-public-health-inspection-bachelor-of-technology-full-time-8500dbtech/,,0,,,200,https://www.bcit.ca/programs/environmental-public-health-bachelor-of-environmental-public-health-full-time-8520benvh/,duplicate/renamed/variant,Historical sitemap URL redirects to a canonical entry in the current area catalogs.,
sitemap_only,5730DIPLT,,,,,https://www.bcit.ca/programs/finance-diploma-full-time-5730diplt/,,0,,,200,https://www.bcit.ca/programs/finance-diploma-full-time-6045dipma/,duplicate/renamed/variant,Historical sitemap URL redirects to a canonical entry in the current area catalogs.,
sitemap_only,5730PDIPMA,,,,,https://www.bcit.ca/programs/finance-diploma-part-time-5730pdipma/,,0,,,200,https://www.bcit.ca/programs/finance-diploma-part-time-6045pdipma/,duplicate/renamed/variant,Historical sitemap URL redirects to a canonical entry in the current area catalogs.,
sitemap_only,5710ASCERT,,,,,https://www.bcit.ca/programs/financial-analyst-advanced-certificate-part-time-5710ascert/,,0,,,404,https://www.bcit.ca/programs/financial-analyst-advanced-certificate-part-time-5710ascert/,inactive/not currently offered,URL is absent from every current area catalog and returns HTTP 404.,
sitemap_only,5720DIPLT,,,,,https://www.bcit.ca/programs/financial-planning-diploma-full-time-5720diplt/,,0,,,200,https://www.bcit.ca/programs/financial-planning-diploma-full-time-6055dipma/,duplicate/renamed/variant,Historical sitemap URL redirects to a canonical entry in the current area catalogs.,
sitemap_only,6270IPCERT,,,,,https://www.bcit.ca/programs/fire-executive-management-bcit-industry-partnership-certificate-part-time-6270ipcert/,,0,,,200,https://www.bcit.ca/programs/fire-service-industry-leadership-certificate-part-time-6285cert/,duplicate/renamed/variant,Historical sitemap URL redirects to a canonical entry in the current area catalogs.,
sitemap_only,7930DIPMA,,,,,https://www.bcit.ca/programs/fish-wildlife-and-recreation-diploma-full-time-7930dipma/,,0,,,200,https://www.bcit.ca/programs/fish-wildlife-and-recreation-diploma-full-time-7935dipma/,duplicate/renamed/variant,Historical sitemap URL redirects to a canonical entry in the current area catalogs.,
sitemap_only,526BASCERT,,,,,https://www.bcit.ca/programs/forensic-investigation-general-criminalistics-option-advanced-certificate-part-time-526bascert/,,0,,,200,https://www.bcit.ca/programs/forensic-investigation-general-criminalistics-option-advanced-certificate-part-time-526bascert/,inactive/not currently offered,URL is absent from every current area catalog; the page remains reachable but is not currently catalog-listed.,
sitemap_only,5325ACERT,,,,,https://www.bcit.ca/programs/foundations-in-occupational-health-and-safety-associate-certificate-part-time-5325acert/,,0,,,200,https://www.bcit.ca/programs/foundations-in-occupational-health-and-safety-associate-certificate-part-time-5325acert/,inactive/not currently offered,URL is absent from every current area catalog; the page remains reachable but is not currently catalog-listed.,
sitemap_only,7540DIPMA,,,,,https://www.bcit.ca/programs/full-stack-web-development-diploma-full-time-7540dipma/,,0,,,200,https://www.bcit.ca/programs/full-stack-web-development-diploma-full-time-7540dipma/,inactive/not currently offered,URL is absent from every current area catalog; the page remains reachable but is not currently catalog-listed.,
sitemap_only,7530DIPMA,,,,,https://www.bcit.ca/programs/geomatics-engineering-technology-diploma-full-time-7530dipma/,,0,,,200,https://www.bcit.ca/programs/geomatics-engineering-technology-diploma-full-time-7535dipma/,duplicate/renamed/variant,Historical sitemap URL redirects to a canonical entry in the current area catalogs.,
sitemap_only,6180DIPMA,,,,,https://www.bcit.ca/programs/graphic-communications-technology-management-diploma-full-time-6180dipma/,,0,,,200,https://www.bcit.ca/programs/graphic-communications-diploma-full-time-6247dipma/,duplicate/renamed/variant,Historical sitemap URL redirects to a canonical entry in the current area catalogs.,
sitemap_only,6595DIPMA,,,,,https://www.bcit.ca/programs/graphic-design-and-interactive-media-diploma-full-time-part-time-6595dipma/,,0,,,200,https://www.bcit.ca/programs/graphic-design-and-interactive-media-diploma-part-time-6595dipma/,duplicate/renamed/variant,Historical sitemap URL redirects to a canonical entry in the current area catalogs.,
sitemap_only,6475ACERT,,,,,https://www.bcit.ca/programs/graphic-design-associate-certificate-full-time-part-time-6475acert/,,0,,,200,https://www.bcit.ca/programs/graphic-design-foundations-associate-certificate-part-time-6505acert/,duplicate/renamed/variant,Historical sitemap URL redirects to a canonical entry in the current area catalogs.,
sitemap_only,0350NOBCIT,,,,,https://www.bcit.ca/programs/health-sciences-study-abroad-full-time-0350nobcit/,,0,,,200,https://www.bcit.ca/programs/health-sciences-study-abroad-full-time-0350nobcit/,inactive/not currently offered,URL is absent from every current area catalog; the page remains reachable but is not currently catalog-listed.,
sitemap_only,8910BSC,,,,,https://www.bcit.ca/programs/honours-in-biotechnology-bachelor-of-science-full-time-cooperative-education-8910bsc/,,0,,,200,https://www.bcit.ca/programs/honours-in-biotechnology-bachelor-of-science-full-time-8910bsc/,duplicate/renamed/variant,Historical sitemap URL redirects to a canonical entry in the current area catalogs.,
sitemap_only,3830APPR,,,,,https://www.bcit.ca/programs/insulator-heat-and-frost-apprenticeship-full-time-3830appr/,,0,,,404,https://www.bcit.ca/programs/insulator-heat-and-frost-apprenticeship-full-time-3830appr/,inactive/not currently offered,URL is absent from every current area catalog and returns HTTP 404.,
sitemap_only,745ADIPLT,,,,,https://www.bcit.ca/programs/international-business-management-global-supply-chain-option-diploma-full-time-745adiplt/,,0,,,200,https://www.bcit.ca/programs/global-supply-chain-management-diploma-full-time-7475dipma/,duplicate/renamed/variant,Historical sitemap URL redirects to a canonical entry in the current area catalogs.,
sitemap_only,745BDIPLT,,,,,https://www.bcit.ca/programs/international-business-management-international-business-option-diploma-full-time-745bdiplt/,,0,,,200,https://www.bcit.ca/programs/global-supply-chain-management-diploma-full-time-7475dipma/,duplicate/renamed/variant,Historical sitemap URL redirects to a canonical entry in the current area catalogs.,
sitemap_only,0005NOBCIT,,,,,https://www.bcit.ca/programs/international-student-entry-full-time-0005nobcit/,,0,,,200,https://www.bcit.ca/programs/international-student-entry-full-time-0120nobcit/,duplicate/renamed/variant,Historical sitemap URL redirects to a canonical entry in the current area catalogs.,
sitemap_only,8600BTECH,,,,,https://www.bcit.ca/programs/manufacturing-bachelor-of-technology-part-time-8600btech/,,0,,,200,https://www.bcit.ca/programs/manufacturing-bachelor-of-technology-part-time-8600btech/,inactive/not currently offered,URL is absent from every current area catalog; the page remains reachable but is not currently catalog-listed.,
sitemap_only,2935DIPMA,,,,,https://www.bcit.ca/programs/marine-engineering-diploma-full-time-cooperative-education-2935dipma/,,0,,,200,https://www.bcit.ca/programs/marine-engineering-diploma-full-time-2942dipma/,duplicate/renamed/variant,Historical sitemap URL redirects to a canonical entry in the current area catalogs.,
sitemap_only,63AADIPLT,,,,,https://www.bcit.ca/programs/marketing-management-marketing-communications-option-diploma-full-time-63aadiplt/,,0,,,200,https://www.bcit.ca/programs/marketing-management-digital-marketing-and-brand-strategy-option-diploma-full-time-642adipma/,duplicate/renamed/variant,Historical sitemap URL redirects to a canonical entry in the current area catalogs.,
sitemap_only,0210NOBCIT,,,,,https://www.bcit.ca/programs/master-of-digital-media-full-time-0210nobcit/,,0,,,200,https://www.bcit.ca/programs/masters-of-digital-media-full-time-0210nobcit/,duplicate/renamed/variant,Historical sitemap URL redirects to a canonical entry in the current area catalogs.,
sitemap_only,6510DIPLT,,,,,https://www.bcit.ca/programs/medical-radiography-diploma-full-time-6510diplt/,,0,,,200,https://www.bcit.ca/programs/medical-radiography-diploma-full-time-6635dipma/,duplicate/renamed/variant,Historical sitemap URL redirects to a canonical entry in the current area catalogs.,
sitemap_only,6485ACERT,,,,,https://www.bcit.ca/programs/mobile-app-tools-associate-certificate-part-time-6485acert/,,0,,,404,https://www.bcit.ca/programs/mobile-app-tools-associate-certificate-part-time-6485acert/,inactive/not currently offered,URL is absent from every current area catalog and returns HTTP 404.,
sitemap_only,3055APPR,,,,,https://www.bcit.ca/programs/motor-vehicle-body-repair-technician-apprenticeship-full-time-3055appr/,,0,,,200,https://www.bcit.ca/programs/automotive-collision-and-refinishing-common-core-apprenticeship-full-time-3120appr/,duplicate/renamed/variant,Historical sitemap URL redirects to a canonical entry in the current area catalogs.,
sitemap_only,1140CERT,,,,,https://www.bcit.ca/programs/motor-vehicle-body-repair-technician-foundation-certificate-full-time-1140cert/,,0,,,200,https://www.bcit.ca/programs/auto-body-repair-and-refinishing-technician-foundation-certificate-full-time-1255cert/,duplicate/renamed/variant,Historical sitemap URL redirects to a canonical entry in the current area catalogs.,
sitemap_only,6920CERT,,,,,https://www.bcit.ca/programs/network-administration-and-security-professional-nasp-certificate-full-time-6920cert/,,0,,,404,https://www.bcit.ca/programs/network-administration-and-security-professional-nasp-certificate-full-time-6920cert/,inactive/not currently offered,URL is absent from every current area catalog and returns HTTP 404.,
sitemap_only,6620DIPMA,,,,,https://www.bcit.ca/programs/new-media-design-and-web-development-certificate-diploma-pathway-diploma-full-time-6620dipma/,,0,,,404,https://www.bcit.ca/programs/new-media-design-and-web-development-certificate-diploma-pathway-diploma-full-time-6620dipma/,inactive/not currently offered,URL is absent from every current area catalog and returns HTTP 404.,
sitemap_only,6850CERT,,,,,https://www.bcit.ca/programs/occupational-health-and-safety-certificate-part-time-distance-and-online-learning-6850cert/,,0,,,200,https://www.bcit.ca/programs/advanced-safety-management-certificate-part-time-6890cert/,duplicate/renamed/variant,Historical sitemap URL redirects to a canonical entry in the current area catalogs.,
sitemap_only,5755ACERT,,,,,https://www.bcit.ca/programs/occupational-health-and-safety-practitioners-associate-certificate-part-time-distance-and-online-learning-5755acert/,,0,,,200,https://www.bcit.ca/programs/occupational-health-and-safety-practitioners-associate-certificate-part-time-5755acert/,duplicate/renamed/variant,Historical sitemap URL redirects to a canonical entry in the current area catalogs.,
sitemap_only,680HASCERT,,,,,https://www.bcit.ca/programs/occupational-health-nursing-specialty-advanced-certificate-part-time-distance-and-online-learning-680hascert/,,0,,,404,https://www.bcit.ca/programs/occupational-health-nursing-specialty-advanced-certificate-part-time-distance-and-online-learning-680hascert/,inactive/not currently offered,URL is absent from every current area catalog and returns HTTP 404.,
sitemap_only,6835ADCERT,,,,,https://www.bcit.ca/programs/pediatric-emergency-nursing-specialty-advanced-certificate-part-time-distance-and-online-learning-6835adcert/,,0,,,200,https://www.bcit.ca/programs/pediatric-emergency-nursing-specialty-advanced-certificate-part-time-6835adcert/,duplicate/renamed/variant,Historical sitemap URL redirects to a canonical entry in the current area catalogs.,
sitemap_only,680ZADCERT,,,,,https://www.bcit.ca/programs/pediatric-nursing-specialty-critical-care-option-advanced-certificate-part-time-distance-and-online-learning-680zadcert/,,0,,,200,https://www.bcit.ca/programs/pediatric-nursing-specialty-critical-care-option-advanced-certificate-part-time-680zadcert/,duplicate/renamed/variant,Historical sitemap URL redirects to a canonical entry in the current area catalogs.,
sitemap_only,680VASCERT,,,,,https://www.bcit.ca/programs/perinatal-nursing-specialty-perinatal-perioperative-option-advanced-certificate-part-time-distance-and-online-learning-680vascert/,,0,,,200,https://www.bcit.ca/programs/perinatal-nursing-specialty-perinatal-perioperative-option-advanced-certificate-part-time-680vascert/,duplicate/renamed/variant,Historical sitemap URL redirects to a canonical entry in the current area catalogs.,
sitemap_only,680PASCERT,,,,,https://www.bcit.ca/programs/perioperative-nursing-specialty-advanced-certificate-part-time-distance-and-online-learning-680pascert/,,0,,,200,https://www.bcit.ca/programs/perioperative-nursing-specialty-advanced-certificate-part-time-680pascert/,duplicate/renamed/variant,Historical sitemap URL redirects to a canonical entry in the current area catalogs.,
sitemap_only,6545ADVDIP,,,,,https://www.bcit.ca/programs/professional-real-estate-advanced-diploma-full-time-6545advdip/,,0,,,200,https://www.bcit.ca/study/business-media/programs/,inactive/not currently offered,URL is absent from every current area catalog; the page remains reachable but is not currently catalog-listed.,
sitemap_only,2070IPCERT,,,,,https://www.bcit.ca/programs/railway-conductor-bcit-industry-partnership-certificate-full-time-2070ipcert/,,0,,,404,https://www.bcit.ca/programs/railway-conductor-bcit-industry-partnership-certificate-full-time-2070ipcert/,inactive/not currently offered,URL is absent from every current area catalog and returns HTTP 404.,
sitemap_only,5620000000,,,,,https://www.bcit.ca/programs/roadworks-maintenance-statement-of-completion-part-time-5620000000/,,0,,,200,https://www.bcit.ca/programs/roadworks-maintenance-statement-of-completion-part-time-5620000000/,inactive/not currently offered,URL is absent from every current area catalog; the page remains reachable but is not currently catalog-listed.,
sitemap_only,0230000000,,,,,https://www.bcit.ca/programs/social-media-and-digital-marketing-statement-of-completion-part-time-distance-and-online-learning-0230000000/,,0,,,404,https://www.bcit.ca/programs/social-media-and-digital-marketing-statement-of-completion-part-time-distance-and-online-learning-0230000000/,inactive/not currently offered,URL is absent from every current area catalog and returns HTTP 404.,
sitemap_only,7120CERT,,,,,https://www.bcit.ca/programs/software-systems-developer-certificate-full-time-7120cert/,,0,,,200,https://www.bcit.ca/programs/software-systems-developer-certificate-full-time-7120cert/,inactive/not currently offered,URL is absent from every current area catalog; the page remains reachable but is not currently catalog-listed.,
sitemap_only,699CCERTT,,,,,https://www.bcit.ca/programs/software-systems-developer-web-programmer-option-certificate-full-time-699ccertt/,,0,,,200,https://www.bcit.ca/programs/software-systems-developer-certificate-full-time-7120cert/,inactive/not currently offered,URL is absent from every current area catalog; the page remains reachable but is not currently catalog-listed.,
sitemap_only,712BADVDIP,,,,,https://www.bcit.ca/programs/sonography-cardiac-option-advanced-diploma-full-time-712badvdip/,,0,,,200,https://www.bcit.ca/programs/diagnostic-medical-sonography-cardiac-advanced-diploma-full-time-7160advdip/,duplicate/renamed/variant,Historical sitemap URL redirects to a canonical entry in the current area catalogs.,
sitemap_only,810KBSN,,,,,https://www.bcit.ca/programs/specialty-nursing-critical-care-combined-critical-care-emergency-option-bachelor-of-science-in-nursing-part-time-distance-and-online-learning-810kbsn/,,0,,,200,https://www.bcit.ca/programs/specialty-nursing-critical-care-combined-critical-care-emergency-option-bachelor-of-science-in-nursing-part-time-810kbsn/,duplicate/renamed/variant,Historical sitemap URL redirects to a canonical entry in the current area catalogs.,
sitemap_only,810NBSN,,,,,https://www.bcit.ca/programs/specialty-nursing-emergency-combined-emergency-critical-care-option-bachelor-of-science-in-nursing-part-time-distance-and-online-learning-810nbsn/,,0,,,200,https://www.bcit.ca/programs/specialty-nursing-emergency-combined-emergency-critical-care-option-bachelor-of-science-in-nursing-part-time-810nbsn/,duplicate/renamed/variant,Historical sitemap URL redirects to a canonical entry in the current area catalogs.,
sitemap_only,810BBSN,,,,,https://www.bcit.ca/programs/specialty-nursing-emergency-standard-option-bachelor-of-science-in-nursing-part-time-distance-and-online-learning-810bbsn/,,0,,,200,https://www.bcit.ca/programs/specialty-nursing-emergency-standard-option-bachelor-of-science-in-nursing-part-time-810bbsn/,duplicate/renamed/variant,Historical sitemap URL redirects to a canonical entry in the current area catalogs.,
sitemap_only,810CBSN,,,,,https://www.bcit.ca/programs/specialty-nursing-neonatal-bachelor-of-science-in-nursing-part-time-distance-and-online-learning-810cbsn/,,0,,,200,https://www.bcit.ca/programs/specialty-nursing-neonatal-bachelor-of-science-in-nursing-part-time-810cbsn/,duplicate/renamed/variant,Historical sitemap URL redirects to a canonical entry in the current area catalogs.,
sitemap_only,5070ADCERT,,,,,https://www.bcit.ca/programs/sustainable-energy-management-advanced-certificate-part-time-5070adcert/,,0,,,404,https://www.bcit.ca/programs/sustainable-energy-management-advanced-certificate-part-time-5070adcert/,inactive/not currently offered,URL is absent from every current area catalog and returns HTTP 404.,
sitemap_only,5075CERT,,,,,https://www.bcit.ca/programs/sustainable-event-management-certificate-part-time-5075cert/,,0,,,200,https://www.bcit.ca/programs/event-marketing-and-management-strategy-certificate-part-time-5077cert/,duplicate/renamed/variant,Historical sitemap URL redirects to a canonical entry in the current area catalogs.,
sitemap_only,278BDIPMA,,,,,https://www.bcit.ca/programs/telecommunications-systems-technician-radio-systems-option-diploma-full-time-278bdipma/,,0,,,200,https://www.bcit.ca/programs/digital-communications-and-wireless-technologies-diploma-full-time-5105dipma/,duplicate/renamed/variant,Historical sitemap URL redirects to a canonical entry in the current area catalogs.,
sitemap_only,278ADIPMA,,,,,https://www.bcit.ca/programs/telecommunications-systems-technician-telecommunications-networks-option-diploma-full-time-278adipma/,,0,,,200,https://www.bcit.ca/programs/digital-communications-and-wireless-technologies-diploma-full-time-5105dipma/,duplicate/renamed/variant,Historical sitemap URL redirects to a canonical entry in the current area catalogs.,
sitemap_only,0325000000,,,,,https://www.bcit.ca/programs/web-development-fundamentals-statement-of-completion-part-time-0325000000/,,0,,,404,https://www.bcit.ca/programs/web-development-fundamentals-statement-of-completion-part-time-0325000000/,inactive/not currently offered,URL is absent from every current area catalog and returns HTTP 404.,
sitemap_only,6420ACERT,,,,,https://www.bcit.ca/programs/web-technologies-associate-certificate-part-time-6420acert/,,0,,,404,https://www.bcit.ca/programs/web-technologies-associate-certificate-part-time-6420acert/,inactive/not currently offered,URL is absent from every current area catalog and returns HTTP 404.,
sitemap_only,6420CERT,,,,,https://www.bcit.ca/programs/web-technologies-certificate-part-time-6420cert/,,0,,,404,https://www.bcit.ca/programs/web-technologies-certificate-part-time-6420cert/,inactive/not currently offered,URL is absent from every current area catalog and returns HTTP 404.,
