program_id,program_title,current_state,proposed_status,action,proposed_db_actions,evidence,notes,blockers
0801CM,Essentials of Natural Resource and Environmental Protection (MENREP),"{""delivery_facts"":{""authoritative_raw"":""Program length The maximum time to complete this program is seven years. Program delivery Online: This program is delivered fully online. Note: Applicants must pledge to either attend all of the online live-streamed sessions or review the recordings after the lectures are complete. Program location Distance and online learning Go back Courses Next up Contact Us"",""duration_years"":null,""intake_months"":[],""international_eligibility"":""Refer to official program page"",""last_checked"":""2026-09-08"",""program_id"":""0801CM"",""source_url"":""https://www.bcit.ca/programs/essentials-of-natural-resource-and-environmental-protection-menrep-microcredential-part-time-0801cm/"",""terms_per_year"":null,""total_credits"":""4.0""},""international_conditions"":[],""international_rule_sets"":[],""legacy_accepts_international_students"":null}",UNKNOWN_NOT_PUBLISHED,SKIP,[],[],"[""Unknown: no database actions; list absence/missing flags never imply rejection.""]",[]
0804CM,Forensic Nurse Examiner Education for RNs,"{""delivery_facts"":{""authoritative_raw"":""Program delivery Online: This program is delivered fully online. Program location Courses are offered through online learning . Go back Courses Next up Graduating & Jobs"",""duration_years"":null,""intake_months"":[],""international_eligibility"":""Refer to official program page"",""last_checked"":""2026-09-08"",""program_id"":""0804CM"",""source_url"":""https://www.bcit.ca/programs/forensic-nurse-examiner-education-for-rns-microcredential-part-time-0804cm/"",""terms_per_year"":null,""total_credits"":""6.0""},""international_conditions"":[],""international_rule_sets"":[],""legacy_accepts_international_students"":null}",UNKNOWN_NOT_PUBLISHED,SKIP,[],[],"[""Unknown: no database actions; list absence/missing flags never imply rejection.""]",[]
0805CM,Breast Sonography,"{""delivery_facts"":{""authoritative_raw"":""Program length This part-time microcredential is five weeks in length. To earn the 6.0 credit microcredential in Breast Sonography, students must earn two badges by successfully completing XDMS 5002 : Breast Sonography Skill-up (2 credits) and XDMS 5012 : Breast Sonography Clinical First-steps (4 credits). Program delivery In person: This program is delivered on campus. Program location Burnaby Campus 3700 Willingdon Avenue Burnaby, BC Go back Courses Next up Graduating & Jobs"",""duration_years"":null,""intake_months"":[],""international_eligibility"":""Refer to official program page"",""last_checked"":""2026-09-08"",""program_id"":""0805CM"",""source_url"":""https://www.bcit.ca/programs/breast-sonography-microcredential-part-time-0805cm/"",""terms_per_year"":null,""total_credits"":""6.0""},""international_conditions"":[],""international_rule_sets"":[],""legacy_accepts_international_students"":null}",UNKNOWN_NOT_PUBLISHED,SKIP,[],[],"[""Unknown: no database actions; list absence/missing flags never imply rejection.""]",[]
0806CM,Musculoskeletal Sonography,"{""delivery_facts"":{""authoritative_raw"":""Program length This part-time microcredential is five weeks in length. To earn the 7.0-credit microcredential in Musculoskeletal (MSK) Sonography, students must earn two badges by first completing XDMS 5001 : MSK Sonography Skill-up (2 credits) and then complete XDMS 5011 : MSK Sonography Clinical First-steps (5 credits). Program delivery In person: This program is delivered on campus. Program location Burnaby Campus 3700 Willingdon Avenue Burnaby, BC Go back Courses Next up Graduating & Jobs"",""duration_years"":null,""intake_months"":[],""international_eligibility"":""Refer to official program page"",""last_checked"":""2026-09-08"",""program_id"":""0806CM"",""source_url"":""https://www.bcit.ca/programs/musculoskeletal-sonography-microcredential-part-time-0806cm/"",""terms_per_year"":null,""total_credits"":""7.0""},""international_conditions"":[],""international_rule_sets"":[],""legacy_accepts_international_students"":null}",UNKNOWN_NOT_PUBLISHED,SKIP,[],[],"[""Unknown: no database actions; list absence/missing flags never imply rejection.""]",[]
0814CM,Essential Field Skills for Environmental Professionals,"{""delivery_facts"":{""authoritative_raw"":""Program delivery Blended: This program is delivered partly on campus and partly online. This program is delivered in-person, online, and through field work. Program location Courses may be offered at the following locations: Burnaby Campus 3700 Willingdon Avenue Burnaby, BC Distance and online learning Go back Courses Next up Contact Us"",""duration_years"":null,""intake_months"":[],""international_eligibility"":""Refer to official program page"",""last_checked"":""2026-09-08"",""program_id"":""0814CM"",""source_url"":""https://www.bcit.ca/programs/essential-field-skills-for-environmental-professionals-microcredential-part-time-0814cm/"",""terms_per_year"":null,""total_credits"":""4.0""},""international_conditions"":[],""international_rule_sets"":[],""legacy_accepts_international_students"":null}",UNKNOWN_NOT_PUBLISHED,SKIP,[],[],"[""Unknown: no database actions; list absence/missing flags never imply rejection.""]",[]
0817CM,Introduction to Forest Health Quantification with RPAS,"{""delivery_facts"":{""authoritative_raw"":""Program length This part-time microcredential is four weeks in length. Accreditation Transport Canada Remotely Piloted Aircraft System (RPAS) certification Program delivery Blended: This program is delivered partly online with a field component. Program location Burnaby Campus 3700 Willingdon Avenue Burnaby, BC Courses are also offered through online learning . Go back Courses Next up Faculty, Advisors & Staff"",""duration_years"":null,""intake_months"":[],""international_eligibility"":""Refer to official program page"",""last_checked"":""2026-09-08"",""program_id"":""0817CM"",""source_url"":""https://www.bcit.ca/programs/introduction-to-forest-health-quantification-with-rpas-microcredential-part-time-0817cm/"",""terms_per_year"":null,""total_credits"":""3.0""},""international_conditions"":[],""international_rule_sets"":[],""legacy_accepts_international_students"":null}",UNKNOWN_NOT_PUBLISHED,SKIP,[],[],"[""Unknown: no database actions; list absence/missing flags never imply rejection.""]",[]
0823CM,Food Safety Management,"{""delivery_facts"":{""authoritative_raw"":""What is the Microcredential in Food Safety Management? This online program includes flexible micro-courses that will elevate your knowledge and skills as a member of a quality assurance team in the food production industry. Each course requires a commitment of approximately 12 hours a week (a combination of online learning and synchronous meetings), and runs for 4-6 weeks. Courses involve online readings, video lectures, and problem sets. As needed, synchronized meetings may be arranged so that learners may have a chance to ask questions and hear from industry experts. Specifically, the Internal Auditor Training course requires students to perform an internal audit at a food production location to gain important hands-on experience. Students who successfully complete all three UBC courses and one BCIT course will earn a non-credit Microcredential in Food Safety Management issued by both UBC and BCIT. Program delivery Online: This program is delivered fully online. Program location Courses are offered through online learning . Go back Courses Next up Contact Us"",""duration_years"":null,""intake_months"":[],""international_eligibility"":""Refer to official program page"",""last_checked"":""2026-09-08"",""program_id"":""0823CM"",""source_url"":""https://www.bcit.ca/programs/food-safety-management-microcredential-part-time-0823cm/"",""terms_per_year"":null,""total_credits"":""2.0""},""international_conditions"":[],""international_rule_sets"":[],""legacy_accepts_international_students"":null}",UNKNOWN_NOT_PUBLISHED,SKIP,[],[],"[""Unknown: no database actions; list absence/missing flags never imply rejection.""]",[]
0824CM,Animal Cell Culture,"{""delivery_facts"":{""authoritative_raw"":""The Animal Cell Culture microcredential is designed so that you can achieve the practice and repetition needed to improve your animal cell culture skills and develop competency. The low trainee to instructor ratio (6:1 or less) will enable instructors to provide you with ongoing feedback and ensure that you have full access to a biological safety cabinet (or laminar flow hood) within the dedicated cell culture lab in the BCIT Biotechnology Department. The first week ( XBIO 4010 ) will introduce you to the core foundations of animal cell culture including biosafety, good aseptic technique and the various types of animal cells used in research, biotechnology and biomanufacturing. You will gain competency in performing cell culture and carry out a transfection (gene transfer) experiment. In the second week ( XBIO 4020 ), you will continue to culture cells and practice your aseptic technique, while also learning how to prepare and analyze cells using job-relevant techniques. Both XBIO 4010 and XBIO 4020 must be completed for you to receive the microcredential. BCIT Biotech Animal Cell Culture MC 360 May 2023 360° Viewing Instructions: On desktop PC click & drag the mouse to look around. View full screen ( f ), or change quality in ‘ Settings ‘. On mobile device use a finger to look around, or move the device. Can also use a VR headset. PAUSE the 360° video for more viewing time. Program delivery In person: This program is delivered on campus. This microcredential will be primarily composed of hands-on laboratory-based learning which will take place in the BCIT Biotechnology Department’s dedicated cell culture lab. A small portion of the course will cover theoretical concepts and will be delivered as a mix of classroom and online learning. Program location Burnaby Campus 3700 Willingdon Avenue Burnaby, BC Go back Courses Next up Contact Us"",""duration_years"":null,""intake_months"":[],""international_eligibility"":""Refer to official program page"",""last_checked"":""2026-09-08"",""program_id"":""0824CM"",""source_url"":""https://www.bcit.ca/programs/animal-cell-culture-microcredential-part-time-0824cm/"",""terms_per_year"":null,""total_credits"":""4.5""},""international_conditions"":[],""international_rule_sets"":[],""legacy_accepts_international_students"":null}",UNKNOWN_NOT_PUBLISHED,SKIP,[],[],"[""Unknown: no database actions; list absence/missing flags never imply rejection.""]",[]
0831CM,Industrial Networking for Cybersecurity Professionals,"{""delivery_facts"":{""authoritative_raw"":""Program length This self-paced program can be completed in one year. Grading Minimum passing grade for each course is 50%. Program delivery In person: This program is delivered on campus. Program location Burnaby Campus 3700 Willingdon Avenue Burnaby, BC Go back Courses Next up Faculty, Advisors & Staff"",""duration_years"":null,""intake_months"":[],""international_eligibility"":""Refer to official program page"",""last_checked"":""2026-09-08"",""program_id"":""0831CM"",""source_url"":""https://www.bcit.ca/programs/industrial-networking-for-cybersecurity-professionals-microcredential-part-time-0831cm/"",""terms_per_year"":null,""total_credits"":""5.0""},""international_conditions"":[],""international_rule_sets"":[],""legacy_accepts_international_students"":null}",UNKNOWN_NOT_PUBLISHED,SKIP,[],[],"[""Unknown: no database actions; list absence/missing flags never imply rejection.""]",[]
0836CM,Drone Applications for Environmental Risk Assessment,"{""delivery_facts"":{""authoritative_raw"":""Program length This part-time microcredential is four weeks in length. Grading A minimum passing mark of 50% is required, based on the overall performance on one assignment and one quiz per week for a total of four weeks. Accreditation Transport Canada Remotely Piloted Aircraft System (RPAS) certification Program delivery Blended: This program is delivered partly on campus and partly online. Program location Burnaby Campus 3700 Willingdon Avenue Burnaby, BC Distance and online learning Continue your education Two badges from this microcrednetial program, namely XRPA 1100 and XRPA 1200, can fulfill 50% of the requirements for the Microcredential in Introduction to Forest Health Quantification with RPAS. Go back Courses Next up Graduating & Jobs"",""duration_years"":null,""intake_months"":[],""international_eligibility"":""Refer to official program page"",""last_checked"":""2026-09-08"",""program_id"":""0836CM"",""source_url"":""https://www.bcit.ca/programs/drone-applications-for-environmental-risk-assessment-microcredential-part-time-0836cm/"",""terms_per_year"":null,""total_credits"":""3.0""},""international_conditions"":[],""international_rule_sets"":[],""legacy_accepts_international_students"":null}",UNKNOWN_NOT_PUBLISHED,SKIP,[],[],"[""Unknown: no database actions; list absence/missing flags never imply rejection.""]",[]
0839CM,"Fiber Optics - Principles, Installation and Repair","{""delivery_facts"":{""authoritative_raw"":""Program length This microcredential could be completed in one year. Grading A minimum grade of 70% is required to pass each course. Accreditation Certified Fiber Optic Technician (CFOT) with Fiber Optic Association (FOA) . Program delivery In person: This program is delivered on campus. Program location Burnaby Campus 3700 Willingdon Avenue Burnaby, BC Continue your education This microcredential can ladder into the Telecommunications Systems Technician program. Go back Courses Next up Graduating & Jobs"",""duration_years"":null,""intake_months"":[],""international_eligibility"":""Refer to official program page"",""last_checked"":""2026-09-08"",""program_id"":""0839CM"",""source_url"":""https://www.bcit.ca/programs/fiber-optics-principles-installation-and-repair-microcredential-part-time-0839cm/"",""terms_per_year"":null,""total_credits"":""3.0""},""international_conditions"":[],""international_rule_sets"":[],""legacy_accepts_international_students"":null}",UNKNOWN_NOT_PUBLISHED,SKIP,[],[],"[""Unknown: no database actions; list absence/missing flags never imply rejection.""]",[]
0846CM,Sterile Field and the Aseptic Environment,"{""delivery_facts"":{""authoritative_raw"":""This Flexible Learning (part-time) microcredential can be completed in its entirety, or on a badge-by badge basis. Learners can take each badge based on their specific learning needs. This may depend on their current or future work environment. If a learner can demonstrate adequate work experience aligning with the content of Badge 1 and/or Badge 2, credit may be given for that content subject to special approval from the program department. Program length This part-time microcredential is 12 weeks in length. To earn the 3.5-credit microcredential in Sterile Field and Aseptic Environment (SFAE), students must earn the following badges: NSPO 1110 (1.5 credits/4 weeks) NSPO 1120 (1 credit/4 weeks) NPSO 1130 (1 credit/4 weeks) Program delivery Online: This program is delivered fully online. Program location Online Learning Go back Courses Next up Faculty, Advisors & Staff"",""duration_years"":null,""intake_months"":[],""international_eligibility"":""Refer to official program page"",""last_checked"":""2026-09-08"",""program_id"":""0846CM"",""source_url"":""https://www.bcit.ca/programs/sterile-field-and-the-aseptic-environment-microcredential-part-time-0846cm/"",""terms_per_year"":null,""total_credits"":""3.5""},""international_conditions"":[],""international_rule_sets"":[],""legacy_accepts_international_students"":null}",UNKNOWN_NOT_PUBLISHED,SKIP,[],[],"[""Unknown: no database actions; list absence/missing flags never imply rejection.""]",[]
0851CM,Aircraft Defect Inspection and Reporting Techniques,"{""delivery_facts"":{""authoritative_raw"":""Program delivery In person: This program is delivered on campus. Program location Annacis Island Campus 1608 Cliveden Avenue Delta, BC V3M 6M2 Go back Courses Next up Faculty, Advisors & Staff"",""duration_years"":null,""intake_months"":[],""international_eligibility"":""Refer to official program page"",""last_checked"":""2026-09-08"",""program_id"":""0851CM"",""source_url"":""https://www.bcit.ca/programs/aircraft-defect-inspection-and-reporting-techniques-microcredential-part-time-0851cm/"",""terms_per_year"":null,""total_credits"":""4.0""},""international_conditions"":[],""international_rule_sets"":[],""legacy_accepts_international_students"":null}",UNKNOWN_NOT_PUBLISHED,SKIP,[],[],"[""Unknown: no database actions; list absence/missing flags never imply rejection.""]",[]
0853CM,Principles of Regenerative Building,"{""delivery_facts"":{""authoritative_raw"":""Program length Students can register course-by-course, and take any individual course according to interest. To receive this microcredential, students must complete all three courses. Maximum timeline to complete all courses is five years. Grading Students require a final grade of 50% in each course to successfully complete this program. Program delivery Online: This program is delivered fully online. Program location Distance and online learning Go back Courses Next up Contact Us"",""duration_years"":null,""intake_months"":[],""international_eligibility"":""Refer to official program page"",""last_checked"":""2026-09-08"",""program_id"":""0853CM"",""source_url"":""https://www.bcit.ca/programs/principles-of-regenerative-building-microcredential-part-time-0853cm/"",""terms_per_year"":null,""total_credits"":""8.0""},""international_conditions"":[],""international_rule_sets"":[],""legacy_accepts_international_students"":null}",UNKNOWN_NOT_PUBLISHED,SKIP,[],[],"[""Unknown: no database actions; list absence/missing flags never imply rejection.""]",[]
0856CM,Retrofit Solutions for Rural Communities,"{""delivery_facts"":{""authoritative_raw"":""Program delivery Blended: This program is delivered partly on campus and partly online. Program location Burnaby Campus 3700 Willingdon Avenue Burnaby, BC Distance and online learning Go back Courses Next up Contact Us"",""duration_years"":null,""intake_months"":[],""international_eligibility"":""Refer to official program page"",""last_checked"":""2026-09-08"",""program_id"":""0856CM"",""source_url"":""https://www.bcit.ca/programs/retrofit-solutions-for-rural-communities-microcredential-part-time-0856cm/"",""terms_per_year"":null,""total_credits"":""3.5""},""international_conditions"":[],""international_rule_sets"":[],""legacy_accepts_international_students"":null}",UNKNOWN_NOT_PUBLISHED,SKIP,[],[],"[""Unknown: no database actions; list absence/missing flags never imply rejection.""]",[]
0857CM,Automotive Collision Estimator,"{""delivery_facts"":{""authoritative_raw"":""Grading The minimum passing grade is 70%. Program location Burnaby Campus 3700 Willingdon Avenue Burnaby, BC Go back Courses Next up Faculty, Advisors & Staff"",""duration_years"":null,""intake_months"":[],""international_eligibility"":""Refer to official program page"",""last_checked"":""2026-09-08"",""program_id"":""0857CM"",""source_url"":""https://www.bcit.ca/programs/automotive-collision-estimator-microcredential-part-time-0857cm/"",""terms_per_year"":null,""total_credits"":""9.0""},""international_conditions"":[],""international_rule_sets"":[],""legacy_accepts_international_students"":null}",UNKNOWN_NOT_PUBLISHED,SKIP,[],[],"[""Unknown: no database actions; list absence/missing flags never imply rejection.""]",[]
0860CM,Heat Pump Maintenance and Troubleshooting,"{""delivery_facts"":{""authoritative_raw"":""Program length Six weeks. Program delivery Blended: This program is delivered partly on campus and partly online. Program location Burnaby Campus 3700 Willingdon Avenue Burnaby, BC Distance and online learning Go back Courses Next up Faculty, Advisors & Staff"",""duration_years"":null,""intake_months"":[],""international_eligibility"":""Refer to official program page"",""last_checked"":""2026-09-08"",""program_id"":""0860CM"",""source_url"":""https://www.bcit.ca/programs/heat-pump-maintenance-and-troubleshooting-microcredential-part-time-0860cm/"",""terms_per_year"":null,""total_credits"":""7.5""},""international_conditions"":[],""international_rule_sets"":[],""legacy_accepts_international_students"":null}",UNKNOWN_NOT_PUBLISHED,SKIP,[],[],"[""Unknown: no database actions; list absence/missing flags never imply rejection.""]",[]
0862CM,Residential Air to Air Heat Pump Specialist,"{""delivery_facts"":{""authoritative_raw"":""Program length This program can be completed in three to six months. Program delivery Blended: This program is delivered partly on campus and partly online. Students will need to be on campus for one of the five courses of this program. Program location Burnaby Campus 3700 Willingdon Avenue Burnaby, BC Distance and online learning Go back Courses Next up Contact Us"",""duration_years"":null,""intake_months"":[],""international_eligibility"":""Refer to official program page"",""last_checked"":""2026-09-08"",""program_id"":""0862CM"",""source_url"":""https://www.bcit.ca/programs/residential-air-to-air-heat-pump-specialist-microcredential-part-time-0862cm/"",""terms_per_year"":null,""total_credits"":""9.0""},""international_conditions"":[],""international_rule_sets"":[],""legacy_accepts_international_students"":null}",UNKNOWN_NOT_PUBLISHED,SKIP,[],[],"[""Unknown: no database actions; list absence/missing flags never imply rejection.""]",[]
0865CM,Introduction to Power Systems Protection Design,"{""delivery_facts"":{""authoritative_raw"":""Program length This microcredential can be completed in one year. Grading Students must obtain a passing grade of 50% in each course. Additional program options Students who take this program may also be interested in the following programs: Distribution Design for Electrical Utilities Microcredential Electrical and Computer Engineering Technology (Electrical Power and Industrial Control Option) Diploma Accreditation These courses can be taken to meet the EGBC professional development requirement. Program delivery Online: This program is delivered fully online. The online lectures will be synchronous and students will be required to attend them at the posted dates and times. Recorded sessions may be available upon request. Program location Distance and online learning Continue your education This microcredential program can be stacked with the Distribution Design for Electrical Utilities Microcredential (TBA) for an Advanced Certificate in ECET (Power Option). Students must already have the ECET Diploma (Electrical Power and Industrial Control Option) to qualify. Go back Courses Next up Graduating & Jobs"",""duration_years"":null,""intake_months"":[],""international_eligibility"":""Refer to official program page"",""last_checked"":""2026-09-08"",""program_id"":""0865CM"",""source_url"":""https://www.bcit.ca/programs/introduction-to-power-systems-protection-design-microcredential-part-time-0865cm/"",""terms_per_year"":null,""total_credits"":""4.5""},""international_conditions"":[],""international_rule_sets"":[],""legacy_accepts_international_students"":null}",UNKNOWN_NOT_PUBLISHED,SKIP,[],[],"[""Unknown: no database actions; list absence/missing flags never imply rejection.""]",[]
0869CM,Occupational Health and Safety Essentials,"{""delivery_facts"":{""authoritative_raw"":""Program length This program can be completed in one term (12 weeks). Grading The passing grade for each course is 60%. Courses are graded based on assignments and exams. Program delivery Online: This program is delivered fully online. Program location Distance and online learning Continue your education These courses can be used towards the Associate Certificate in Foundations in Occupational Health and Safety . Go back Courses Next up Faculty, Advisors & Staff"",""duration_years"":null,""intake_months"":[],""international_eligibility"":""Refer to official program page"",""last_checked"":""2026-09-08"",""program_id"":""0869CM"",""source_url"":""https://www.bcit.ca/programs/occupational-health-and-safety-essentials-microcredential-part-time-0869cm/"",""terms_per_year"":null,""total_credits"":""8.0""},""international_conditions"":[],""international_rule_sets"":[],""legacy_accepts_international_students"":null}",UNKNOWN_NOT_PUBLISHED,SKIP,[],[],"[""Unknown: no database actions; list absence/missing flags never imply rejection.""]",[]
0874CM,"Fundamentals in Architecture, Construction, and Engineering","{""delivery_facts"":{""authoritative_raw"":""Program delivery In person: This program is delivered on campus. Program location Burnaby Campus 3700 Willingdon Avenue Burnaby, BC Okanagan College Kelowna Campus 1000 KLO Road Kelowna, BC Continue your education The three courses in this program comprise the first segment of the Certificate in Essential Technical Skills for Architecture, Construction, and Engineering . Please contact Ann Martineau for more information. Go back Courses Next up Faculty, Advisors & Staff"",""duration_years"":null,""intake_months"":[],""international_eligibility"":""Refer to official program page"",""last_checked"":""2026-09-08"",""program_id"":""0874CM"",""source_url"":""https://www.bcit.ca/programs/fundamentals-in-architecture-construction-and-engineering-microcredential-part-time-0874cm/"",""terms_per_year"":null,""total_credits"":""9.0""},""international_conditions"":[],""international_rule_sets"":[],""legacy_accepts_international_students"":null}",UNKNOWN_NOT_PUBLISHED,SKIP,[],[],"[""Unknown: no database actions; list absence/missing flags never imply rejection.""]",[]
0875CM,Applied Additive Manufacturing,"{""delivery_facts"":{""authoritative_raw"":""Program length The courses can be completed in one or two years. Grading Achievement of the competencies in this microcredential will be assessed through a competency-based, project-driven approach that validates both theoretical understanding and hands-on skill application. The passing grade for each course is 70%. Program delivery In person: This program is delivered on campus. Program location Burnaby Campus 3700 Willingdon Avenue Burnaby, BC Go back Courses Next up Graduating & Jobs"",""duration_years"":null,""intake_months"":[],""international_eligibility"":""Refer to official program page"",""last_checked"":""2026-09-08"",""program_id"":""0875CM"",""source_url"":""https://www.bcit.ca/programs/applied-additive-manufacturing-microcredential-part-time-0875cm/"",""terms_per_year"":null,""total_credits"":""9.0""},""international_conditions"":[],""international_rule_sets"":[],""legacy_accepts_international_students"":null}",UNKNOWN_NOT_PUBLISHED,SKIP,[],[],"[""Unknown: no database actions; list absence/missing flags never imply rejection.""]",[]
1180ACERT,Trades Discovery General,"{""delivery_facts"":{""authoritative_raw"":""Program length 16 weeks, full-time Grading Student learning is evaluated throughout the program. Passing grade for each course is 70% or S; depending on the grade mode of the individual course. Program delivery Blended: This program is delivered partly on campus and partly online. Program location Burnaby Campus 3700 Willingdon Avenue Burnaby, BC Distance and online learning Some sessions will take place at BCIT Satellite Campuses located in the Lower Mainland. Go back Courses Next up Contact Us"",""duration_years"":null,""intake_months"":[],""international_eligibility"":""Refer to official program page"",""last_checked"":""2026-09-08"",""program_id"":""1180ACERT"",""source_url"":""https://www.bcit.ca/programs/trades-discovery-general-associate-certificate-full-time-1180acert/"",""terms_per_year"":null,""total_credits"":""21.5""},""international_conditions"":[],""international_rule_sets"":[],""legacy_accepts_international_students"":null}",UNKNOWN_NOT_PUBLISHED,SKIP,[],[],"[""Unknown: no database actions; list absence/missing flags never imply rejection.""]",[]
1190ACERT,Trades Discovery for Women,"{""delivery_facts"":{""authoritative_raw"":""Program length 16 weeks, full-time Grading Student learning is evaluated throughout the program. Passing grade for each course is 70% or S; depending on the grade mode of the individual course. Program delivery Blended: This program is delivered partly on campus and partly online. Program location Burnaby Campus 3700 Willingdon Avenue Burnaby, BC Note: Some sessions will take place at BCIT Satellite Campuses located in the Lower Mainland. Go back Courses Next up Contact Us"",""duration_years"":null,""intake_months"":[],""international_eligibility"":""Refer to official program page"",""last_checked"":""2026-09-08"",""program_id"":""1190ACERT"",""source_url"":""https://www.bcit.ca/programs/trades-discovery-for-women-associate-certificate-full-time-1190acert/"",""terms_per_year"":null,""total_credits"":""21.5""},""international_conditions"":[],""international_rule_sets"":[],""legacy_accepts_international_students"":null}",UNKNOWN_NOT_PUBLISHED,SKIP,[],[],"[""Unknown: no database actions; list absence/missing flags never imply rejection.""]",[]
1195IPCERT,Advanced Gas Turbine,"{""delivery_facts"":{""authoritative_raw"":""Program length 8 weeks Grading Minimum course passing grade is 70%. Program delivery In person: This program is delivered on campus. Program location Aerospace Technology Campus 3800 Cessna Drive Richmond, BC MTU Maintenance Canada Ltd. Boundary Bay Airport Delta, BC Go back Courses Next up Faculty, Advisors & Staff"",""duration_years"":null,""intake_months"":[],""international_eligibility"":""Refer to official program page"",""last_checked"":""2026-09-08"",""program_id"":""1195IPCERT"",""source_url"":""https://www.bcit.ca/programs/advanced-gas-turbine-bcit-industry-partnership-certificate-full-time-1195ipcert/"",""terms_per_year"":null,""total_credits"":""19.5""},""international_conditions"":[],""international_rule_sets"":[],""legacy_accepts_international_students"":null}",UNKNOWN_NOT_PUBLISHED,SKIP,[],[],"[""Unknown: no database actions; list absence/missing flags never imply rejection.""]",[]
1255CERT,Auto Body Repair and Refinishing Technician Foundation,"{""delivery_facts"":{""authoritative_raw"":""Program length 40 weeks, full-time Grading The passing grade in each course is 70%. All courses must be passed to successfully complete the program. Program delivery Blended: This program is delivered partly on campus and partly online. Program location Burnaby Campus 3700 Willingdon Avenue Burnaby, BC SkilledTradesBC BCIT transfers the student's name, contact information, Personal Education Number (PEN), and the name and date of the completed Foundation program to SkilledTradesBC. This information is used for the purposes of tracking successful completions in order to grant credit towards apprenticeship where applicable, and communicating with trainees to promote continuation in an apprenticeship program. Go back Courses Next up Graduating & Jobs"",""duration_years"":null,""intake_months"":[],""international_eligibility"":""Refer to official program page"",""last_checked"":""2026-09-08"",""program_id"":""1255CERT"",""source_url"":""https://www.bcit.ca/programs/auto-body-repair-and-refinishing-technician-foundation-certificate-full-time-1255cert/"",""terms_per_year"":null,""total_credits"":""76.5""},""international_conditions"":[],""international_rule_sets"":[],""legacy_accepts_international_students"":null}",UNKNOWN_NOT_PUBLISHED,SKIP,[],[],"[""Unknown: no database actions; list absence/missing flags never imply rejection.""]",[]
1355TTCERT,Automotive Technician Foundation,"{""delivery_facts"":{""authoritative_raw"":""Program length 30 weeks, full-time Grading All of the following conditions must be achieved in order to successfully complete the program: Minimum passing grade of 70% is required in each course All courses must be passed Program delivery Blended: This program is delivered partly on campus and partly online. Program location Burnaby Campus 3700 Willingdon Avenue Burnaby, BC SkilledTradesBC BCIT transfers the student's name, contact information, Personal Education Number (PEN), and the name and date of the completed Foundation program to SkilledTradesBC. This information is used for the purposes of tracking successful completions in order to grant credit towards Automotive Service Technician apprenticeship where applicable, and communicating with trainees to promote continuation in an apprenticeship program. Go back Courses Next up Graduating & Jobs"",""duration_years"":null,""intake_months"":[],""international_eligibility"":""Refer to official program page"",""last_checked"":""2026-09-08"",""program_id"":""1355TTCERT"",""source_url"":""https://www.bcit.ca/programs/automotive-technician-foundation-certificate-full-time-1355ttcert/"",""terms_per_year"":null,""total_credits"":""60.0""},""international_conditions"":[],""international_rule_sets"":[],""legacy_accepts_international_students"":null}",UNKNOWN_NOT_PUBLISHED,SKIP,[],[],"[""Unknown: no database actions; list absence/missing flags never imply rejection.""]",[]
1360CERT,Automotive Technician (Honda/Acura Foundation),"{""delivery_facts"":{""authoritative_raw"":""Program length 32 weeks, full-time Grading All of the following conditions must be achieved in order to successfully complete the program: Minimum passing grade of 70% is required for each course. Must maintain a minimum of 90% attendance for each course to be eligible for the course final exam. Program delivery Blended: This program is delivered partly on campus and partly online. Program location Burnaby Campus 3700 Willingdon Avenue Burnaby, BC SkilledTradesBC BCIT transfers the student's name, contact information, Personal Education Number (PEN), and the name and date of the completed Foundation program to SkilledTradesBC. This information is used for the purposes of tracking successful completions in order to grant credit towards Automotive Service Technician apprenticeship where applicable, and communicating with trainees to promote continuation in an apprenticeship program. Go back Courses Next up Graduating & Jobs"",""duration_years"":null,""intake_months"":[],""international_eligibility"":""Refer to official program page"",""last_checked"":""2026-09-08"",""program_id"":""1360CERT"",""source_url"":""https://www.bcit.ca/programs/automotive-technician-honda-acura-foundation-certificate-full-time-1360cert/"",""terms_per_year"":null,""total_credits"":""62.0""},""international_conditions"":[],""international_rule_sets"":[],""legacy_accepts_international_students"":null}",UNKNOWN_NOT_PUBLISHED,SKIP,[],[],"[""Unknown: no database actions; list absence/missing flags never imply rejection.""]",[]
1375TTCERT,Automotive Technician (Toyota Foundation),"{""delivery_facts"":{""authoritative_raw"":""Program length 32 weeks, full-time Grading All of the following conditions must be achieved in order to successfully complete the program: Minimum passing grade of 70% is required in each course All courses must be passed Program delivery Blended: This program is delivered partly on campus and partly online. Program location Burnaby Campus 3700 Willingdon Avenue Burnaby, BC SkilledTradesBC BCIT transfers the student's name, contact information, Personal Education Number (PEN), and the name and date of the completed Foundation program to SkilledTradesBC. This information is used for the purposes of tracking successful completions in order to grant credit towards Automotive Service Technician apprenticeship where applicable, and communicating with trainees to promote continuation in an apprenticeship program. Go back Courses Next up Graduating & Jobs"",""duration_years"":null,""intake_months"":[],""international_eligibility"":""Refer to official program page"",""last_checked"":""2026-09-08"",""program_id"":""1375TTCERT"",""source_url"":""https://www.bcit.ca/programs/automotive-technician-toyota-foundation-certificate-full-time-1375ttcert/"",""terms_per_year"":null,""total_credits"":""62.0""},""international_conditions"":[],""international_rule_sets"":[],""legacy_accepts_international_students"":null}",UNKNOWN_NOT_PUBLISHED,SKIP,[],[],"[""Unknown: no database actions; list absence/missing flags never imply rejection.""]",[]
143ADIPMA,Automotive Service Technician and Operations (Ford ASSET Option),"{""delivery_facts"":{""authoritative_raw"":""Program length Two years (93 weeks), full-time Term 1: 13 weeks in school, 22 weeks co-op Term 2: 12 weeks in school Term 3: 12 weeks in school, 22 weeks optional co-op Term 4: 12 weeks in school Grading All courses must be passed in order to complete the program. The minimum passing grade for each course is indicated on the course outline. Program delivery In person: This program is delivered on campus. Program location Burnaby Campus 3700 Willingdon Avenue Burnaby, BC SkilledTradesBC BCIT transfers the student's name, contact information, Personal Education Number (PEN), and the name and date of the completed Foundation program to SkilledTradesBC. This information is used for the purposes of tracking successful completions in order to grant credit towards apprenticeship where applicable, and communicating with trainees to promote continuation in an apprenticeship program. Co-operative education This is a cooperative education program that combines academic terms with paid cooperative work terms. Cooperative education is not an option but an integral part of this program, subject to the same performance criteria as the program itself. While co-op coordinators assist with job placements for students, it must be recognized that during certain periods of the business cycle, job placements may be difficult to find. It is then the responsibility of the student to work with the coordinator (and on his/her own) to find a meaningful work experience. The complete cooperative education policy including student, Institute and employer responsibilities is available through the Centre for Workplace Education (Co-op) office and the Registrar's Office. For more information, please visit the Centre for Workplace Education (Co-op) , located in Building NW5 at the Burnaby campus. Co-op coordinator: 604-432-8291 General Inquiries: 604-432-8634 Go back Courses Next up Graduating & Jobs"",""duration_years"":null,""intake_months"":[],""international_eligibility"":""Refer to official program page"",""last_checked"":""2026-09-08"",""program_id"":""143ADIPMA"",""source_url"":""https://www.bcit.ca/programs/automotive-service-technician-and-operations-ford-asset-option-diploma-full-time-143adipma/"",""terms_per_year"":null,""total_credits"":""141.5""},""international_conditions"":[],""international_rule_sets"":[],""legacy_accepts_international_students"":null}",UNKNOWN_NOT_PUBLISHED,SKIP,[],[],"[""Unknown: no database actions; list absence/missing flags never imply rejection.""]",[]
1450TTCERT,Boilermaker Foundation,"{""delivery_facts"":{""authoritative_raw"":""Program length 23 weeks, full-time Grading An overall minimum of 70% grade point average for the program, a minimum passing grade of 70% in BMKR 1100 - Safe/Acceptable Work Practices , and a minimum passing grade of 50% in all other courses are required to successfully complete the program. Program delivery In person: This program is delivered on campus. Program location Burnaby Campus 3700 Willingdon Avenue Burnaby, BC SkilledTradesBC BCIT transfers the student's name, contact information, Personal Education Number (PEN), and the name and date of the completed Foundation program to SkilledTradesBC. This information is used for the purposes of tracking successful completions in order to grant credit towards apprenticeship where applicable, and communicating with trainees to promote continuation in an apprenticeship program. Go back Courses Next up Graduating & Jobs"",""duration_years"":null,""intake_months"":[],""international_eligibility"":""Refer to official program page"",""last_checked"":""2026-09-08"",""program_id"":""1450TTCERT"",""source_url"":""https://www.bcit.ca/programs/boilermaker-foundation-certificate-full-time-1450ttcert/"",""terms_per_year"":null,""total_credits"":""46.0""},""international_conditions"":[],""international_rule_sets"":[],""legacy_accepts_international_students"":null}",UNKNOWN_NOT_PUBLISHED,SKIP,[],[],"[""Unknown: no database actions; list absence/missing flags never imply rejection.""]",[]
1525TTDIPL,CNC Machinist Technician,"{""delivery_facts"":{""authoritative_raw"":""CNC machinist technician machinists manufacture components, parts and design tools and fixtures from a variety of metals and other engineered materials using traditional and state of the art machines. Photo courtesy of Haas Automation Inc. During program study, theory covered includes: Metallurgy precision measuring tools and instruments Interpretation of engineered drawings Hand tools and power tools Machine operation including lathes, milling machines, and grinders Computer numerical control (CNC) machines Computer aided design (CAD) Computer aided manufacturing (CAM) Co-ordinate measuring machine (CMM) Program length 99 weeks, full-time Level 1 - 33 weeks (Manual Machining) Level 2 - 33 weeks (Co-op Work Term) Level 3 - 33 weeks (CNC Machinist Specialization) Grading Course passing grade is 70% for each component within a course with a minimum passing grade of 70% for each course. In order to successfully complete the program each level requires a minimum grade point average (GPA) of 70%. There is no minimum pass mark required for the Apprenticeship exams. Program delivery In person: This program is delivered on campus. Program location Burnaby Campus 3700 Willingdon Avenue Burnaby, BC SkilledTradesBC BCIT transfers the student's name, contact information, Personal Education Number (PEN), and the name and date of the completed Foundation program to SkilledTradesBC. This information is used for the purposes of tracking successful completions in order to grant credit towards apprenticeship where applicable, and communicating with trainees to promote continuation in an apprenticeship program. Co-operative education A cooperative education (co-op) program formally integrates students' academic studies with relevant, paid work experience. Co-op coordinators assist students in finding meaningful work placements and monitor the student's progress on the job. During periods of the business cycle, work experience placements may be difficult to obtain. Ultimately, it is the student's responsibility to secure a work experience placement. For more information, please visit BCIT's Centre for Workplace Education (Co-op) located in Building NW5, Room 101 at the Burnaby campus. Marion Gasbarro Co-op Coordinator Tel: 778-928-2458 Email: marion_gasbarro@bcit.ca Go back Courses Next up Graduating & Jobs"",""duration_years"":null,""intake_months"":[],""international_eligibility"":""Refer to official program page"",""last_checked"":""2026-09-08"",""program_id"":""1525TTDIPL"",""source_url"":""https://www.bcit.ca/programs/cnc-machinist-technician-diploma-full-time-1525ttdipl/"",""terms_per_year"":null,""total_credits"":""165.0""},""international_conditions"":[],""international_rule_sets"":[],""legacy_accepts_international_students"":null}",UNKNOWN_NOT_PUBLISHED,SKIP,[],[],"[""Unknown: no database actions; list absence/missing flags never imply rejection.""]",[]
1685ACERT,Railway Conductor and Operations,"{""delivery_facts"":{""authoritative_raw"":""BCIT | Railway Conductor and Operations Taking all three recommended courses (Rail 1001, Rail 1010, and Rail 1020) will provide you with the training requirements, proficiency assessments, and qualifications required to work in the role of a railway conductor at a class 1 railway, or in railway operations. Program length 14 weeks, including a one-week reading break between each course. Grading Each course must be successfully completed prior to taking the subsequent course. Accreditation Railway Association of Canada (pending). Program delivery In person: This program is delivered on campus. Program location Annacis Island Campus 1608 Cliveden Avenue Delta, BC V3M 6M2 Some course content may be delivered in a blended format with the theory delivered or learning modules completed online. Go back Courses Next up Graduating & Jobs"",""duration_years"":null,""intake_months"":[],""international_eligibility"":""Refer to official program page"",""last_checked"":""2026-09-08"",""program_id"":""1685ACERT"",""source_url"":""https://www.bcit.ca/programs/railway-conductor-and-operations-associate-certificate-part-time-1685acert/"",""terms_per_year"":null,""total_credits"":""24.0""},""international_conditions"":[],""international_rule_sets"":[],""legacy_accepts_international_students"":null}",UNKNOWN_NOT_PUBLISHED,SKIP,[],[],"[""Unknown: no database actions; list absence/missing flags never imply rejection.""]",[]
1780CERT,Electrical Foundation,"{""delivery_facts"":{""authoritative_raw"":""Program length 24 weeks, full-time Program delivery In person: This program is delivered on campus. Program location Burnaby Campus 3700 Willingdon Avenue Burnaby, BC DW Poppy Secondary School 23752 - 52 Avenue Langley, BC Princess Margaret Senior Secondary School 128th Street and 72nd Avenue Surrey, BC Applicants must specify location preference when applying. SkilledTradesBC BCIT transfers the student's name, contact information, Personal Education Number (PEN), and the name and date of the completed Foundation program to SkilledTradesBC. This information is used for the purposes of tracking successful completions in order to grant credit towards apprenticeship where applicable, and communicating with trainees to promote continuation in an apprenticeship program. Go back Courses Next up Graduating & Jobs"",""duration_years"":null,""intake_months"":[],""international_eligibility"":""Refer to official program page"",""last_checked"":""2026-09-08"",""program_id"":""1780CERT"",""source_url"":""https://www.bcit.ca/programs/electrical-foundation-certificate-full-time-1780cert/"",""terms_per_year"":null,""total_credits"":""48.0""},""international_conditions"":[],""international_rule_sets"":[],""legacy_accepts_international_students"":null}",UNKNOWN_NOT_PUBLISHED,SKIP,[],[],"[""Unknown: no database actions; list absence/missing flags never imply rejection.""]",[]
1885ACERTS,Network Administrator Technician,"{""delivery_facts"":{""authoritative_raw"":""Program delivery In person: This program is delivered on campus. Program location Burnaby Campus 3700 Willingdon Avenue Burnaby, BC Go back Courses Next up Graduating & Jobs"",""duration_years"":null,""intake_months"":[],""international_eligibility"":""Refer to official program page"",""last_checked"":""2026-09-08"",""program_id"":""1885ACERTS"",""source_url"":""https://www.bcit.ca/programs/network-administrator-technician-associate-certificate-part-time-1885acerts/"",""terms_per_year"":null,""total_credits"":""24.0""},""international_conditions"":[],""international_rule_sets"":[],""legacy_accepts_international_students"":null}",UNKNOWN_NOT_PUBLISHED,SKIP,[],[],"[""Unknown: no database actions; list absence/missing flags never imply rejection.""]",[]
1920CERT,Marine Mechanical Technician Foundation,"{""delivery_facts"":{""authoritative_raw"":""Program length 26 weeks Grading A minimum course passing grade is 70%, in alignment with ITA requirement for the Certificate of Qualification examination. Program delivery In person: This program is delivered on campus. Program location Annacis Island Campus 1608 Cliveden Avenue Delta, British Columbia V3M 6M2 SkilledTradesBC BCIT transfers the student's name, contact information, Personal Education Number (PEN), and the name and date of the completed Foundation program to SkilledTradesBC. This information is used for the purposes of tracking successful completions in order to grant credit towards apprenticeship where applicable, and communicating with trainees to promote continuation in an apprenticeship program. Go back Courses Next up Graduating & Jobs"",""duration_years"":null,""intake_months"":[],""international_eligibility"":""Refer to official program page"",""last_checked"":""2026-09-08"",""program_id"":""1920CERT"",""source_url"":""https://www.bcit.ca/programs/marine-mechanical-technician-foundation-certificate-full-time-1920cert/"",""terms_per_year"":null,""total_credits"":""52.0""},""international_conditions"":[],""international_rule_sets"":[],""legacy_accepts_international_students"":null}",UNKNOWN_NOT_PUBLISHED,SKIP,[],[],"[""Unknown: no database actions; list absence/missing flags never imply rejection.""]",[]
2000TTCERT,Ironworker Foundation,"{""delivery_facts"":{""authoritative_raw"":""Program length 23 weeks, full-time Grading An overall minimum of 70% grade point average for the program, a minimum passing grade of 70% in IWKR 1200 - Apply Safe Work Practices , and a minimum passing grade of 50% in all other courses are required to successfully complete the program. Program delivery In person: This program is delivered on campus. Program location Burnaby Campus 3700 Willingdon Avenue Burnaby, BC SkilledTradesBC BCIT transfers the student's name, contact information, Personal Education Number (PEN), and the name and date of the completed Foundation program to SkilledTradesBC. This information is used for the purposes of tracking successful completions in order to grant credit towards apprenticeship where applicable, and communicating with trainees to promote continuation in an apprenticeship program. Go back Courses Next up Graduating & Jobs"",""duration_years"":null,""intake_months"":[],""international_eligibility"":""Refer to official program page"",""last_checked"":""2026-09-08"",""program_id"":""2000TTCERT"",""source_url"":""https://www.bcit.ca/programs/ironworker-foundation-certificate-full-time-2000ttcert/"",""terms_per_year"":null,""total_credits"":""46.0""},""international_conditions"":[],""international_rule_sets"":[],""legacy_accepts_international_students"":null}",UNKNOWN_NOT_PUBLISHED,SKIP,[],[],"[""Unknown: no database actions; list absence/missing flags never imply rejection.""]",[]
2020CERTTS,Chief Mate,"{""delivery_facts"":{""authoritative_raw"":""Program length There are 10 courses that make up the 40-week program. These courses are offered on a course-by-course basis and are not offered as a full-time program. Program delivery In person: This program is delivered on campus. These modular based courses are available on a course-by-course basis and are not offered as a full-time program. Courses are offered in a daytime delivery format. Course availability varies and courses may be offered in one or more of the three terms: Fall (September - December), Winter (January - March), and Spring/Summer (April - August). Check available Flexible Learning (Part-time Studies) courses Continue your education A Chief Mate certification from Transport Canada requires the following additional courses: Standards Training, Certification and Watchkeeping (STCW) Basic Safety (BST) Proficiency in Survival Craft (PSC) Marine Advanced First Aid (MAFA) Advanced Fire Fighting (AFF) Global Maritime Distress Safety System Restricted Operator Certification Maritime Commercial (ROC MC) Basic Safety, Proficiency in Survival Craft and the Marine Advanced First Aid courses must be completed prior to registering in the Advanced Fire Fighting course. For more information about specific progressive occupational licensing, please contact the Chief Instructor . For information regarding training requirements for marine certification, please contact Transport Canada at 604-666-0834 (Vancouver Ship Safety Branch). Sea service requirements According to the Marine Personnel Regulations SOR/2007-115, sea service requirements are not a prerequisite for being accepted into the program. However, sea service will be required for the General Seamanship oral examination with Transport Canada. For sea service details, please refer to Section 134 of the Marine Personnel Regulations, inquire at your nearest Transport Canada Marine Safety office, or visit the Transport Canada website . Go back Courses Next up Graduating & Jobs"",""duration_years"":null,""intake_months"":[],""international_eligibility"":""Refer to official program page"",""last_checked"":""2026-09-08"",""program_id"":""2020CERTTS"",""source_url"":""https://www.bcit.ca/programs/chief-mate-certificate-part-time-2020certts/"",""terms_per_year"":null,""total_credits"":""80.0""},""international_conditions"":[],""international_rule_sets"":[],""legacy_accepts_international_students"":null}",UNKNOWN_NOT_PUBLISHED,SKIP,[],[],"[""Unknown: no database actions; list absence/missing flags never imply rejection.""]",[]
2230CERT,Millwright Foundation,"{""delivery_facts"":{""authoritative_raw"":""Program length 24 weeks, full-time Grading The minimum course passing grade is 70 percent. Program delivery In person: This program is delivered on campus. Program location Burnaby Campus 3700 Willingdon Avenue Burnaby, BC SkilledTradesBC BCIT transfers the student's name, contact information, Personal Education Number (PEN), and the name and date of the completed Foundation program to SkilledTradesBC. This information is used for the purposes of tracking successful completions in order to grant credit towards apprenticeship where applicable, and communicating with trainees to promote continuation in an apprenticeship program. Go back Courses Next up Graduating & Jobs"",""duration_years"":null,""intake_months"":[],""international_eligibility"":""Refer to official program page"",""last_checked"":""2026-09-08"",""program_id"":""2230CERT"",""source_url"":""https://www.bcit.ca/programs/millwright-foundation-certificate-full-time-2230cert/"",""terms_per_year"":null,""total_credits"":""48.0""},""international_conditions"":[],""international_rule_sets"":[],""legacy_accepts_international_students"":null}",UNKNOWN_NOT_PUBLISHED,SKIP,[],[],"[""Unknown: no database actions; list absence/missing flags never imply rejection.""]",[]
2365CERT,Motorcycle Technician Foundation,"{""delivery_facts"":{""authoritative_raw"":""Program length 20 weeks, full-time Grading The passing grade in each course is 70%. Grades are calculated upon completion of theory assessments and practical shop exercises. All courses must be passed in order to successfully complete the program. Accreditation This harmonized foundation program meets all technical training requirements for level 1 apprenticeship outcomes for Motorcycle Technician in BC. Program delivery Blended: This program is delivered partly on campus and partly online. Typical delivery includes classroom lecture, followed by shop practical exercises. Program location Burnaby Campus 3700 Willingdon Avenue Burnaby, BC Distance and online learning SkilledTradesBC BCIT transfers the student's name, contact information, Personal Education Number (PEN), and the name and date of the completed Foundation program to SkilledTradesBC. This information is used for the purposes of tracking successful completions in order to grant credit towards apprenticeship where applicable, and communicating with trainees to promote continuation in an apprenticeship program. Go back Courses Next up Graduating & Jobs"",""duration_years"":null,""intake_months"":[],""international_eligibility"":""Refer to official program page"",""last_checked"":""2026-09-08"",""program_id"":""2365CERT"",""source_url"":""https://www.bcit.ca/programs/motorcycle-technician-foundation-certificate-full-time-2365cert/"",""terms_per_year"":null,""total_credits"":""39.5""},""international_conditions"":[],""international_rule_sets"":[],""legacy_accepts_international_students"":null}",UNKNOWN_NOT_PUBLISHED,SKIP,[],[],"[""Unknown: no database actions; list absence/missing flags never imply rejection.""]",[]
2505ACERTS,Master 150GT Domestic,"{""delivery_facts"":{""authoritative_raw"":""Program length There are seven courses that make up the 23-week program. These courses are offered on a course-by-course basis and are not offered as a full-time program. Program delivery These modular based courses are available on a course-by-course basis and are not offered as a full-time program. Courses are offered in a daytime delivery format. Course availability varies and courses may be offered in one or more of the three terms: Fall (September - December), Winter (January - March), and Spring/Summer (April - August). Check available Part-time Studies courses Program location Marine Campus 65 West Esplanade North Vancouver, BC Continue your education A Master 150 GT Domestic certification from Transport Canada requires the following additional courses: Standards Training, Certification and Watchkeeping (STCW) Basic Safety (BST) Proficiency in Survival Craft (SC) Marine Advanced First Aid (MAFA) Advanced Fire Fighting (AFF) Global Maritime Distress Safety System Restricted Operator Certification Maritime Commercial (ROC MC) Note: Basic Safety, Proficiency in Survival Craft and the Marine Advanced First Aid courses must be completed prior to registering in the Advanced Fire Fighting course. For more information about specific progressive occupational licensing, please contact the department head, Agnelo Pereira . Sea service requirements According to the Marine Personnel Regulations SOR/2007-115, sea service requirements are not a prerequisite for being accepted in the program. However, sea service will be required for the General Seamanship oral examination with Transport Canada. For sea service details please refer to section 129 of the Marine Personnel Regulations, inquire at your nearest Transport Canada Marine Safety office, or visit Transport Canada - Marine Transportation . Go back Courses Next up Graduating & Jobs"",""duration_years"":null,""intake_months"":[],""international_eligibility"":""Refer to official program page"",""last_checked"":""2026-09-08"",""program_id"":""2505ACERTS"",""source_url"":""https://www.bcit.ca/programs/master-150gt-domestic-associate-certificate-part-time-2505acerts/"",""terms_per_year"":null,""total_credits"":""46.0""},""international_conditions"":[],""international_rule_sets"":[],""legacy_accepts_international_students"":null}",UNKNOWN_NOT_PUBLISHED,SKIP,[],[],"[""Unknown: no database actions; list absence/missing flags never imply rejection.""]",[]
2515ACERTS,Master 500GT Domestic,"{""delivery_facts"":{""authoritative_raw"":""Program length There are 8 courses that make up the 24-week program. These courses are offered on a course-by-course basis and are not offered as a full-time program. Program delivery In person: This program is delivered on campus. These modular based courses are available on a course-by-course basis and are not offered as a full-time program. Courses are offered in a daytime delivery format. Course availability varies and courses may be offered in one or more of the three terms: Fall (September - December), Winter (January - March), and Spring/Summer (April - August). Check available Flexible Learning (Part-time Studies) courses Program location Marine Campus 65 West Esplanade North Vancouver, BC Continue your education A Master 500 GT Domestic certification from Transport Canada requires the following additional courses: Standards Training, Certification and Watchkeeping (STCW) Basic Safety (BST) Proficiency in Survival Craft (PSC) Marine Advanced First Aid (MAFA) Advanced Fire Fighting (AFF) Global Maritime Distress Safety System Restricted Operator Certification Maritime Commercial (ROC MC) Basic Safety, Proficiency in Survival Craft and the Marine Advanced First Aid courses must be completed prior to registering in the Advanced Fire Fighting course. For more information about specific progressive occupational licensing, please contact the Chief Instructor . Sea service requirements According to the Marine Personnel Regulations SOR/2007-115, sea service requirements are not a prerequisite for being accepted into this program. However, sea service will be required for the General Seamanship oral examination with Transport Canada. For sea service details, please refer to section 128 of the Marine Personnel Regulations, inquire at your nearest Transport Canada Marine Safety office, or visit Transport Canada - Marine Transportation . Go back Courses Next up Graduating & Jobs"",""duration_years"":null,""intake_months"":[],""international_eligibility"":""Refer to official program page"",""last_checked"":""2026-09-08"",""program_id"":""2515ACERTS"",""source_url"":""https://www.bcit.ca/programs/master-500gt-domestic-associate-certificate-part-time-2515acerts/"",""terms_per_year"":null,""total_credits"":""48.0""},""international_conditions"":[],""international_rule_sets"":[],""legacy_accepts_international_students"":null}",UNKNOWN_NOT_PUBLISHED,SKIP,[],[],"[""Unknown: no database actions; list absence/missing flags never imply rejection.""]",[]
2522CERTTS,Master 3000GT Domestic,"{""delivery_facts"":{""authoritative_raw"":""Program length There are 10 courses that make up the 34 week program. These courses are offered on a course by course basis and are not offered as a full-time program. Program delivery In person: This program is delivered on campus. These modular based courses are available on a course-by-course basis and are not offered as a full-time program. Courses are offered in a daytime delivery format. Course availability varies and courses may be offered in one or more of the three terms: Fall (September - December), Winter (January - March), and Spring/Summer (April - August). Check available Flexible Learning (Part-time Studies) courses Program location Marine Campus 65 West Esplanade North Vancouver, BC Continue your education A Master 3000 GT Domestic certification from Transport Canada requires the following additional courses: Standards Training, Certification and Watchkeeping (STCW) Basic Safety (BST) Proficiency in Survival Craft (PSC) Marine Advanced First Aid (MAFA) Advanced Fire Fighting (AFF) Global Maritime Distress Safety System Restricted Operator Certification Maritime Commercial (ROC MC) Basic Safety, Proficiency in Survival Craft ,and the Marine Advanced First Aid courses must be completed prior to registering in the Advanced Fire Fighting course. For more information about specific progressive occupational licensing, please contact the Chief Instructor . Sea service requirements According to the Marine Personnel Regulations SOR/2007-115, sea service requirements are not a prerequisite for being accepted in the program. However, sea service will be required for the General Seamanship oral examination with Transport Canada. For sea service details please refer to section 127 of the Marine Personnel Regulations, inquire at your nearest Transport Canada Marine Safety office, or visit Transport Canada - Marine Transportation . Go back Courses Next up Graduating & Jobs"",""duration_years"":null,""intake_months"":[],""international_eligibility"":""Refer to official program page"",""last_checked"":""2026-09-08"",""program_id"":""2522CERTTS"",""source_url"":""https://www.bcit.ca/programs/master-3000gt-domestic-certificate-part-time-2522certts/"",""terms_per_year"":null,""total_credits"":""67.0""},""international_conditions"":[],""international_rule_sets"":[],""legacy_accepts_international_students"":null}",UNKNOWN_NOT_PUBLISHED,SKIP,[],[],"[""Unknown: no database actions; list absence/missing flags never imply rejection.""]",[]
2536DIPMA,Nautical Sciences,"{""delivery_facts"":{""authoritative_raw"":""Program length Three years, full-time. Program delivery In person: This program is delivered on campus. Program location Marine Campus 265 West Esplanade North Vancouver, BC The majority of classes take place at the BCIT Marine Campus. However, some courses may be taken offsite at locations such as the Justice Institute Fire and Safety Training Centre in Maple Ridge, BC and Primary Response in North Vancouver, BC. Program structure This three-year diploma program consists of three terms of classroom instruction interspersed with two Co-op terms: School Co-op Terms School Co-op Terms First Year Term 1 (Feb-Sep) Term 2 (Sep-Apr) Term 1 (Sep-Mar) Term 2 (Mar-Oct) Second Year Term 3 (Apr-Sep) Term 4 (Sep-Jun) Term 3 (Oct-May) Term 4 (May-Jan) Third Year Term 5 (Jun-Dec) Term 5 (Feb-Aug) A Transport Canada Training Certificate will be issued to students who successfully complete the program, subject to 12 months of TCMSS approved sea time being completed. This certificate is required to book for an oral examination on General Seamanship at Transport Canada. If successful in passing this examination, the student will obtain a Watchkeeping Mate Certificate of Competency from TCMSS. A BCIT Diploma, upon application, will be issued to students successfully completing the program. A diploma may provide credits towards a bachelor's degree. Learn more about Transport Canada exemptions in the Nautical Sciences Program. Additional program requirements Students must successfully complete all courses in the program within 7 years from the start of the program. PER TP section 1.27 (1)(g), students must have sea service completed onboard one or more vessels of at least 150 gross tonnage while the vessels are engaged on voyages beyond sheltered waters. All students need to complete Transport Canada’s Fatigue Management at Sea (FMT) training prior to the MEDI courses. Please email a copy of your completed training certificate to your Program Assistant/Program Coordinator and Department Head prior to the MEDI course start date. Be prepared to present a physical copy of your FMT certificate on the 1st day of the course at the BCIT Marine Campus (BMC) or Justice Institute of BC (JIBC). In order to complete the firefighting portion of MEDI 1510 – STCW Basic Safety Training and MEDI 2510 – Advanced Fire Fighting, participants must be clean-shaven where the self-contained breathing apparatus (SCBA) or any tight-fitting respirator seals with the face, as per WorkSafe BC Occupational Health and Safety Regulation Part 31: Firefighting . Students must follow the rules and regulations provided by BCIT and the Justice Institute of BC for the donning of personal protective equipment. TCMSS examination fees, where applicable, are not part of the program course fees. They are payable to TCMSS directly and are due two weeks in advance of the examination. Standard BCIT policies concerning examination re-writes apply to this program. Go back Courses Next up Graduating & Jobs"",""duration_years"":null,""intake_months"":[],""international_eligibility"":""Refer to official program page"",""last_checked"":""2026-09-08"",""program_id"":""2536DIPMA"",""source_url"":""https://www.bcit.ca/programs/nautical-sciences-diploma-full-time-2536dipma/"",""terms_per_year"":null,""total_credits"":""238.0""},""international_conditions"":[],""international_rule_sets"":[],""legacy_accepts_international_students"":null}",UNKNOWN_NOT_PUBLISHED,SKIP,[],[],"[""Unknown: no database actions; list absence/missing flags never imply rejection.""]",[]
2542CERTTS,Watchkeeping Mate Near Coastal (WKMNC),"{""delivery_facts"":{""authoritative_raw"":""Program length There are 12 courses that make up the 38-week program. These courses are offered on a course-by-course basis and are not offered as a full-time program. Program delivery In person: This program is delivered on campus. These modular based courses are available on a course-by-course basis and are not offered as a full-time program. Courses are offered in a daytime delivery format. Course availability varies and courses may be offered in one or more of the three terms: Fall (September - December), Winter (January - March), and Spring/Summer (April - August). Check available Flexible Learning (Part-time Studies) courses Continue your education A Watchkeeping Mate Near Coastal (WKMNC) certification from Transport Canada requires the following additional courses: Standards Training, Certification and Watchkeeping (STCW) Basic Safety (BST) Proficiency in Survival Craft (PSC) Marine Advanced First Aid (MAFA) Advanced Fire Fighting (AFF) Global Maritime Distress Safety System Restricted Operator Certification Maritime Commercial (ROC MC) Basic Safety, Proficiency in Survival Craft and the Marine Advanced First Aid courses must be completed prior to registering in the Advanced Fire Fighting course. For more information about specific progressive occupational licensing, please contact the Chief Instructor . Sea service requirements According to the Marine Personnel Regulations SOR/2007-115, sea service requirements are not a prerequisite for being accepted into the program. However, sea service will be required for the General Seamanship oral examination with Transport Canada. For sea service details please refer to section 134 of the Marine Personnel Regulations, inquire at your nearest Transport Canada Marine Safety office, or visit Transport Canada - Marine Transportation . Go back Courses Next up Graduating & Jobs"",""duration_years"":null,""intake_months"":[],""international_eligibility"":""Refer to official program page"",""last_checked"":""2026-09-08"",""program_id"":""2542CERTTS"",""source_url"":""https://www.bcit.ca/programs/watchkeeping-mate-near-coastal-wkmnc-certificate-part-time-2542certts/"",""terms_per_year"":null,""total_credits"":""77.5""},""international_conditions"":[],""international_rule_sets"":[],""legacy_accepts_international_students"":null}",UNKNOWN_NOT_PUBLISHED,SKIP,[],[],"[""Unknown: no database actions; list absence/missing flags never imply rejection.""]",[]
2847CERT,Welder Foundation,"{""delivery_facts"":{""authoritative_raw"":""As a Welding Foundation student, most of your time will be spent in our shop. All practicals will be demonstrated first by your instructor then you have to practice each weld until it meets industry standards. You’ll use state-of-the-art inverter technology, as well as equipment that would be typically found in most welding shops. The idea is to prepare you for work with job-ready skills, so self-motivation and the ability to work independently will also be emphasized. Once you have reached a certain skill set, you will be performing destructive tests on your welds to assure they meet the Canadian Welding Code W59 standards. Dependent on time restraints and availability you could go on field trips with your class. Such trips could include a foundry, a custom fabricating/welding shop, or a shipyard, to see some of the potential worksites and welding specialization streams that are available. For the most part, to succeed in this program, it will take a good work ethic, good physical fitness, hand eye coordination and practice, practice and more practice! Program length 28 weeks, full-time. Grading Minimum course passing grade is 70 percent. Additional program options Part programs vary according to individual requirements and upgrade option goals. The program is offered on a continuous intake basis where spaces will be filled as they become available. Applicants must be welders currently or recently employed in the field of welding. Registration is done by phone 604-432-8203, or in person in the Welding office, Building NE12, second floor. Content Level C, B, and A performance challenge tests** Canadian Welding Bureau (CWB) procedural tests* A.S.M.E. pre-qualified welding procedure tests* Company and/or manufacturers' performance tests* Welding process upgrading General brush-up of skills Any individual B.C. Registered Welder Training programs module*: Level C Level B Level A A letter of approval for welding test may be required for company/union welding tests. ** A letter of approval is also required from the ITA (Industry Training Authority) for levels C, B and A challenge performance tests. Welding Applied Processes Training in the following processes is available by request. All inquiries should be directed to the Welding office at 604-432-8203 for course costs and dates. Submerged Arc Welding GTAW of Titanium Alloys Automated Welding Systems Downhill Pipeline Part-time Courses A number of introductory courses in welding are available through the Part-time Studies department. Credit transfer from these courses may be arranged when enroling in Welding Upgrade options. Program delivery In person: This program is delivered on campus. Program location Burnaby Campus 3700 Willingdon Avenue Burnaby, BC Go back Courses Next up Graduating & Jobs"",""duration_years"":null,""intake_months"":[],""international_eligibility"":""Refer to official program page"",""last_checked"":""2026-09-08"",""program_id"":""2847CERT"",""source_url"":""https://www.bcit.ca/programs/welder-foundation-certificate-full-time-2847cert/"",""terms_per_year"":null,""total_credits"":""56.0""},""international_conditions"":[],""international_rule_sets"":[],""legacy_accepts_international_students"":null}",UNKNOWN_NOT_PUBLISHED,SKIP,[],[],"[""Unknown: no database actions; list absence/missing flags never imply rejection.""]",[]
2860TTCERT,"Welding, Level B","{""delivery_facts"":{""authoritative_raw"":""Program length Up to 16 weeks depending on modules required. Grading Minimum course passing grade is 70 percent. Additional program options Part programs vary according to individual requirements and upgrade option goals. The program is offered on a continuous intake basis where spaces will be filled as they become available. Applicants must be welders currently or recently employed in the field of welding. Registration is done by phone 604-432-8203, or in person in the Welding office, Building NE 8, second floor. Content Foundation, Level B, and Level A performance challenge tests** Canadian Welding Bureau (CWB) procedural tests A.S.M.E. pre-qualified welding procedure tests Company and/or manufacturers' performance tests Welding process upgrading General brush-up of skills Any individual B.C. Registered Welder Training programs module: Foundation Level B Level A A letter of approval for welding test may be required for company/union welding tests. ** A letter of approval is also required from SkilledTradesBC for Foundation, Level B and Level A challenge performance tests. Welding Applied Processes Additional training in Welding Applied Processes is available by request. Contact the Welding Department at 604-456-8082 for more information. Flexible Learning A number of introductory courses in welding are available through the Flexible Learning (Part-time Studies) department. Contact Matt Magee at 604-454-2266 or Mark Flynn at 604-456-8082. Program delivery In person: This program is delivered on campus. Program location Burnaby Campus 3700 Willingdon Avenue Burnaby, BC Go back Courses Next up Graduating & Jobs"",""duration_years"":null,""intake_months"":[],""international_eligibility"":""Refer to official program page"",""last_checked"":""2026-09-08"",""program_id"":""2860TTCERT"",""source_url"":""https://www.bcit.ca/programs/welding-level-b-certificate-full-time-2860ttcert/"",""terms_per_year"":null,""total_credits"":""24.0""},""international_conditions"":[],""international_rule_sets"":[],""legacy_accepts_international_students"":null}",UNKNOWN_NOT_PUBLISHED,SKIP,[],[],"[""Unknown: no database actions; list absence/missing flags never imply rejection.""]",[]
2870TTCERT,"Welding, Level A","{""delivery_facts"":{""authoritative_raw"":""Program length Approximately eight weeks, depending on number of modules required. Grading Minimum course passing grade is 70 percent. Additional program options Upgrading/brush-up/self-paced options vary according to individual requirements. The program is offered on a continuous intake basis where spaces are filled as they become available. Applicants must be welders currently or recently employed in the field of welding. Registration is done by phone 604-432-8203, or in person in the Welding office, Building NE 8, second floor. Content Foundation, Level B, and Level A performance challenge tests** Canadian Welding Bureau (CWB) procedural tests A.S.M.E. pre-qualified welding procedure tests Company and/or manufacturers' performance tests Welding process upgrading General brush-up of skills Any individual B.C. Registered Welder Training programs module: Foundation Level B Level A A letter of approval for welding test may be required for company/union welding tests. ** A letter of approval is also required from SkilledTradesBC for Foundation, Level B and Level A challenge performance tests. Welding Applied Processes Additional training in Welding Applied Processes is available by request. Contact the Welding Department at 604-456-8082 for more information. Flexible Learning A number of introductory courses in welding are available through the Flexible Learning (Part-time Studies) department. Contact Matt Magee at 604-454-2266 or Mark Flynn at 604-456-8082. Program delivery In person: This program is delivered on campus. Program location Burnaby Campus 3700 Willingdon Avenue Burnaby, BC Go back Courses Next up Graduating & Jobs"",""duration_years"":null,""intake_months"":[],""international_eligibility"":""Refer to official program page"",""last_checked"":""2026-09-08"",""program_id"":""2870TTCERT"",""source_url"":""https://www.bcit.ca/programs/welding-level-a-certificate-full-time-2870ttcert/"",""terms_per_year"":null,""total_credits"":""16.0""},""international_conditions"":[],""international_rule_sets"":[],""legacy_accepts_international_students"":null}",UNKNOWN_NOT_PUBLISHED,SKIP,[],[],"[""Unknown: no database actions; list absence/missing flags never imply rejection.""]",[]
2885ADVDIP,Marine Engineering,"{""delivery_facts"":{""authoritative_raw"":""Program length 34 weeks (8 months, full-time). Grading A minimum passing grade of 60% is required in each course. Accreditation Upon successful completion of the Advanced Diploma, students will receive a Transport Canada training certificate, Engineering Officer Education and Training program at the Management level (EOET-M), which will grant students the exemptions for the academic subjects of the First-Class Standards of Training, Certification and Watchkeeping (STCW) Certificate of Competency (CoC). Upon obtaining the necessary sea time as watchkeeping officers, students can write the appropriate STCW First-Class Engineering General & Motor examinations and take the oral exam to obtain the First-Class Motor Marine Engineer CoC, which is recognized internationally. Program delivery In person: This program is delivered on campus. Program location Marine Campus 265 West Esplanade North Vancouver, BC Continue your education Completion of the Advanced Diploma in Marine Engineering, going forward, may lead to a degree (Bachelor of Maritime Studies). Go back Courses Next up Graduating & Jobs"",""duration_years"":null,""intake_months"":[],""international_eligibility"":""Refer to official program page"",""last_checked"":""2026-09-08"",""program_id"":""2885ADVDIP"",""source_url"":""https://www.bcit.ca/programs/marine-engineering-advanced-diploma-full-time-2885advdip/"",""terms_per_year"":null,""total_credits"":""65.0""},""international_conditions"":[],""international_rule_sets"":[],""legacy_accepts_international_students"":null}",UNKNOWN_NOT_PUBLISHED,SKIP,[],[],"[""Unknown: no database actions; list absence/missing flags never imply rejection.""]",[]
2933ACERT,Bridge Watch Rating,"{""delivery_facts"":{""authoritative_raw"":""Program length 16 weeks. Program delivery In person: This program is delivered on campus. Access to a computer or laptop will be required for some online courses. Program location Marine Campus 265 West Esplanade North Vancouver, BC Go back Courses Next up Graduating & Jobs"",""duration_years"":null,""intake_months"":[],""international_eligibility"":""Refer to official program page"",""last_checked"":""2026-09-08"",""program_id"":""2933ACERT"",""source_url"":""https://www.bcit.ca/programs/bridge-watch-rating-associate-certificate-full-time-2933acert/"",""terms_per_year"":null,""total_credits"":""30.0""},""international_conditions"":[],""international_rule_sets"":[],""legacy_accepts_international_students"":null}",UNKNOWN_NOT_PUBLISHED,SKIP,[],[],"[""Unknown: no database actions; list absence/missing flags never imply rejection.""]",[]
2942DIPMA,Marine Engineering,"{""delivery_facts"":{""authoritative_raw"":""Program length Three years, full-time Program delivery In person: This program is delivered on campus. Program location Marine Campus 265 West Esplanade North Vancouver, BC The majority of classes take place at the BCIT Marine Campus. However, some courses may also be held at the Burnaby Campus, Annacis Island Campus, or offsite locations such as the Justice Institute Fire and Safety Training Centre in Maple Ridge, BC. Program structure The three-year diploma program consists of three terms of classroom instruction interspersed with two co-op terms: September Intake School Co-op Terms First Year Term 1 (Sep–May) Term 2 (Jun–Oct) Second Year Term 3 (Oct–May) Term 4 (Jun–Oct) Third Year Term 5 (Oct–Jun) Or: January Intake School Co-op Terms First Year Term 1 (Jan–Sep) Term 2 (Sep–Jan) Second Year Term 3 (Jan–Aug) Term 4 (Aug–Dec) Third Year Term 5 (Jan–Aug) A Transport Canada Training Certificate will be issued for the Operational level to students who successfully complete the program. Learn more about Transport Canada exemptions in the Marine Engineering Program. Additional program requirements Students must successfully complete all courses in the program within seven years from the start of the program to be eligible for a diploma. Transport Canada requires that Engineering Cadets on their sea phase be supervised by a qualified Marine Engineer aboard their ship. PER TP 8911 sections 2.4.3.7, students will complete sea service onboard vessels of 750kW or more propulsion power. All students need to complete Transport Canada’s Fatigue Management at Sea (FMT) training prior to the MEDI courses. Please email a copy of your completed training certificate to your Program Assistant/Program Coordinator and Department Head prior to the MEDI course start date. Be prepared to present a physical copy of your FMT certificate on the 1st day of the course at the BCIT Marine Campus (BMC) or Justice Institute of BC (JIBC). In order to complete the firefighting portion of MEDI 1510 – STCW Basic Safety Training and MEDI 2510 – Advanced Fire Fighting, participants must be clean-shaven where the self-contained breathing apparatus (SCBA) or any tight-fitting respirator seals with the face, as per WorkSafe BC Occupational Health and Safety Regulation Part 31: Firefighting . Students must follow the rules and regulations provided by BCIT and the Justice Institute of BC for the donning of personal protective equipment. TCMSS examination fees, where applicable, are not part of the program/course fees. They are payable to TCMSS directly and are due two weeks in advance of the examination. Standard BCIT policies concerning examination re-writes apply to this program. Go back Courses Next up Graduating & Jobs"",""duration_years"":null,""intake_months"":[],""international_eligibility"":""Refer to official program page"",""last_checked"":""2026-09-08"",""program_id"":""2942DIPMA"",""source_url"":""https://www.bcit.ca/programs/marine-engineering-diploma-full-time-2942dipma/"",""terms_per_year"":null,""total_credits"":""213.0""},""international_conditions"":[],""international_rule_sets"":[],""legacy_accepts_international_students"":null}",UNKNOWN_NOT_PUBLISHED,SKIP,[],[],"[""Unknown: no database actions; list absence/missing flags never imply rejection.""]",[]
2958CERT,"Heating, Ventilation, Air Conditioning and Refrigeration Technician","{""delivery_facts"":{""authoritative_raw"":""Program length 41 weeks, full-time Grading The course passing grade is 64 per cent. In order to successfully complete each level, a minimum grade point average (GPA) of 70 per cent is required. An overall GPA of 70 per cent is required to successfully complete the program. Accreditation Graduates of this program who enter the trade within one year of graduation can expect to receive credit for three levels of technical training for the Refrigeration and Air Conditioning apprenticeship. Program delivery In person: This program is delivered on campus. Program location Burnaby Campus 3700 Willingdon Avenue Burnaby, BC Industry training authority BCIT transfers the student's name, contact information, Personal Education Number (PEN), and the name and date of the completed Foundation program to SkilledTradesBC. This information is used for the purposes of tracking successful completions in order to grant credit towards apprenticeship where applicable, and communicating with trainees to promote continuation in an apprenticeship program. Go back Courses Next up Graduating & Jobs"",""duration_years"":null,""intake_months"":[],""international_eligibility"":""Refer to official program page"",""last_checked"":""2026-09-08"",""program_id"":""2958CERT"",""source_url"":""https://www.bcit.ca/programs/heating-ventilation-air-conditioning-and-refrigeration-technician-certificate-full-time-2958cert/"",""terms_per_year"":null,""total_credits"":""84.5""},""international_conditions"":[],""international_rule_sets"":[],""legacy_accepts_international_students"":null}",UNKNOWN_NOT_PUBLISHED,SKIP,[],[],"[""Unknown: no database actions; list absence/missing flags never imply rejection.""]",[]
2992DIPMA,"Heating, Ventilation, Air Conditioning and Refrigeration Technician","{""delivery_facts"":{""authoritative_raw"":""Program length 89 weeks, full-time Term 1: 21 weeks school; 22 weeks co-op Term 2: 14 weeks school; 22 weeks co-op Term 3: 10 weeks Grading Course passing grade is 64 per cent. In order to successfully complete each level a minimum grade point average (GPA) of 70 per cent is required. An overall GPA of 70 per cent is required to successfully complete the program. Program delivery In person: This program is delivered on campus. Program location Burnaby Campus 3700 Willingdon Avenue Burnaby, BC SkilledTradesBC BCIT transfers the student's name, contact information, Personal Education Number (PEN), and the name and date of the completed Foundation program to SkilledTradesBC. This information is used for the purposes of tracking successful completions in order to grant credit towards apprenticeship where applicable, and communicating with trainees to promote continuation in an apprenticeship program. Co-operative education This is a cooperative education program that combines academic terms with paid cooperative work terms. While co-op coordinators find the majority of job placements for students, it must be recognized that during certain periods of the business cycle, job placements may be difficult to find. It is then the responsibility of the student to work with the coordinator (and independently) to find meaningful work experience. The cooperative education policy is included under Programming Policy 5004 which is listed in BCIT's institute policies under the Education heading. For more information, please visit the Centre for Workplace Education located in Building NW5, Room 101 at the Burnaby campus. Co-op coordinator: Marion Gasbarro Tel: 778-928-2458 Email: marion_gasbarro@bcit.ca General inquiries: 604-432-8634 Go back Courses Next up Graduating & Jobs"",""duration_years"":null,""intake_months"":[],""international_eligibility"":""Refer to official program page"",""last_checked"":""2026-09-08"",""program_id"":""2992DIPMA"",""source_url"":""https://www.bcit.ca/programs/heating-ventilation-air-conditioning-and-refrigeration-technician-diploma-full-time-2992dipma/"",""terms_per_year"":null,""total_credits"":""125.0""},""international_conditions"":[],""international_rule_sets"":[],""legacy_accepts_international_students"":null}",UNKNOWN_NOT_PUBLISHED,SKIP,[],[],"[""Unknown: no database actions; list absence/missing flags never imply rejection.""]",[]
5125ACERT,Business of Sawmilling,"{""delivery_facts"":{""authoritative_raw"":""Program length The Business of Sawmilling Associate Certificate is a one-year program. Students proceed through this program as a cohort and are automatically registered in their classes. Each cohort will complete one course at a time and will be provided with their course schedule at the time of registration. Program delivery Online: This program is delivered fully online. Program location Students must attend a program orientation virtually at the beginning of the program. The entire program is completed through online learning . Go back Courses Next up Graduating & Jobs"",""duration_years"":null,""intake_months"":[],""international_eligibility"":""Refer to official program page"",""last_checked"":""2026-09-08"",""program_id"":""5125ACERT"",""source_url"":""https://www.bcit.ca/programs/business-of-sawmilling-associate-certificate-part-time-5125acert/"",""terms_per_year"":null,""total_credits"":""15.0""},""international_conditions"":[],""international_rule_sets"":[],""legacy_accepts_international_students"":null}",UNKNOWN_NOT_PUBLISHED,SKIP,[],[],"[""Unknown: no database actions; list absence/missing flags never imply rejection.""]",[]
5145ADCERT,Sustainable Business,"{""delivery_facts"":{""authoritative_raw"":""In the Advanced Certificate in Sustainable Business, you will study the most current issues in sustainability and participate in an industry project where you work with a small or medium-sized enterprise to produce a preliminary materiality assessment, stakeholder map, and recommendations for impact measurement and reporting. By adding this Advanced Certificate to your pre-existing education and/or industry experience (see Entrance Requirements ), you’ll prepare to advanced sustainable business practices and outcomes in any number of industries. After completing the Advanced Certificate, you can ladder into the Advanced Diploma in Sustainable Business Leadership to deepen your sustainable business studies by completing six additional courses to achieve this second credential. Together the Advanced Certificate and Advanced Diploma are the only programs in British Columbia purely focused on sustainable business. The courses in the Advanced Certificate are also curated to meet the BCIT’s Bachelor of Business Administration elective requirements . BBA and Sustainable Business Joint Program You can use courses from the Sustainable Business Advanced Certificate to meet your Bachelor of Business Administration elective requirements . If you are already a student in BCIT’s BBA program , you can register for individual sustainable business electives by emailing your registration request to sbl@bcit.ca , or you can apply for and being admitted into the Sustainable Business Advanced Certificate , which allows you to complete all of your BBA elective requirements while earning this second credential. Registering for the Sustainable Business Advanced Certificate is recommended if you are a BBA student and plan to take more than 1 or 2 sustainable business courses to ensure these courses count towards both your elective requirements and the Sustainable Business Advanced Certificate. After being accepted into the BBA program, email admissions@bcit.ca for permission to also register in the Sustainable Business Advanced Certificate program. If you have already been accepted into the Sustainable Business Advanced Certificate, email bba@bcit.ca for information on admissions requirements into the BBA. Program goals In the program you will learn and practice how to: Identify and promote sustainability principles in business strategy and operations. Select and apply sustainable business models and best practices that ensure social equity, respect planetary boundaries, and enable economic viability. Advocate for social and environmental governance principles in business policies and procedures. Design sustainable business processes and measure their effectiveness. Take a systems approach to solving sustainability challenges. Program length The Advanced Certificate in Sustainable Business program offers courses in the following terms: Fall: September to December (15 weeks) Winter: January to March (12 weeks) Spring: April to June (12 weeks) The program can be completed in as quickly as seven months: four courses in the fall and three courses in the winter. Students have up to four years to complete all program courses. Program delivery The program is available in the following delivery modes to allow students to complete the credential in various ways: Blended: The program is delivered partly on campus and partly online. Online: The entire program is delivered fully online. The Sustainable Business Advanced Certificate is a part-time evening program. Students choose which courses they register for each term. All courses are offered through online delivery, and the majority of courses are also offered in person at the Downtown Campus. Just like our in-person courses, our online courses have synchronous components that require students to participate live at scheduled times on weekday evenings. Therefore, students should ensure they are prepared to join the class online at the designated time and take note of the time zone when registering for courses. Program location Courses are to be offered at the following locations: Downtown Campus 555 Seymour Street Vancouver, BC Distance and online learning Continue your education After completing the Advanced Certificate, you can ladder into the Advanced Diploma in Sustainable Business Leadership to deepen your sustainable business studies by completing six additional courses to achieve this second credential. The courses in the Advanced Certificate are also curated to meet the BCIT’s Bachelor of Business Administration elective requirements (see details above). Go back Courses Next up Graduating & Jobs"",""duration_years"":null,""intake_months"":[],""international_eligibility"":""Refer to official program page"",""last_checked"":""2026-09-08"",""program_id"":""5145ADCERT"",""source_url"":""https://www.bcit.ca/programs/sustainable-business-advanced-certificate-part-time-5145adcert/"",""terms_per_year"":null,""total_credits"":""28.0""},""international_conditions"":[],""international_rule_sets"":[],""legacy_accepts_international_students"":null}",UNKNOWN_NOT_PUBLISHED,SKIP,[],[],"[""Unknown: no database actions; list absence/missing flags never imply rejection.""]",[]
515GACERT,Building Construction Technology,"{""delivery_facts"":{""authoritative_raw"":""Program length Students have up to seven years to complete this program; however, it is possible to complete this program within one year. Program delivery In person: This program is delivered on campus. Students complete this program by registering on a course-by-course basis. Courses are offered in the evenings at our Burnaby campus from 6:30 pm. Refer to the courses listed below for current dates and times. Program location Burnaby Campus 3700 Willingdon Avenue Burnaby, BC Go back Courses Next up Graduating & Jobs"",""duration_years"":null,""intake_months"":[],""international_eligibility"":""Refer to official program page"",""last_checked"":""2026-09-08"",""program_id"":""515GACERT"",""source_url"":""https://www.bcit.ca/programs/building-construction-technology-associate-certificate-part-time-515gacert/"",""terms_per_year"":null,""total_credits"":""18.0""},""international_conditions"":[],""international_rule_sets"":[],""legacy_accepts_international_students"":null}",UNKNOWN_NOT_PUBLISHED,SKIP,[],[],"[""Unknown: no database actions; list absence/missing flags never imply rejection.""]",[]
515HACERT,Building Design and Architectural CAD,"{""delivery_facts"":{""authoritative_raw"":""Program length Students have up to seven years to complete this program; however, it is possible to complete this program within one year. Program delivery In person: This program is delivered on campus. Students complete this program by registering on a course-by-course basis. Courses are offered in the evenings at our Burnaby campus from 6:30 pm. Refer to the courses listed below for current dates and times. Program location Burnaby Campus 3700 Willingdon Avenue Burnaby, BC Go back Courses Next up Graduating & Jobs"",""duration_years"":null,""intake_months"":[],""international_eligibility"":""Refer to official program page"",""last_checked"":""2026-09-08"",""program_id"":""515HACERT"",""source_url"":""https://www.bcit.ca/programs/building-design-and-architectural-cad-associate-certificate-part-time-515hacert/"",""terms_per_year"":null,""total_credits"":""18.0""},""international_conditions"":[],""international_rule_sets"":[],""legacy_accepts_international_students"":null}",UNKNOWN_NOT_PUBLISHED,SKIP,[],[],"[""Unknown: no database actions; list absence/missing flags never imply rejection.""]",[]
5160ACERT,Industrial Wood Processing,"{""delivery_facts"":{""authoritative_raw"":""The IWP program is designed to be completed by a cohort of up to 24 students over a 12-month period. The cohorts can be recruited from a single company, or can be a mixed cohort made up of students from a number of lumber companies. At this point in time, the courses are not available on a one-off basis. They are delivered sequentially, as part of the Associate Certificate. One-off offerings of the courses can be organized through a single company offering by contacting SOCE Industry Services at 604-456-1012. The participants are new or existing employees in the North American lumber sector and are sponsored by their employer. Program length The Industrial Wood Processing Associate Certificate is a one-year program. Students proceed through this program as a cohort and are automatically registered in their classes. Each cohort will complete one course at a time and will be provided with their course schedule at the time of registration. Program delivery Online: This program is delivered fully online. Program location Students must attend a program orientation virtually at the beginning of the program. The entire program is completed through online learning . Go back Courses Next up Graduating & Jobs"",""duration_years"":null,""intake_months"":[],""international_eligibility"":""Refer to official program page"",""last_checked"":""2026-09-08"",""program_id"":""5160ACERT"",""source_url"":""https://www.bcit.ca/programs/industrial-wood-processing-associate-certificate-part-time-5160acert/"",""terms_per_year"":null,""total_credits"":""15.0""},""international_conditions"":[],""international_rule_sets"":[],""legacy_accepts_international_students"":null}",UNKNOWN_NOT_PUBLISHED,SKIP,[],[],"[""Unknown: no database actions; list absence/missing flags never imply rejection.""]",[]
5180PADVDIP,Sustainable Business Leadership,"{""delivery_facts"":{""authoritative_raw"":""In BCIT’s Advanced Diploma in Sustainable Business Leadership, you’ll study the most current issues in sustainability and participate in a two-term business consulting project for practical experience. This credential is the only program in British Columbia that is purely focused on sustainable business leadership. By adding this advanced diploma to your pre-existing education and/or industry experience (see Entrance Requirements ), you’ll prepare to become a leader in any number of industries to champion the responsible use of our resources. Program goals As a Sustainable Business Leadership student, you will learn and practice how to: Identify and promote sustainability principles in business strategy and operations. Select and apply sustainable business models and best practices that ensure social equity, respect planetary boundaries, and enable economic viability. Practice the active values of a sustainable business leader. Advocate for social and environmental governance principles in business policies and procedures. Design sustainable business processes and measure their effectiveness. Form and manage multidisciplinary teams to implement sustainable business practices. Choose and execute communication strategies appropriate to audience, purpose, and context to advocate for sustainability. Take a systems approach to solving sustainability challenges. Program length The part-time Advanced Diploma in Sustainable Business Leadership program is made up of 12 courses that are offered in the following terms: Fall: September to December (15 weeks) Winter: January to March (12 weeks) Spring: April to June (12 weeks) The program must be completed within four years. If you would prefer an accelerated, cohort-based program, check out the full-time option . Program delivery Blended: This program is delivered partly on campus and partly online. The part-time advanced diploma is delivered as follows: Choose one to four courses per term. Have up to four years to complete the program’s 12 courses. Study Tuesday, Wednesday, and/or Thursday evenings (between 5:30 pm and 9:30 pm). Choose between online and in-person delivery (with some classes only offered in person). To complete the program in less than one year, check out our full-time option . Program location Courses are be offered at the following locations: Downtown Campus 555 Seymour Street Vancouver, BC Distance and online learning Go back Courses Next up Graduating & Jobs"",""duration_years"":null,""intake_months"":[],""international_eligibility"":""Refer to official program page"",""last_checked"":""2026-09-08"",""program_id"":""5180PADVDIP"",""source_url"":""https://www.bcit.ca/programs/sustainable-business-leadership-advanced-diploma-part-time-5180padvdip/"",""terms_per_year"":null,""total_credits"":""46.0""},""international_conditions"":[],""international_rule_sets"":[],""legacy_accepts_international_students"":null}",UNKNOWN_NOT_PUBLISHED,SKIP,[],[],"[""Unknown: no database actions; list absence/missing flags never imply rejection.""]",[]
5205ACERT,Business Analysis,"{""delivery_facts"":{""authoritative_raw"":""Program goals The goal of the program is to provide industry-ready graduates an entry-level pathway to the business analysis profession through a detailed applied curriculum, reputable academic credential, and the opportunity for three potential International Institute of Business Analysis™ (IIBA®) certifications and Project Management Institute (PMI) Professional in Business Analysis (PBA) certification. This program aligns with the knowledge requirements necessary to write the IIBA ECBA and PMI PBA industry certifications. By completing this program, graduates will be able to: Apply a suite of knowledge/skills, methodologies, and tools required to plan, execute, and control business analysis activities in business change and improvement initiatives. Create the outputs necessary to plan and manage business analysis activities. Identify, define, and verify the business need and stakeholder requirements. Assess and select appropriate methods for engaging stakeholders and identifying and defining stakeholder requirements. Manage requirements and solution definition, including changes, over the course of an initiative. Analyze requirements and define and assess design options. Evaluate the defined business solution to ensure that stakeholder requirements are met and that value is delivered to the organization. Outline the use and perspective of business analysis principles in specific key business sectors and functions. Program length The program can be completed in as little as a year, based on completing two courses per term for three terms. Program delivery Blended: This program is delivered partly on campus and partly online. Program location Burnaby Campus 3700 Willingdon Avenue Burnaby, BC Distance and online learning Go back Courses Next up Graduating & Jobs"",""duration_years"":null,""intake_months"":[],""international_eligibility"":""Refer to official program page"",""last_checked"":""2026-09-08"",""program_id"":""5205ACERT"",""source_url"":""https://www.bcit.ca/programs/business-analysis-associate-certificate-part-time-5205acert/"",""terms_per_year"":null,""total_credits"":""18.0""},""international_conditions"":[],""international_rule_sets"":[],""legacy_accepts_international_students"":null}",UNKNOWN_NOT_PUBLISHED,SKIP,[],[],"[""Unknown: no database actions; list absence/missing flags never imply rejection.""]",[]
5225ACERT,Construction of Mass Timber Structures,"{""delivery_facts"":{""authoritative_raw"":""The 15.0 credit Associate Certificate in Construction of Mass Timber Structures is designed to provide students with (i) technical knowledge in mass timber construction and construction management of mass timber projects with an emphasis on the installation phase; (ii) practical skills in on-site installation of mass timber structures; and (iii) problem-solving, creativity and teamwork skills. This program has been developed for experienced Carpenters, Ironworkers and Installers with an interest in expanding their expertise to mass timber. This program, which runs from January to June, is designed to be completed as a series of part-time courses using a cohort model, with students spending 8 to 10 hours per week on coursework. All courses are delivered online with the exception of one practicum course, which will be delivered in person at the Burnaby Campus in a compressed format over a 2-week timeframe. Students who have successfully completed the Introductory Studies in Mass Timber Construction Microcredential will be granted advanced standing in the Associate Certificate in Construction of Mass Timber Structures, and are eligible for a tuition credit applicable towards the cost of tuition for the Associate Certificate in Construction of Mass Timber Structures. If you are unsure about committing to this ten-month program, please visit Introductory Studies in Mass Timber Construction for information about this microcredential program, which provides an introduction to mass timber construction practices. Program length The Associate Certificate in Construction of Mass Timber Structures is six (6) months or 23 weeks in length, and will run from January to June. Grading Each course must be completed successfully, with a minimum passing grade of 60%, in order to proceed to the next course in the program. All five courses in the program must be successfully completed to obtain the Associate Certificate in Mass Timber Construction. Additional program options Students who have successfully completed the Introductory Studies in Mass Timber Construction Microcredential will be granted advanced standing in the Associate Certificate in Construction of Mass Timber Structures, and are eligible for a tuition credit applicable towards the cost of tuition for the Associate Certificate in Construction of Mass Timber Structures. Program delivery Blended: This program is delivered partly on campus and partly online. The Associate Certificate in Construction of Mass Timber Structures is a hybrid program, delivered partially online using BCIT’s Learning Hub educational platform, with a two-week in-person practicum course, delivered at BCIT’s Burnaby campus (normally scheduled during the last two weeks of July). Program location All courses are delivered online with the exception of one practicum course, which will be delivered in person at BCIT’s Burnaby Campus . Go back Courses Next up Graduating & Jobs"",""duration_years"":null,""intake_months"":[],""international_eligibility"":""Refer to official program page"",""last_checked"":""2026-09-08"",""program_id"":""5225ACERT"",""source_url"":""https://www.bcit.ca/programs/construction-of-mass-timber-structures-associate-certificate-part-time-5225acert/"",""terms_per_year"":null,""total_credits"":""15.0""},""international_conditions"":[],""international_rule_sets"":[],""legacy_accepts_international_students"":null}",UNKNOWN_NOT_PUBLISHED,SKIP,[],[],"[""Unknown: no database actions; list absence/missing flags never imply rejection.""]",[]
5245ACERT,Artificial Intelligence Management,"{""delivery_facts"":{""authoritative_raw"":""Program aim The ACAI aims to equip individuals with the knowledge and skills to leverage AI and ML for business innovation, develop and apply AI-driven solutions, and critically engage with AI ethics and advanced technologies to optimize business outcomes. Program goals Graduates of the program will: Explain the principles and applications of AI-driven data analysis in addressing complex business challenges. Apply predictive modeling and advanced analytical techniques to analyze data accurately and support informed decision-making. Evaluate the ethical, technical, and organizational considerations when implementing AI/ML solutions. Design and manage strategic AI initiatives that drive innovation, competitive advantage, and improved organizational performance. Lead and assess AI projects, fostering data-driven decision-making and promoting a culture of continuous improvement. Program length This program can be completed in one year, based on completing two courses per term for two terms. The program must be completed within 5 years. Program delivery Blended: This program is delivered partly on campus and partly online. Program location Burnaby Campus 3700 Willingdon Avenue Burnaby, BC Distance and online learning Continue your education Graduates of this program may continue their studies to complete the BCIT Business Information Technology Management (Artificial Intelligence Management Option) program, a 2-year, full-time (day school) program in the School of Business and Media. Go back Courses Next up Graduating & Jobs"",""duration_years"":null,""intake_months"":[],""international_eligibility"":""Refer to official program page"",""last_checked"":""2026-09-08"",""program_id"":""5245ACERT"",""source_url"":""https://www.bcit.ca/programs/artificial-intelligence-management-associate-certificate-part-time-5245acert/"",""terms_per_year"":null,""total_credits"":""16.0""},""international_conditions"":[],""international_rule_sets"":[],""legacy_accepts_international_students"":null}",UNKNOWN_NOT_PUBLISHED,SKIP,[],[],"[""Unknown: no database actions; list absence/missing flags never imply rejection.""]",[]
5275ACERT,Business Intelligence,"{""delivery_facts"":{""authoritative_raw"":""Program aim The program aims to equip individuals with the knowledge and skills to analyze and interpret data for impactful decision-making. It focuses on data analysis, statistical methods, data visualization, and storytelling, enabling students to derive meaningful insights from data analysis and support effective business strategies. Program goals Graduates of the program will be equipped to Develop and apply data modeling techniques to structure and analyze data. Apply statistical methods and modern analytics tools efficiently to generate insights. Create impactful data visualizations to communicate complex information to stakeholders. Communicate data-driven insights clearly to both technical and non-technical audiences. Apply the results of data analysis to business decisions. Program length The program can be completed in one year, based on completing two courses per term for two terms. The program must be completed within 5 years. Accreditation BCIT is an academic partner of the International Institute of Business Analysis™ (IIBA®) . The program educates on the content of A Guide to the Business Analysis Body of Knowledge® (BABOK® Guide). The program helps to prepare students to write the IIBA – Entry Certificate in Business Analysis™ (ECBA™) and the Certification in Business Data Analytics™ (CBDA™) . Program delivery Blended: This program is delivered partly on campus and partly online. Program location Burnaby Campus 3700 Willingdon Avenue Burnaby, BC Distance and online learning Continue your education Graduates of this program may continue their studies to complete the BCIT Business Information Technology Management (Enterprise Systems Management Option) program, a 2-year, full-time (day school) program in the School of Business and Media. Go back Courses Next up Graduating & Jobs"",""duration_years"":null,""intake_months"":[],""international_eligibility"":""Refer to official program page"",""last_checked"":""2026-09-08"",""program_id"":""5275ACERT"",""source_url"":""https://www.bcit.ca/programs/business-intelligence-associate-certificate-part-time-5275acert/"",""terms_per_year"":null,""total_credits"":""15.5""},""international_conditions"":[],""international_rule_sets"":[],""legacy_accepts_international_students"":null}",UNKNOWN_NOT_PUBLISHED,SKIP,[],[],"[""Unknown: no database actions; list absence/missing flags never imply rejection.""]",[]
5295ACERT,Business Data Management,"{""delivery_facts"":{""authoritative_raw"":""Program aim The ACDM aims to equip individuals with the skills and knowledge to organize and manage data for meaningful analysis. The program focuses on data governance, quality, and integration, ensuring the reliability, accuracy, and completeness of data for impactful business outcomes. Program goals Graduates of the program will: Leverage data governance frameworks to ensure that data is utilized effectively for analytics and meets the standards of privacy, security, and ethics. Explore the critical role of data quality in contemporary business environments, learning approaches and techniques to ensure data accuracy and reliability. Recognize and enhance the quality of data in various business scenarios. Utilize advanced tools to facilitate the cleaning, storage, transformation, and integration of data from diverse sources, thereby supporting business analytics. Plan for and use data analytics for strategic business purposes. Plan for and support the evolution of the mature data organization. Program length The program can be completed in one year, based on completing two courses per term for two terms. The program must be completed within 5 years. Program delivery Blended: This program is delivered partly on campus and partly online. Program location Burnaby Campus 3700 Willingdon Avenue Burnaby, BC Distance and online learning Continue your education Graduates of this program may continue their studies to complete the BCIT Business Information Technology Management (Analytics Data Management Option) program, a 2-year, full-time (day school) program in the School of Business and Media. Go back Courses Next up Graduating & Jobs"",""duration_years"":null,""intake_months"":[],""international_eligibility"":""Refer to official program page"",""last_checked"":""2026-09-08"",""program_id"":""5295ACERT"",""source_url"":""https://www.bcit.ca/programs/business-data-management-associate-certificate-part-time-5295acert/"",""terms_per_year"":null,""total_credits"":""16.5""},""international_conditions"":[],""international_rule_sets"":[],""legacy_accepts_international_students"":null}",UNKNOWN_NOT_PUBLISHED,SKIP,[],[],"[""Unknown: no database actions; list absence/missing flags never imply rejection.""]",[]
530ADIPLT,Cardiology Technology,"{""delivery_facts"":{""authoritative_raw"":""Clinical Information BCIT arranges clinical training for the student. Students will be requested to provide their preferences for clinical placements, but there is no guarantee that they will be assigned to one of their preferences. Students can expect to complete a clinical practicum outside of their province. Training sites are located all across Canada, and students are responsible for arranging their own accommodation and transportation. Note: Student learning during clinical training is supported by BCIT Learning Hub. Students will require internet access other than that at the clinical site. Program length Program length can vary depending on the number of theory courses taken each term: 6 to 9 credits per term: approximately three to five years to complete 12 to 18 credits per term: approximately two years to complete Students are strongly recommended to complete all requirements within five years to be successful on the National Cardiology Technology exam. Grading Examinations : Information regarding exams will be provided at term start. Accreditation This program is accredited by the Health Standards Organization (HSO) and its affiliate accreditation (AC) through their new EQUAL Canada program . Program delivery Online: This program is delivered fully online. Academic Courses This is a blended program with the online learning portion offered in the BCIT online delivery system. It is strongly recommended that students are comfortable with computers and technology and have excellent time management skills to be successful in the program. There are three 12-week terms of study during the academic year (September, January, and April) with milestones to meet each week. Each 3.0 credit course requires approximately 36 hours of commitment over the term. There is a requirement to complete courses during those 12-week terms facilitated by course instructors. Students may take varying course loads in the theory portion of the program. Clinical and Lab Courses CARD 3250 is a two-week pre-clinical lab that must be completed on-campus at BCIT prior to clinical start. There are two clinical rotations in the Cardiology Diploma program, CARD 3252 and CARD 4252 , that both take place in the hospital environment. The clinical rotations must be completed full-time. Clinical rotations are scheduled to start twice a year . CARD 3252 starts in May and September of each year. CARD 4252 starts in April and September of each year. Students are required to plan theory course loads accordingly to line up with clinical entry times. Clinical placement is determined based on site availability and student academic course history. Placements are across Canada and students should plan on relocation for clinical courses. Program location Courses are offered through distance and online learning . Continue your education Graduates of a recognized Cardiology Technology Diploma program with direct cardiac experience are eligible to apply to the Advanced Certificate in Cardiac Sciences program in the following areas: Cardiac Rhythm Device Technology Cardiovascular Technology Electrophysiology Technology Go back Courses Next up Graduating & Jobs"",""duration_years"":null,""intake_months"":[],""international_eligibility"":""Refer to official program page"",""last_checked"":""2026-09-08"",""program_id"":""530ADIPLT"",""source_url"":""https://www.bcit.ca/programs/cardiology-technology-diploma-part-time-530adiplt/"",""terms_per_year"":null,""total_credits"":""112.5""},""international_conditions"":[],""international_rule_sets"":[],""legacy_accepts_international_students"":null}",UNKNOWN_NOT_PUBLISHED,SKIP,[],[],"[""Unknown: no database actions; list absence/missing flags never imply rejection.""]",[]
5310ADCERT,Cardiac Sciences (Cardiovascular Technology Option),"{""delivery_facts"":{""authoritative_raw"":""The Cardiovascular Technology program is a post-diploma program, consisting of theory courses delivered online, and three clinical rotations performed in a BCIT approved catherterization lab. Upon successful completion of the Cardiovascular option, and with compliance with all CACPT by-laws, a graduate may apply to write the national registry examination of the Canadian Association of Cardio-Pulmonary Technologists (CACPT) . Successful completion of the CACPT registry examination allows the student to use the credential of Registered Cardio-Pulmonary Technologist-Cardiac or RCPT(C). Students not eligible for CACPT registry can apply to sit the cardiovascular invasive specialist exam of Cardiovascular Credentialing International (CCI) . Successful completion of the CCI credentialing exam allows the student to use the credential of Registered Cardiovascular Invasive Specialist (RCIS). Program length Courses within this program must be completed part-time as the courses have prerequisite completion requirements. Note: Registration in individual theory courses is available for professional education or to meet employer requirements. However, completion of the theory courses does not indicate program admission. To complete the practicum and be awarded a credential, you must apply and be accepted to the program. Additional program options Cardiac Sciences - Cardiac Rhythm Device Technology Option Cardiac Sciences - Electrophysiology Technology Option Program delivery Online: This program is delivered fully online. This is a distance education/guided learning program with Learning Hub support . Note: Registration in individual theory courses is available for professional education or to meet employer requirements. However, completion of the theory courses does not indicate program admission. To complete the practicum and be awarded a credential, you must apply and be accepted to the program. Program location Courses are offered through distance and online learning . Program structure The program is comprised of four theory courses followed by one clinical course. Credits 1. Theory Courses 16.0 2. Clinical Course 33.0 Total 49.0 Theory Courses Courses are offered in succession and have prerequisite requirements before continuing to the next theory course. Since enrolment in some courses may be limited, it is recommended that you register at least one month prior to the start of the term as not all courses are offered each term. Clinical Practicum The practicum must be supervised by a physician and associated professional mentor with proven experience and competence in the area of cardiovascular technology. A 23 week full-time clinical rotation performed in a BCIT approved Cardiovascular Lab. The clinical practicum is designed to ensure students integrate and apply the theoretical knowledge presented in the theory courses. Students will gradually gain experience in assisting the Cardiologist to perform diagnostic and interventional cardiac catheterization procedures and hemodynamic calculations, acquire clinical site-specific skills to perform hemodynamic monitoring, hemodynamic calculations, arrhythmia recognition, quality assurance and report generation on a variety of physiological monitoring systems. Students will be taught to prepare and maintain a sterile field, prepare an operative site, identify and pass surgical instruments to the Cardiologist performing both diagnostic and interventional catheterization procedures, assist in selection of surgical supplies for catheterization, the opening and passing of sterile supplies onto a sterile field, proper patient placement on the x-ray table, response to patient needs and delivery of patient teaching as it applies to Cardiovascular manoeuvres and testing. Go back Courses Next up Graduating & Jobs"",""duration_years"":null,""intake_months"":[],""international_eligibility"":""Refer to official program page"",""last_checked"":""2026-09-08"",""program_id"":""5310ADCERT"",""source_url"":""https://www.bcit.ca/programs/cardiac-sciences-cardiovascular-technology-option-advanced-certificate-part-time-5310adcert/"",""terms_per_year"":null,""total_credits"":""49.0""},""international_conditions"":[],""international_rule_sets"":[],""legacy_accepts_international_students"":null}",UNKNOWN_NOT_PUBLISHED,SKIP,[],[],"[""Unknown: no database actions; list absence/missing flags never imply rejection.""]",[]
5320ADCERT,Cardiac Sciences (Electrophysiology Technology Option),"{""delivery_facts"":{""authoritative_raw"":""This unique, distance education/guided-learning program combines theory and clinical experience in the electrophysiology lab. The program emphasizes theoretical and clinical application of electrophysiology, cardiac pathology, cardiac pharmacology and cardiac physiology. In addition to the theoretical basis contained in the courses, the clinical practicum offers students the opportunity to practice the fundamentals required to perform the following: diagnostic and therapeutic procedures during the EP study pacemaker/lead analysis on implant Program length Courses within this program must be completed part-time as the courses have prerequisite completion requirements. Note: Registration in individual theory courses is available for professional education or to meet employer requirements. However, completion of the theory courses does not indicate program admission. To complete the practicum and be awarded a credential, you must apply and be accepted to the program. Additional program options Cardiac Sciences - Cardiac Rhythm Device Technology Option Cardiac Sciences - Cardiovascular Technology Option Program delivery Online: This program is delivered fully online. This is a distance education/guided learning program with Learning Hub support . Note: Registration in individual theory courses is available for professional education or to meet employer requirements. However, completion of the theory courses does not indicate program admission. To complete the practicum and be awarded a credential, you must apply and be accepted to the program. Program location Courses are offered through distance and online learning . Program structure The program is comprised of five theory courses followed by three clinical courses. Credits 1. Theory Courses 15.0 2. Clinical Courses 32.0 Total 47.0 Theory Courses Courses are offered in succession and have prerequisite requirements before continuing to the next theory course. Since enrolment in some courses may be limited, it is recommended that you register at least one month prior to the start of the term as not all courses are offered each term. Clinical Practicum The practicum must be supervised by a physician and associated professional (AP) mentor with proven experience and competence in the area of cardiac electrophysiology. This comprehensive clinical practicum in electrophysiology technology and cardiac rhythm device implantation is conducted at an approved center with an electrophysiology lab. Students will spend a minimum of 800 hours (23 weeks) at the clinical site, first observing and subsequently learning and refining their skills in patient assessment, performance of EP diagnostic studies, understanding catheter ablation and cardiac device implantation. Students will log their experiences recording a variety of EP diagnostic studies and observing cardiac rhythm device implants. Specific goals of consistency in competency requirements must be met before the student completes the practicum. More generic skills such as computer skills, teamwork, communication, problem solving and patient care are woven throughout the course. Go back Courses Next up Graduating & Jobs"",""duration_years"":null,""intake_months"":[],""international_eligibility"":""Refer to official program page"",""last_checked"":""2026-09-08"",""program_id"":""5320ADCERT"",""source_url"":""https://www.bcit.ca/programs/cardiac-sciences-electrophysiology-technology-option-advanced-certificate-part-time-5320adcert/"",""terms_per_year"":null,""total_credits"":""47.0""},""international_conditions"":[],""international_rule_sets"":[],""legacy_accepts_international_students"":null}",UNKNOWN_NOT_PUBLISHED,SKIP,[],[],"[""Unknown: no database actions; list absence/missing flags never imply rejection.""]",[]
5330ADCERT,Cardiac Sciences (Cardiac Rhythm Device Technology Option),"{""delivery_facts"":{""authoritative_raw"":""This unique, distance education/guided-learning program combines theory and clinical experience in hospitals and pacemaker clinics. The program emphasizes theoretical and clinical application of electrophysiology, cardiac pathology, cardiac pharmacology, and cardiac physiology. In addition to the theoretical basis in the courses, the clinical practicum offers the opportunity to practice the fundamentals required to perform the following: pacemaker/lead analysis on implant cardiac device assessment and programming Program length Courses within this program must be completed part-time as the courses have prerequisite completion requirements. Note: Registration in individual theory courses is available for professional education or to meet employer requirements. However, completion of the theory courses does not indicate program admission. To complete the practicum and be awarded a credential, you must apply and be accepted to the program. Grading A passing grade of 60% is required for all theory courses. Clinical courses are graded as Satisfactory or Unsatisfactory determined though a comprehensive clinical skills checklist. Additional program options Cardiac Sciences - Cardiovascular Technology Option Cardiac Sciences - Electrophysiology Technology Option Program delivery Online: This program is delivered fully online. This is a distance education/guided learning program with Learning Hub support . Note: Registration in individual theory courses is available for professional education or to meet employer requirements. However, completion of the theory courses does not indicate program admission. To complete the practicum and be awarded a credential, you must apply and be accepted to the program. Program location Courses are offered through distance and online learning . Program structure The program is comprised of four theory courses followed by one clinical course. Credits 1. Theory Courses 14.0 2. Clinical Courses 25.0 Total 39.0 Theory Courses Courses are offered in succession and have prerequisite requirements before continuing to the next theory course. Since enrolment in some courses may be limited, it is recommended that you register at least one month prior to the start of the term as not all courses are offered each term. Clinical Practicum The practicum must be supervised by a physician and associated professional (AP) mentor with proven experience and competence in the area of cardiac device follow-up and implantation. The clinical practicum will be a minimum of 4.5 - 6 months (625 - 900 hours) of fulltime supervised instruction. During the training, the trainee should perform (hands-on) patient assessments and device programming, including measurement and interpretation on a minimum of 60 patients per month observed and reviewed by the supervising physician or designated AP. Tertiary Care centre must provide: 625 hrs and up to 900 if required supervised hands-on training Minimum 60 patients per month observed and reviewed by the physician or designated AP Lead analysis and monitoring at the time of implant of a minimum of 15 patients Go back Courses Next up Graduating & Jobs"",""duration_years"":null,""intake_months"":[],""international_eligibility"":""Refer to official program page"",""last_checked"":""2026-09-08"",""program_id"":""5330ADCERT"",""source_url"":""https://www.bcit.ca/programs/cardiac-sciences-cardiac-rhythm-device-technology-option-advanced-certificate-part-time-5330adcert/"",""terms_per_year"":null,""total_credits"":""39.0""},""international_conditions"":[],""international_rule_sets"":[],""legacy_accepts_international_students"":null}",UNKNOWN_NOT_PUBLISHED,SKIP,[],[],"[""Unknown: no database actions; list absence/missing flags never imply rejection.""]",[]
5365ACERT,Digital Media Foundations,"{""delivery_facts"":{""authoritative_raw"":""The Digital Media Foundations program introduces students to the concept of digital content and the fundamentals behind the design and creation of digital assets and graphics. Students learn about content management systems, asset optimization, and launching a website. By the end of this program, students will be able to create a basic Content Management System website with proper layout design and optimized assets, while following the rules and guidelines related to user interfaces and user interactions. Graduates of Digital Media Foundations associate certificate will be able to: Discuss the importance of fundamental design principles for web and mobile applications (screen size, colour, typography, and responsiveness). Develop digital projects for web and mobile interfaces by applying basic design principles. Design layouts and create visual assets for a collaborative web or mobile project. Recognize the differences between good and bad interactive design. Design an interface that provides simple, direct feedback. Import, edit and optimize images for web. Produce vector graphics using different drawing modes, including draw inside and draw behind modes. Create fully controllable variable-width strokes, arrowheads, dashes and art brush scaling along a path. Apply the principles of design in cross-platform applications. Assess website messaging so that it meets the client’s needs. Apply the principles of design within a CMS platform to create a website. Apply team-building strategies and leadership. Collaborate with team members on developing digital assets and web design. Program location Burnaby Campus 3700 Willingdon Avenue Burnaby, BC Downtown Campus 555 Seymour Street Vancouver, BC Go back Courses Next up Graduating & Jobs"",""duration_years"":null,""intake_months"":[],""international_eligibility"":""Refer to official program page"",""last_checked"":""2026-09-08"",""program_id"":""5365ACERT"",""source_url"":""https://www.bcit.ca/programs/digital-media-foundations-associate-certificate-part-time-5365acert/"",""terms_per_year"":null,""total_credits"":""17.0""},""international_conditions"":[],""international_rule_sets"":[],""legacy_accepts_international_students"":null}",UNKNOWN_NOT_PUBLISHED,SKIP,[],[],"[""Unknown: no database actions; list absence/missing flags never imply rejection.""]",[]
5430ACERT,Civil Technology,"{""delivery_facts"":{""authoritative_raw"":""Program delivery Blended: This program is delivered partly on campus and partly online. Program location Courses may be offered at the following locations: Burnaby Campus 3700 Willingdon Avenue Burnaby, BC Distance and online learning Go back Courses Next up Graduating & Jobs"",""duration_years"":null,""intake_months"":[],""international_eligibility"":""Refer to official program page"",""last_checked"":""2026-09-08"",""program_id"":""5430ACERT"",""source_url"":""https://www.bcit.ca/programs/civil-technology-associate-certificate-part-time-5430acert/"",""terms_per_year"":null,""total_credits"":""30.0""},""international_conditions"":[],""international_rule_sets"":[],""legacy_accepts_international_students"":null}",UNKNOWN_NOT_PUBLISHED,SKIP,[],[],"[""Unknown: no database actions; list absence/missing flags never imply rejection.""]",[]
5430CERT,Civil Technology,"{""delivery_facts"":{""authoritative_raw"":""Program delivery Blended: This program is delivered partly on campus and partly online. Program location Courses may be offered at the following locations: Burnaby Campus 3700 Willingdon Avenue Burnaby, BC Distance and online learning Go back Courses Next up Graduating & Jobs"",""duration_years"":null,""intake_months"":[],""international_eligibility"":""Refer to official program page"",""last_checked"":""2026-09-08"",""program_id"":""5430CERT"",""source_url"":""https://www.bcit.ca/programs/civil-technology-certificate-part-time-5430cert/"",""terms_per_year"":null,""total_credits"":""60.0""},""international_conditions"":[],""international_rule_sets"":[],""legacy_accepts_international_students"":null}",UNKNOWN_NOT_PUBLISHED,SKIP,[],[],"[""Unknown: no database actions; list absence/missing flags never imply rejection.""]",[]
5515ACERT,Applied Network Administration and Design,"{""delivery_facts"":{""authoritative_raw"":""ANAD is course by course registration and was not designed for students on limited timelines. Due to prerequisites and scheduling, this program could take 5-6 terms to complete, depending on the term started and elective chosen. Due to prerequisites and scheduling it is typically not possible to complete this part-time program in less than 4 terms, at night and on weekends. Note: Flexible Learning was not designed for full-time delivery or for those on funding timelines. Registration is course by course, each course has specific prerequisites, and some courses are only offered once per year. COMP 2629 – Enterprise Networking Fundamentals is only offered once a year in April or September and requires COMP 1002. COMP 2767 – Linux Administration is under review and not currently offered. COMP 4704 – Applied Network Security is under review and not currently offered. COMP 4912 – Applied Virtual Networks is only offered once per year in January, and is typically the last course in the program for most students. After a foundation of data communication and network theory, hands-on labs are used to set up, install and administer network servers. Students learn how to implement administrative policies, security measures and develop plans for disaster recovery. Introduction to Linux and MS Windows Server Administration are required courses. The ANAD program is currently 23 credits and must be completed within a 5 year period. Some core and elective courses are also in the Flexible Learning Computer Systems Diploma. Industry certification Students are taught many of the topics covered in the CompTIA Net+, Linux LPI, Microsoft Server MCP, and CompTIA Security+ exams, which are available through third parties for additional fees*. Please note that the focus of these related COMP courses is to gain hands-on experience. Electives Elective courses provide options to understand multiple technologies, *Industry exams are independent of BCIT credentials. These exams may be purchased for additional costs, from various third parties. Students will also require additional preparation and studying in order to pass these industry certification exams. Computer hardware and Internet requirements Students must provide a current model PC desktop or laptop with a webcam, microphone and have high-speed internet access. COMP courses may use two-way audio and video as well as group work outside of class. WARNING: Using your only or work-related PC is not a good idea as systems and data could be erased. Multiple computers are required as operating systems are installed and configurations are changed. Please have additional computers to use for installing operating systems and changing configurations during this program. BCIT curriculum may be modified in accordance with market trends in the industry. Grading Students will receive a grade for each course based on the listed competencies. In most cases, each course carries a mark for individual work. Several courses require team work as well as an individual test. Assignments and exams will be used in the evaluation of students. Program delivery In person: This program is delivered on campus. Program location Burnaby Campus 3700 Willingdon Avenue Burnaby, BC Downtown Campus 555 Seymour Street Vancouver, BC Program abandonment Students approved for a Flexible Learning (Part-time Studies) program are expected to register and complete courses on a continuous basis. A student that has not completed a course from their approved program of study over a period of three consecutive academic terms will be considered to have abandoned the program. Throughout the duration of the program, a student is permitted a maximum of five academic terms where they are not required to register and complete a course from their approved program of study. Students who exceed the five term maximum will be considered to have abandoned the program. Students who have abandoned their approved program of study and wish to be reinstated will be required to apply for program approval for a current credential. BCIT cannot guarantee that courses taken prior to this reapplication will be credited towards the current credential. BCIT Policy 5103 - Student Evaluation [PDF] permits a maximum of three attempts to successfully complete each course within a credential. Go back Courses Next up Graduating & Jobs"",""duration_years"":null,""intake_months"":[],""international_eligibility"":""Refer to official program page"",""last_checked"":""2026-09-08"",""program_id"":""5515ACERT"",""source_url"":""https://www.bcit.ca/programs/applied-network-administration-and-design-associate-certificate-part-time-5515acert/"",""terms_per_year"":null,""total_credits"":""22.0""},""international_conditions"":[],""international_rule_sets"":[],""legacy_accepts_international_students"":null}",UNKNOWN_NOT_PUBLISHED,SKIP,[],[],"[""Unknown: no database actions; list absence/missing flags never imply rejection.""]",[]
5530ACERT,Agile Development,"{""delivery_facts"":{""authoritative_raw"":""This program starts with COMP 1630 in order to introduce students to data modelling, group work and IT systems. After completing the core courses in Relational Database Design with SQL, plus Business Analysis and Systems Design, students may then complete the Agile courses in sequence. Due to prerequisites and scheduling, it is not possible to fast track this credential in less than one year. Each course in this series has prerequisites. Students are not permitted to register in COMP 2831 or COMP 2833 or COMP 2836 concurrently. These courses build on top of each other sequentially. COMP 2831 must be completed prior to COMP 2833. COMP 2833 must be completed prior to COMP 2836. COMP 2836 is the last course in the program after all other courses have been completed. COMP 2833 students receive significant preparation to challenge Professional Scrum Master, PSM Certification from Scrum.org for an additional fee. The foundations of this program include group work, the communication of technical system specifications in writing, and oral presentations in a team environment. Attendance, group work, and participation in the online components are mandatory. Computer hardware and Internet requirements Students must provide a current model PC desktop or laptop with a webcam, microphone and have high-speed internet access. COMP courses may use two-way audio and video as well as group work outside of class. Participants must be computer literate in order to participate and complete each course. COMP Flexible Learning evening and weekend courses may not be offered every term. Please email; cstflex@bcit.ca for schedule planning or if you have any general questions. Program length The time limit to complete the Associate Certificate in Agile Development is three years. Grading Students will be given a grade for each course based on the listed competencies. In some cases each course carries a mark for individual work; most courses require teamwork, as well as an individual test. The passing grade for each course in this program is 60%. Assignments, exams and presentations will be used in the evaluation of students. All assignments must be completed and submitted in order to pass each course. Program delivery Blended: This program is delivered partly on campus and partly online. Online: This program is delivered fully online. Program location Most COMP courses are offered at the Burnaby and Downtown Campuses. The Agile specific courses, COMP 2833 and 2836, are typically scheduled only at the Downtown Campus. Courses may be offered at the following locations: Burnaby Campus 3700 Willingdon Avenue Burnaby, BC Downtown Campus 555 Seymour Street Vancouver, BC Online Learning Program abandonment Students approved for a Flexible Learning (Part-time Studies) program are expected to register and complete courses on a continuous basis. A student that has not completed a course from their approved program of study over a period of three consecutive academic terms will be considered to have abandoned the program. Throughout the duration of the program, a student is permitted a maximum of five academic terms where they are not required to register and complete a course from their approved program of study. Students who exceed the five term maximum will be considered to have abandoned the program. Students who have abandoned their approved program of study and wish to be reinstated will be required to apply for program approval for a current credential. BCIT cannot guarantee that courses taken prior to this reapplication will be credited towards the current credential. BCIT Policy 5103 - Student Evaluation [PDF] permits a maximum of three attempts to successfully complete each course within a credential. Go back Courses Next up Graduating & Jobs"",""duration_years"":null,""intake_months"":[],""international_eligibility"":""Refer to official program page"",""last_checked"":""2026-09-08"",""program_id"":""5530ACERT"",""source_url"":""https://www.bcit.ca/programs/agile-development-associate-certificate-part-time-5530acert/"",""terms_per_year"":null,""total_credits"":""18.5""},""international_conditions"":[],""international_rule_sets"":[],""legacy_accepts_international_students"":null}",UNKNOWN_NOT_PUBLISHED,SKIP,[],[],"[""Unknown: no database actions; list absence/missing flags never imply rejection.""]",[]
5570ACERT,Computer Aided Design (CAD) Technology,"{""delivery_facts"":{""authoritative_raw"":""Program length Program completion time depends on course availability and the student’s planned schedule of courses. For example, students taking 6.0 credits (2 courses) per term can complete the program in four terms (approximately 16 months). Program delivery The courses in this program are available online and/or in-person. Your education is our priority. No matter how you choose to learn, we will deliver the applied instruction, collaborative experience, and industry connections you expect from BCIT. Program location Burnaby Campus 3700 Willingdon Avenue Burnaby, BC Some courses are also offered at the Downtown Campus: Downtown Campus 555 Seymour Street Vancouver, BC Distance and online learning Go back Courses Next up Graduating & Jobs"",""duration_years"":null,""intake_months"":[],""international_eligibility"":""Refer to official program page"",""last_checked"":""2026-09-08"",""program_id"":""5570ACERT"",""source_url"":""https://www.bcit.ca/programs/computer-aided-design-cad-technology-associate-certificate-part-time-5570acert/"",""terms_per_year"":null,""total_credits"":""18.0""},""international_conditions"":[],""international_rule_sets"":[],""legacy_accepts_international_students"":null}",UNKNOWN_NOT_PUBLISHED,SKIP,[],[],"[""Unknown: no database actions; list absence/missing flags never imply rejection.""]",[]
5670ADVDIP,Clinical Genetics Technology,"{""delivery_facts"":{""authoritative_raw"":""Clinical genetics technology involves detailed analysis of the human genome by four distinct technologies: chromosome analysis of banded metaphase chromosomes; fluorescence in situ hybridization (FISH) for interphase cells/metaphase chromosomes; chromosome microarray for high-resolution analysis of chromosome/DNA fragment copy number variants and single nucleotide exchanges; and molecular diagnostic techniques for analysis of DNA fragment/single nucleotide genetic and genomic mutations. All four technologies can be used on a wide variety of human tissues. Chromosomes are the packaged form of the human genome and are visible under the microscope. Modern clinical cytogenetics was established in the early 1970s with the use of banding techniques that allowed for the identification of individual chromosomes. Any change in the structure or number of chromosomes present may have a deleterious effect on the individual. FISH techniques allow for a more rapid examination of suspected chromosome abnormalities in living, fixed, and frozen specimens. More recently, diagnostic molecular technology has given physicians and scientists additional tools to look further into the human genome to detect genetic diseases. Diagnosis of single-gene defects associated with diseases such as cystic fibrosis, Duchenne muscular dystrophy and the fragile X syndrome is now routine. The investigation of various cancers also use chromosome analysis, FISH, microarrays, and molecular technology to determine the status of abnormal clones before and after treatment. The program The training program spans 13.5 months and consists of three terms. The first two terms are didactic (instructional), 15 and 10 weeks in length respectively, and involve lectures and laboratory study at BCIT. The third term is a 30-week practicum which begins with a four-week Clinical Readiness session on campus followed by a twenty-six-week experience at one or more of the clinical sites affiliated with BCIT. The time spent in the practicum is divided into cytogenetics/FISH/microarray and molecular technologies. After successful completion of each of the three terms, graduates are eligible to write the Certification Examination of the Canadian Alliance of Medical Laboratory Professionals Regulators (CAMLPR), which leads to the qualification of Registered Medical Laboratory Technologist for the Cytogenetics and Molecular Diagnostics fields of practice, the nationally recognized qualification for employment in the field. Clinical site partners: Provincial Health Services Authority: BC Cancer Agency – Vancouver Vancouver BC Children’s and Women’s Hospital – Vancouver Vancouver Coastal Health Authority: Vancouver General Hospital Fraser Health Authority: Royal Columbian Hospital – New Westminster Lifelabs BC, Surrey Alberta Precision Laboratories (APL), Genetics & Genomics – North (Edmonton) Alberta Precision Laboratories (APL), Genetics & Genomics – South (Calgary) Saskatchewan Health Authority: Royal University Hospital – Saskatoon Winnipeg Regional Health Authority: Diagnostic Services of Manitoba Note: Due to space limitations, some of the practicum assignments are outside the Lower Mainland. These assignments will be made at random and must be accepted by the applicant to be admitted into the program. Accreditation This program is accredited by the Health Standards Organization (HSO) and its affiliate accreditation (AC) through their EQUAL Canada program . Program delivery In person: This program is delivered on campus. Program location Burnaby Campus 3700 Willingdon Avenue Burnaby, BC Go back Courses Next up Graduating & Jobs"",""duration_years"":null,""intake_months"":[],""international_eligibility"":""Refer to official program page"",""last_checked"":""2026-09-08"",""program_id"":""5670ADVDIP"",""source_url"":""https://www.bcit.ca/programs/clinical-genetics-technology-advanced-diploma-full-time-5670advdip/"",""terms_per_year"":null,""total_credits"":""91.5""},""international_conditions"":[],""international_rule_sets"":[],""legacy_accepts_international_students"":null}",UNKNOWN_NOT_PUBLISHED,SKIP,[],[],"[""Unknown: no database actions; list absence/missing flags never imply rejection.""]",[]
5755ACERT,Occupational Health and Safety Practitioners,"{""delivery_facts"":{""authoritative_raw"":""This new 15-credit Associate Certificate program will allow graduates of the BCIT OHS Certificate program to meet the new 60 credit CRSP educational requirement. This educational pathway has been approved by the BCRSP. To complete this credential you will need to complete: 8 credits from courses in the elective course list of the existing certificate program that you did not use towards the OHS Certificate BUSA 1005 and BUSA 2005 from BCIT’s School of Business + Media. Business courses were included in this credential to cover the expanded business and systems management competencies in the current CRSP certification exam. Program length The maximum time to complete this program is seven years. Grading The required passing grades are: Occupational Health & Safety courses: 60% Business courses: 50% Program delivery Online: This program is delivered fully online. Program location Courses are offered through online learning . Go back Courses Next up Graduating & Jobs"",""duration_years"":null,""intake_months"":[],""international_eligibility"":""Refer to official program page"",""last_checked"":""2026-09-08"",""program_id"":""5755ACERT"",""source_url"":""https://www.bcit.ca/programs/occupational-health-and-safety-practitioners-associate-certificate-part-time-5755acert/"",""terms_per_year"":null,""total_credits"":""15.0""},""international_conditions"":[],""international_rule_sets"":[],""legacy_accepts_international_students"":null}",UNKNOWN_NOT_PUBLISHED,SKIP,[],[],"[""Unknown: no database actions; list absence/missing flags never imply rejection.""]",[]
576ADIPMA,Diagnostic Medical Sonography (General Sonography Option),"{""delivery_facts"":{""authoritative_raw"":""The program The General Option of the diploma program is 22 months in length. The first year of the program includes theory, labs and clinical training in general sonography (abdomen, superficial structures, pelvis, pregnant female pelvis, carotid arteries, and peripheral veins) as well as cardiac sonography (heart). While on campus, students will scan each other’s hearts (chest area), abdomens, arms, legs, and necks. All students should be prepared to be patients for these types of exams. Care is always made to keep all sensitive areas covered at all times. Students will specialize in general sonography starting in their second term. The sonographic specialties are supported by instruction in physical principles and instrumentation, patient care, communication, human behaviour, and research principles. Graduates of the general sonography program should be prepared to scan all body parts, including endo-vaginal, endo-rectal, and breast exams. Students will have the opportunity to attain all of the required skills in the Sonography Canada National Competency Profile (NCP) for the Generalist Sonographer. Students will complete the Sonography Canada Canadian Clinical Skills Assessment (CCSA) for the Generalist Sonographer during the program. Students are advised that travel to clinical placements at their own expense is required. Students are asked to identify site preferences, but it may not be possible to accommodate all requests. All students will be assigned to at least one placement site outside of the lower mainland (Vancouver Island, northern or interior BC). Some lower mainland students may be required to attend placements that are lengthy commutes from their homes, or difficult to access by bus, yet still considered a local placement. It may be possible for applicants with permanent residences outside of the lower mainland to access some clinical placements in their home area. Students are expected to have access to a computer with a high-speed internet connection and a printer, and to be proficient in the use of the Windows operating system and Microsoft Office (Word, PowerPoint, Excel). Program length 22 months, full-time. Students start in September and graduate at the end of June. Grading All didactic courses require a mark of 65 percent to pass. Lab and clinical courses require satisfactory completion of all competencies. Additional program options Cardiac Sonography Option General and Cardiac Sonography Option Accreditation This program is accredited by the Health Standards Organization (HSO) and its affiliate Accreditation Canada (EQual) . Program delivery In person: This program is delivered on campus. Program location Burnaby Campus 3700 Willingdon Avenue Burnaby, BC Go back Courses Next up Graduating & Jobs"",""duration_years"":null,""intake_months"":[],""international_eligibility"":""Refer to official program page"",""last_checked"":""2026-09-08"",""program_id"":""576ADIPMA"",""source_url"":""https://www.bcit.ca/programs/diagnostic-medical-sonography-general-sonography-option-diploma-full-time-576adipma/"",""terms_per_year"":null,""total_credits"":""113.0""},""international_conditions"":[],""international_rule_sets"":[],""legacy_accepts_international_students"":null}",UNKNOWN_NOT_PUBLISHED,SKIP,[],[],"[""Unknown: no database actions; list absence/missing flags never imply rejection.""]",[]
576BDIPMA,Diagnostic Medical Sonography (Cardiac Sonography Option),"{""delivery_facts"":{""authoritative_raw"":""The program The Cardiac Option of the diploma is 22 months in length. The first year of the program includes theory, labs and clinical training in cardiac sonography (heart) as well as general sonography (abdomen, superficial structures, pelvis, pregnant female pelvis, carotid arteries, and peripheral veins). Students will specialize in cardiac sonography starting in their second year. The sonographic specialties are supported by instruction in physical principles and instrumentation, patient care, communication, human behaviour, and research principles. Students will have the opportunity to attain all of the required skills in the Sonography Canada National Competency Profile (NCP) for the Cardiac Sonographer. Students will complete the Sonography Canada Canadian Clinical Skills Assessment (CCSA) for the Cardiac Sonographer during the program. Students are advised that travel to clinical placements at their own expense is required. Students are asked to identify site preferences, but it may not be possible to accommodate all requests. All students will be assigned to at least one placement site outside of the lower mainland (Vancouver Island, northern or interior BC). Some lower mainland students may be required to attend placements that are lengthy commutes from their homes, or difficult to access by bus, yet still considered a local placement. It may be possible for applicants with permanent residences outside of the lower mainland to access some clinical placements in their home area. Students are expected to have access to a computer with a high-speed internet connection and a printer, and to be proficient in the use of the Windows operating system and Microsoft Office (Word, PowerPoint, Excel). Program length 22 months, full-time. Students start in September and graduate at the end of June. Grading All didactic courses require a mark of 65 percent to pass. Lab and clinical courses require satisfactory completion of all competencies. Additional program options General Sonography Option General and Cardiac Sonography Option Accreditation This program is accredited by the Health Standards Organization (HSO) and its affiliate Accreditation Canada (EQual) . Go back Courses Next up Graduating & Jobs"",""duration_years"":null,""intake_months"":[],""international_eligibility"":""Refer to official program page"",""last_checked"":""2026-09-08"",""program_id"":""576BDIPMA"",""source_url"":""https://www.bcit.ca/programs/diagnostic-medical-sonography-cardiac-sonography-option-diploma-full-time-576bdipma/"",""terms_per_year"":null,""total_credits"":""110.5""},""international_conditions"":[],""international_rule_sets"":[],""legacy_accepts_international_students"":null}",UNKNOWN_NOT_PUBLISHED,SKIP,[],[],"[""Unknown: no database actions; list absence/missing flags never imply rejection.""]",[]
576CDIPMA,Diagnostic Medical Sonography (General and Cardiac Sonography Option),"{""delivery_facts"":{""authoritative_raw"":""The program The Dual Option of the diploma program is 27 months in length. The program includes theory, labs and clinical training in general sonography (abdomen, superficial structures, pelvis, pregnant female pelvis, carotid arteries, and peripheral veins) as well as cardiac sonography (heart). While on campus, students will scan each other’s hearts (chest area), abdomens, arms, legs, and necks. All students should be prepared to be patients for these types of exams. Care is always made to keep all sensitive areas covered at all times. In their second year, students will continue studies and undertake clinical placements in both general and cardiac sonography. The sonographic specialties are supported by instruction in physical principles and instrumentation, patient care, communication, human behaviour, and research principles. Graduates of the sonography program should be prepared to scan all body parts, including endo-vaginal, endo-rectal, trans-esophageal, and breast exams. Students will have the opportunity to attain all of the required skills in the Sonography Canada National Competency Profile (NCP) for the Generalist Sonographer and Cardiac Sonographer. Students will complete the Sonography Canada Canadian Clinical Skills Assessment (CCSA) for the Generalist Sonographer and Cardiac Sonographer during the program. Students are advised that travel to clinical placements at their own expense is required. Students are asked to identify site preferences, but it may not be possible to accommodate all requests. All students will be assigned to at least one placement site outside of the lower mainland (Vancouver Island, northern or interior BC). Some lower mainland students may be required to attend placements that are lengthy commutes from their homes, or difficult to access by bus, yet still considered a local placement. It may be possible for applicants with permanent residences outside of the lower mainland to access some clinical placements in their home area. Students are expected to have access to a computer with a high-speed internet connection and a printer, and to be proficient in the use of the Windows operating system and Microsoft Office (Word, PowerPoint, Excel). Program length Two years (27 months), full-time. Students start in September and graduate at the end of November. Grading All didactic courses require a mark of 65 percent to pass. Lab and clinical courses require satisfactory completion of all competencies. Additional program options Cardiac Sonography Option General Sonography Option Accreditation This program is accredited by the Health Standards Organization (HSO) and its affiliate Accreditation Canada (EQual) . Program delivery In person: This program is delivered on campus. Program location Burnaby Campus 3700 Willingdon Avenue Burnaby, BC Go back Courses Next up Graduating & Jobs"",""duration_years"":null,""intake_months"":[],""international_eligibility"":""Refer to official program page"",""last_checked"":""2026-09-08"",""program_id"":""576CDIPMA"",""source_url"":""https://www.bcit.ca/programs/diagnostic-medical-sonography-general-and-cardiac-sonography-option-diploma-full-time-576cdipma/"",""terms_per_year"":null,""total_credits"":""145.0""},""international_conditions"":[],""international_rule_sets"":[],""legacy_accepts_international_students"":null}",UNKNOWN_NOT_PUBLISHED,SKIP,[],[],"[""Unknown: no database actions; list absence/missing flags never imply rejection.""]",[]
5810DIPMA,Electroneurophysiology,"{""delivery_facts"":{""authoritative_raw"":""Modern hospitals and health care clinics require the services of trained technologists to operate sophisticated electroneuro-diagnostic (END) testing equipment. Electrodiagnostics test the integrity of the peripheral and central nervous system. BCIT’s full-time diploma program in Electroneurophysiology includes extensive clinical experience to ensure students develop the practical, hands-on skills to work in diagnostic neurophysiology departments. The program The program provides a combination of lab and lecture instruction at BCIT and clinical experience in the diagnostic neurophysiology departments of major hospitals. Note: Half of all clinical practicums will occur outside of the Lower Mainland. The program draws from a variety of subject areas: Basic physics principles and their application to Electroneurophysiology Technology are explained. Engineering provides the context for discussing electronics, electrical signals, and electrical safety. Basic health sciences inform about human physiology and the biological signals to be measured. Social sciences prepare you for interpersonal relationships within the clinical environment. Extensive clinical experience helps you develop necessary practical skills in the work environment. In both spring and fall terms, special courses in electroneurophysiology, neuroanatomy, and neuropathology train students in the basics of biological signal measurement and clinical apparatus. The spring term (20 weeks) covers different areas of clinical experience: electroencephalography (EEG), electromyography (EMG), evoked potentials, and polysomnography. Upon completion of the two-year program, graduates receive a Diploma in Electroneurophysiology. After a period of work experience in a clinical situation, graduates are eligible to write the Technologist Registration examinations of the appropriate certifying body in their chosen fields of interest. Program length Two years, full-time. Grading All courses require a 60% mark to pass with the exception of the clinical practicum courses, ENPY 2551 and ENPY 4451 which are graded on a S/U (satisfactory/unsatisfactory) basis. Program delivery In person: This program is delivered on campus. Program location Burnaby Campus 3700 Willingdon Avenue Burnaby, BC Go back Courses Next up Graduating & Jobs"",""duration_years"":null,""intake_months"":[],""international_eligibility"":""Refer to official program page"",""last_checked"":""2026-09-08"",""program_id"":""5810DIPMA"",""source_url"":""https://www.bcit.ca/programs/electroneurophysiology-diploma-full-time-5810dipma/"",""terms_per_year"":null,""total_credits"":""136.0""},""international_conditions"":[],""international_rule_sets"":[],""legacy_accepts_international_students"":null}",UNKNOWN_NOT_PUBLISHED,SKIP,[],[],"[""Unknown: no database actions; list absence/missing flags never imply rejection.""]",[]
6040ACERT,Fundamentals of Water and Wastewater Operations,"{""delivery_facts"":{""authoritative_raw"":""Program length The Associate Certificate in Fundamentals of Water and Wastewater Operations is a one-year, part-time program. Students proceed through this program as a cohort. Each cohort will complete one course at a time and will be provided with their course schedule at the time of registration. Grading The passing grade for each course is 60%. Accreditation BCIT’s Associate Certificate in Fundamentals of Water and Wastewater Operations is designed to meet the educational requirement for an “Operator In Training” (following completion of 2 of 5 of the courses, or 9.0 CEU’s) and completion of the full program (22.5 CEU’s) helps prepare graduates to write the “Operator Level 1” Exam through the Environmental Operators Certification Program (EOCP) . Please be advised that there are other requirements to becoming an Operator Level 1 including one year experience at a Class 1 facility. The entry level positions you may opt to apply for during this program would count towards those Level 1 EOCP hour requirements, but will not necessarily have you undertaking operator work. For more information about EOCP certification, please visit https://eocp.ca/ . Program delivery Online: This program is delivered fully online. Program location Courses are offered through online learning . Co-operative education In addition to the five online courses in the program, students will have the opportunity to apply for cooperative education opportunities and seasonal and temporary work opportunities. The flexibility of this flexible learning (part-time studies) program will allow students to undertake an employment experience while taking courses. Employment experience will be woven into the program through an assignment, which is introduced during WATR 1030 (course 3 of 5) and completed by the last course in the program, WATR 1050 . Students not able to participate in an employment experience would undertake an alternate activity that is research-based. Go back Courses Next up Graduating & Jobs"",""duration_years"":null,""intake_months"":[],""international_eligibility"":""Refer to official program page"",""last_checked"":""2026-09-08"",""program_id"":""6040ACERT"",""source_url"":""https://www.bcit.ca/programs/fundamentals-of-water-and-wastewater-operations-associate-certificate-part-time-6040acert/"",""terms_per_year"":null,""total_credits"":""15.0""},""international_conditions"":[],""international_rule_sets"":[],""legacy_accepts_international_students"":null}",UNKNOWN_NOT_PUBLISHED,SKIP,[],[],"[""Unknown: no database actions; list absence/missing flags never imply rejection.""]",[]
605DDIPMA,Technology Teacher Education,"{""delivery_facts"":{""authoritative_raw"":""The first year of Technology Teacher Education covers foundational theory and practice, such as: material science, structures, shop safety and mathematics hand and power tools, computer control and software design tools electronics, woodworking, metal and plastics fabrication, design, drawing and power technology Your second year drills deeper into theoretical and practical coursework which further examines a wide variety of technical areas: furniture design, automotive diagnostics, power and energy technologies computer aided design and manufacturing and digital electronics You will learn how to incorporate design, problem-solving skills, knowledge about tools, materials and processes. Program length Two years, full-time, September to May. Safety requirements Your safety is our priority. Students will be required to use a variety of machinery and abide by safety requirements including wearing appropriate personal protective equipment (PPE) such as safety footwear, safety eye and face protection, respiratory protection, protective clothing, and other protective equipment as required. To protect from entanglement, students will have to remove jewelry such as rings, bracelets, necklaces, and watches and secure loose clothing and hair. Details will be covered in the program. Program delivery In person: This program is delivered on campus. Program location Burnaby Campus 3700 Willingdon Avenue Burnaby, BC Go back Courses Next up Graduating & Jobs"",""duration_years"":null,""intake_months"":[],""international_eligibility"":""Refer to official program page"",""last_checked"":""2026-09-08"",""program_id"":""605DDIPMA"",""source_url"":""https://www.bcit.ca/programs/technology-teacher-education-diploma-full-time-605ddipma/"",""terms_per_year"":null,""total_credits"":""140.0""},""international_conditions"":[],""international_rule_sets"":[],""legacy_accepts_international_students"":null}",UNKNOWN_NOT_PUBLISHED,SKIP,[],[],"[""Unknown: no database actions; list absence/missing flags never imply rejection.""]",[]
6090CERT,"Essential Technical Skills for Architecture, Construction, and Engineering","{""delivery_facts"":{""authoritative_raw"":""Practicum courses The ACE Certificate includes two mandatory paid internship (work-integrated learning, or WIL) placements. Students are hired by established ACE Industry Partners as temporary full-time employees for a period of 23-weeks during each of the two internship placements. Students complete their online studies concurrent with these paid internship placements, outside of work hours. Program length 14 months, part-time. The maximum time to complete this program is three years. Students proceed through this program as a cohort. Students will be provided with their course schedule at the time of registration. Grading The passing grade for each course is 50%. Students must successfully complete all three Summer in-person courses to proceed to the 12-month online studies and work-integrated learning portion of the program. Students must successfully complete the first paid 23-week internship placement and related practicum course to proceed to the second paid 23-week internship placement and related practicum course. Program delivery Blended: This program is delivered partly on campus and partly online. The ACE Certificate is a 14-month program, running from July to August, as follows: In-person courses (6 weeks) : Three in-person courses delivered at the Burnaby Campus, weekdays from 9:00 am to 4:00 pm from early July to mid/late August. Online courses and work-integrated learning (12 months) : Five online courses (partly synchronous and partly asynchronous) delivered sequentially over one year from early September to end of August, and Two full-time paid internship placements (23 weeks each) supported by two online practicum courses delivered over one year from early September to end of August. Program location Burnaby Campus 3700 Willingdon Avenue Burnaby, BC Okanagan College Kelowna Campus 1000 KLO Road Kelowna, BC Distance and online learning Go back Courses Next up Faculty, Advisors & Staff"",""duration_years"":null,""intake_months"":[],""international_eligibility"":""Refer to official program page"",""last_checked"":""2026-09-08"",""program_id"":""6090CERT"",""source_url"":""https://www.bcit.ca/programs/essential-technical-skills-for-architecture-construction-and-engineering-certificate-part-time-6090cert/"",""terms_per_year"":null,""total_credits"":""46.0""},""international_conditions"":[],""international_rule_sets"":[],""legacy_accepts_international_students"":null}",UNKNOWN_NOT_PUBLISHED,SKIP,[],[],"[""Unknown: no database actions; list absence/missing flags never imply rejection.""]",[]
6285CERT,Fire Service Industry Leadership,"{""delivery_facts"":{""authoritative_raw"":""Program delivery Blended: This program is delivered partly on campus and partly online. The program is delivered in cohorts, scheduled in coordination with fire departments. Scheduling options include weekly, bi-weekly, or monthly session formats, determined in partnership with the participating departments. Program structure The Certificate in Fire Service Industry Leadership is organized around four interconnected microcredentials and two capstone projects. The microcredentials each consist of four 1-credit courses delivered in a blended format—face-to-face workshop sessions held at fire halls across the region, combined with online learning. Microcredential 1: Leadership Foundations — Self, Teams, & Collective Performance Leadership development is the bridge between strong, operational experience and the next stage of responsibility—supervising people, improving performance, and shaping how the work gets done. Grounded in leadership foundations across self, team, and collective performance, participants strengthen self-awareness and decision-making, practice tools that build alignment and accountability, and develop practical approaches to improve productivity by matching people, roles, and resources. The courses in this microcredential support immediate application, while preparing participants to take on greater supervisory and leadership responsibility. Microcredential 2: Leading an Engaged & Inclusive Organization Engagement and inclusion don’t happen by accident. They are built through everyday leadership practices that help people feel they belong, can contribute, and are supported to perform at their best. Participants develop practical skills to strengthen equity and inclusion, communicate with clarity and care in difficult conversations, and connect day-to-day decisions to organizational purpose and culture. Microcredential 3: Leading Change — Influence & Impact Change succeeds when people understand the “why,” trust the process, and see their role in making it real. Focused on influence and impact, this microcredential strengthens the skills leaders need to move from identifying complex problems to mobilizing stakeholders and sustaining adoption. Participants build confidence in creative problem solving, practice communication approaches that connect and persuade, and apply change-management tools to plan, lead, measure, and reinforce meaningful change in their teams and organizations. Microcredential 4: Leading in a Municipal Environment In municipal environments, leadership is exercised as much through policy, budgets, and relationships as it is through operations. Grounded in the realities of local government, this microcredential helps participants navigate the systems that shape municipal organizations—labour relations and collective agreements, financial stewardship and procurement, fair and effective recruitment and onboarding, and the governance structures that influence decisions and accountability. Participants leave better equipped to represent their organization with credibility, make informed recommendations, and lead with confidence within the broader public-service context. Capstone Projects: Two work-integrated learning projects, with in-person kickoff sessions, scheduled faculty check-ins, and a final written report and presentation delivered to department leadership. Continue your education Graduates of this certificate are eligible to apply for admission into BCIT's Bachelor of Business Administration (BBA) program through the existing Executive Pathway . An Experience-Based Placement assessment will determine bridging requirements for admission. Go back Courses Next up Contact Us"",""duration_years"":null,""intake_months"":[],""international_eligibility"":""Refer to official program page"",""last_checked"":""2026-09-08"",""program_id"":""6285CERT"",""source_url"":""https://www.bcit.ca/programs/fire-service-industry-leadership-certificate-part-time-6285cert/"",""terms_per_year"":null,""total_credits"":""32.0""},""international_conditions"":[],""international_rule_sets"":[],""legacy_accepts_international_students"":null}",UNKNOWN_NOT_PUBLISHED,SKIP,[],[],"[""Unknown: no database actions; list absence/missing flags never imply rejection.""]",[]
6315ACERT,Event Marketing and Planning Foundations,"{""delivery_facts"":{""authoritative_raw"":""This special package of courses is designed to give you a fast track to a career in event marketing. No matter whether you’re new to marketing, whether you have a degree or diploma in a non-marketing area, or whether you already work in a marketing department and want to gain additional certification, this program is for you. Event planning and marketing is becoming a much more sophisticated discipline as corporations recognize the need to integrate events into the traditional marketing mix. It’s currently a multi-billion-dollar industry in North America and is projected to grow. Through this series of seven core courses, you’ll work closely with industry professionals to gain the hands-on experience with event marketing through studies, projects, and real-world case studies you can use in your career immediately. And with a flexible availability of courses both in the classroom and online, you can choose the path and schedule that fits your own needs while being prepared for a successful career in event marketing in as little as six months. Program delivery The program can be delivered fully online or partly online and partly on campus. Program location Burnaby Campus 3700 Willingdon Avenue Burnaby, BC Downtown Campus 555 Seymour Street Vancouver, BC Courses are also offered through online learning . Go back Courses Next up Graduating & Jobs"",""duration_years"":null,""intake_months"":[],""international_eligibility"":""Refer to official program page"",""last_checked"":""2026-09-08"",""program_id"":""6315ACERT"",""source_url"":""https://www.bcit.ca/programs/event-marketing-and-planning-foundations-associate-certificate-part-time-6315acert/"",""terms_per_year"":null,""total_credits"":""22.0""},""international_conditions"":[],""international_rule_sets"":[],""legacy_accepts_international_students"":null}",UNKNOWN_NOT_PUBLISHED,SKIP,[],[],"[""Unknown: no database actions; list absence/missing flags never imply rejection.""]",[]
6365ACERT,Food Safety,"{""delivery_facts"":{""authoritative_raw"":""Program delivery Blended: This program is delivered partly on campus and partly online. Program location Courses may be offered at the following locations: Burnaby Campus 3700 Willingdon Avenue Burnaby, BC Distance and online learning Go back Courses Next up Graduating & Jobs"",""duration_years"":null,""intake_months"":[],""international_eligibility"":""Refer to official program page"",""last_checked"":""2026-09-08"",""program_id"":""6365ACERT"",""source_url"":""https://www.bcit.ca/programs/food-safety-associate-certificate-part-time-6365acert/"",""terms_per_year"":null,""total_credits"":""15.5""},""international_conditions"":[],""international_rule_sets"":[],""legacy_accepts_international_students"":null}",UNKNOWN_NOT_PUBLISHED,SKIP,[],[],"[""Unknown: no database actions; list absence/missing flags never imply rejection.""]",[]
6465ACERT,Web and Mobile Application Development,"{""delivery_facts"":{""authoritative_raw"":""Students must provide a current model PC desktop or laptop with a webcam, microphone and have high-speed internet access. COMP courses may use two-way audio and video, as well as group work outside of class. Timeline WMA may be completed with as few as 7 courses. However, delivery was designed for 1-2 courses per term, not full-time delivery. Due to prerequisites and scheduling, it is typically not possible to complete this part-time program in less than 4 terms (12+ months). Depending on their course load, some students may be able to complete both ASD and WMA in sequence in around three years. Workload Attendance and participation are mandatory. COMP courses have significant homework each week. Please budget 12-15+ hours per week for each course. Credit Overlap Associate Certificates require a minimum of 25% unique credits. It is not possible to earn multiple BCIT credentials using all the same credits in each program. Program delivery Blended: This program has courses that are delivered on campus or partly on campus and partly online. Some COMP courses are delivered entirely online and others are entirely on campus. A few course sections in have a blended delivery with synchronous on campus classes, and others have synchronous online classes, while both options include required asynchronous online components. Program location Courses may be offered at the following locations: Burnaby Campus 3700 Willingdon Avenue Burnaby, BC Downtown Campus 555 Seymour Street Vancouver, BC Distance and online learning Program abandonment Students approved for a Flexible Learning (Part-time Studies) program are expected to register and complete courses on a continuous basis. A student that has not completed a course from their approved program of study over a period of three consecutive academic terms will be considered to have abandoned the program. Throughout the duration of the program, a student is permitted a maximum of five academic terms where they are not required to register and complete a course from their approved program of study. Students who exceed the five term maximum will be considered to have abandoned the program. Students who have abandoned their approved program of study and wish to be reinstated will be required to apply for program approval for a current credential. BCIT cannot guarantee that courses taken prior to this reapplication will be credited towards the current credential. BCIT Policy 5103 - Student Evaluation [PDF] permits a maximum of three attempts to successfully complete each course within a credential. Go back Courses Next up Graduating & Jobs"",""duration_years"":null,""intake_months"":[],""international_eligibility"":""Refer to official program page"",""last_checked"":""2026-09-08"",""program_id"":""6465ACERT"",""source_url"":""https://www.bcit.ca/programs/web-and-mobile-application-development-associate-certificate-part-time-6465acert/"",""terms_per_year"":null,""total_credits"":""21.0""},""international_conditions"":[],""international_rule_sets"":[],""legacy_accepts_international_students"":null}",UNKNOWN_NOT_PUBLISHED,SKIP,[],[],"[""Unknown: no database actions; list absence/missing flags never imply rejection.""]",[]
6615DIPMA,Medical Laboratory Science,"{""delivery_facts"":{""authoritative_raw"":""The Medical Laboratory Science (MLS) program curriculum is designed to prepare the student for work within the clinical laboratory. Curriculum and program objectives are built based on the state of practice in the BC medical laboratory community, and on competencies established by the Canadian Alliance of Medical Laboratory Professionals Regulators (CAMLPR) for entry-level medical laboratory technology. The program provides theoretical, practical and clinical learning experiences. In this competency-based model, students have the opportunity to first practice, and then demonstrate, competency in a variety of clinical testing domains, including phlebotomy. Students prove competence through experiences in a clinical setting. Successful completion of this program requires proof of competence in all aspects of the general competency profile [PDF] for CAMPLR Entry-to-Practice as a medical laboratory technologist. Upon completion of the program, students are eligible to write the General Medical Laboratory Technologist entry-to-practice exam. Successful completion of the exam enables one to apply for registration to practice medical laboratory technology across Canada. BCIT arranges clinical placements for each student. Clinical placements are located in a variety of accredited laboratories throughout BC including the Interior, the Kootenay region, Vancouver Island and the Greater Metro Vancouver area. Not all clinical facilities are easily accessible by public transportation, students assigned to these sites must have access to personal transportation. Students are responsible for travel, accommodation arrangements and costs to, during and from their clinical experience. Students continue with their didactic studies thru on-line learning while on their clinical placement and stable internet access is required. Note: For clinical site assignment, an automated matching program is used, where students input their preferences for clinical placements. However, there is no guarantee that students will receive a clinical site assignment from their list of preferred sites. Students must be prepared to attend their assigned placement at any of the clinical sites in the province. Clinical partners Dynacare Fraser Health Authority Interior Health Authority LifeLabs Medical Laboratory Services Providence Health Authority Provincial Health Services Authority Vancouver Coastal Health Authority Vancouver Island Health Authority Program length Two and a half years, full-time, beginning in September each year. The program consists of four on-campus terms and one clinical term. The first term begins in September for 15 weeks, followed by a January term for 20 weeks. Students then break for the summer, returning in September for a 15-week term and a 19-week term starting in January. Shortly after students complete the fourth term, they progress to a 35-week clinical placement. Students will write the national CAMLPR exam in March, after they have successfully completed the program. Grading All MLS didactic courses require 60% in each of their components to pass. Clinical experience is competency based and therefore has a satisfactory/ unsatisfactory grade. To continue from one level of the program to the next, all courses must be successfully completed in each level. To graduate, all courses must be successfully completed, including the online learning materials which supports the Term 5 clinical placement. Accreditation This program is accredited by the Health Standards Organization (HSO) and its affiliate accreditation (AC) through their new EQUAL Canada program . Program delivery In person: This program is delivered on campus. Program location Burnaby Campus 3700 Willingdon Avenue Burnaby, BC Program structure 2.5 years, full-time Begins in September each year Four on-campus terms, one clinical term: Term 1: 15 Weeks (September – December) Term 2: 20 Weeks (January – May) Term 3: 15 Weeks (September – December) Term 4: 19 Weeks (January – May) Term 5: 35 Weeks (Jun – February) Graduation date: February CAMLPR exam date: March Continue your education The Canadian healthcare system is constantly evolving with the establishment of new responsibilities for care and treatment. Entering the Medical Laboratory Science field means that you are prepared for lifelong learning as your chosen career continues to change. Opportunities exist for graduates to continue training into laboratory information systems, advanced medical laboratory practice and management. Graduates also pursue opportunities in the areas of laboratory instrument sales and technical support, research and medical laboratory education. On completion of the diploma program and Medical Laboratory Technologist Entry-to-Practice exam with CAMLPR, students are eligible to apply for degree transfer into year 3 of the Bachelor of Medical Laboratory Science program at the University of British Columbia (UBC). With appropriate prerequisite work in undergraduate general science courses, it is anticipated that a time frame of approximately five years full-time will allow for completion of both the BCIT diploma and UBC BMLSc degree. Go back Courses Next up Graduating & Jobs"",""duration_years"":null,""intake_months"":[],""international_eligibility"":""Refer to official program page"",""last_checked"":""2026-09-07"",""program_id"":""6615DIPMA"",""source_url"":""https://www.bcit.ca/programs/medical-laboratory-science-diploma-full-time-6615dipma/"",""terms_per_year"":null,""total_credits"":""156.5""},""international_conditions"":[],""international_rule_sets"":[],""legacy_accepts_international_students"":null}",UNKNOWN_NOT_PUBLISHED,SKIP,[],[],"[""Unknown: no database actions; list absence/missing flags never imply rejection.""]",[]
6635DIPMA,Medical Radiography,"{""delivery_facts"":{""authoritative_raw"":""Mission Statement The Medical Radiography program will provide quality education to graduate professional medical radiography practitioners capable of adapting to the complex and evolving health care environment. The goals of the Medical Radiography program are to graduate competent medical radiography technologists by providing: quality medical imaging education with an integration of didactic and clinical practice multifaceted learning opportunities in a safe environment environments conducive to developing humanistic skills required to foster patients’ safety and well-being in a diverse society critical thinking opportunities focusing on the CAMRT competencies while fulfilling provincial employability requirements professional best practice opportunities to enable graduates to become an integral member of the healthcare team opportunities to develop lifelong learning skills Medical radiography is not a hazardous occupation. The dangers of radiation are well recognized and rigidly controlled. Throughout the program, students receive intensive theoretical and practical instruction through lectures, labs, blended and online courses. Students are expected to act as simulated patients to learn positioning techniques, as well as interpersonal skills. In addition, students gain practical experience in the clinical environment. Clinical experiences are located in various hospital sites throughout Vancouver Coastal, Fraser Health and Interior Health Authorities. These experiences are designed to promote confidence, competence and professional practice through repetition of the “learn, understand, apply” learning cycle. Students continue with their academic studies via concurrent online courses throughout their clinical terms. The Medical Radiography program uses a computerized student site-matching program together with student input for the assignment of clinical sites. The clinical sites are located in the Interior, Kootenays and Lower Mainland. Although students provide input in for determining the location of each clinical experience assignment, there is no guarantee that students will receive their preferred placements. Students must acknowledge that one or more of their clinical placements could be at any of our clinical sites located throughout the Province. Students must have personal transportation, as not all clinical facilities are easily accessible by public transportation. Students are responsible for providing their own transportation and accommodations while on the clinical practicum. Program length 24 months, full-time. Four clinical practicum rotations at three to four different sites will be scheduled within this time frame. Grading All didactic (instructional) courses require a 65% mark to pass. All clinical experience is competency-based and therefore has a satisfactory/unsatisfactory grading. To continue from one term of the program to the next, all courses must be successfully completed in each term. To graduate, all courses must be successfully completed. Accreditation This program is accredited by the Health Standards Organization (HSO) and its affiliate accreditation (AC) through their new EQUAL Canada program . Program delivery In person: This program is delivered on campus. Program location Burnaby Campus 3700 Willingdon Avenue Burnaby, BC Continue your education BCIT offers a Bachelor of Health Science in Magnetic Resonance Imaging that continues from the two year Medical Radiography diploma. Thompson River University offers a laddering opportunity for degree completion. Go back Courses Next up Graduating & Jobs"",""duration_years"":null,""intake_months"":[],""international_eligibility"":""Refer to official program page"",""last_checked"":""2026-09-07"",""program_id"":""6635DIPMA"",""source_url"":""https://www.bcit.ca/programs/medical-radiography-diploma-full-time-6635dipma/"",""terms_per_year"":null,""total_credits"":""148.5""},""international_conditions"":[],""international_rule_sets"":[],""legacy_accepts_international_students"":null}",UNKNOWN_NOT_PUBLISHED,SKIP,[],[],"[""Unknown: no database actions; list absence/missing flags never imply rejection.""]",[]
6645ADCERT,Bridging Medical Radiography,"{""delivery_facts"":{""authoritative_raw"":""Program length 8 months. Grading Minimum passing grade of 65% and completion of all exams, assignments, and discussion posts. Accreditation Accreditation through EQUAL Canada is currently in progress. Program delivery Blended: This program is delivered partly on campus and partly online. Program location Burnaby Campus 3700 Willingdon Avenue Burnaby, BC Distance and online learning Clinical placements are arranged with program partners across Canada. Go back Courses Next up Graduating & Jobs"",""duration_years"":null,""intake_months"":[],""international_eligibility"":""Refer to official program page"",""last_checked"":""2026-09-08"",""program_id"":""6645ADCERT"",""source_url"":""https://www.bcit.ca/programs/bridging-medical-radiography-advanced-certificate-part-time-6645adcert/"",""terms_per_year"":null,""total_credits"":""31.0""},""international_conditions"":[],""international_rule_sets"":[],""legacy_accepts_international_students"":null}",UNKNOWN_NOT_PUBLISHED,SKIP,[],[],"[""Unknown: no database actions; list absence/missing flags never imply rejection.""]",[]
6705DIPMA,Nuclear Medicine,"{""delivery_facts"":{""authoritative_raw"":""Program length Two years, full-time beginning in September each year. Grading All courses require a 65% mark to pass. During Levels 3 and 4, students spend alternate two-week periods of 35 hours per week in the clinical area. The hours listed for these levels are the average hours per week for the term on campus. Accreditation This program is accredited by the Health Standards Organization (HSO) and its affiliate accreditation (AC) through their new EQUAL Canada program . Program delivery In person: This program is delivered on campus. Program location Burnaby Campus 3700 Willingdon Avenue Burnaby, BC Continue your education BCIT offers a Bachelor of Health Science in Magnetic Resonance Imaging that continues from the two-year Nuclear Medicine Diploma program. Go back Courses Next up Graduating & Jobs"",""duration_years"":null,""intake_months"":[],""international_eligibility"":""Refer to official program page"",""last_checked"":""2026-09-08"",""program_id"":""6705DIPMA"",""source_url"":""https://www.bcit.ca/programs/nuclear-medicine-diploma-full-time-6705dipma/"",""terms_per_year"":null,""total_credits"":""151.0""},""international_conditions"":[],""international_rule_sets"":[],""legacy_accepts_international_students"":null}",UNKNOWN_NOT_PUBLISHED,SKIP,[],[],"[""Unknown: no database actions; list absence/missing flags never imply rejection.""]",[]
675FACERT,Fire Protection Inspection and Testing,"{""delivery_facts"":{""authoritative_raw"":""To qualify for an Associate Certificate students must complete: All required courses (12.0 credits) A minimum of 11.0 credits of elective courses Two years of relevant industry experience testing and inspecting related life-safety systems. All courses are subject to change. Additions and deletions to the listed courses reflect continuing developments. Program length The time required to complete this program depends on course availability and the student’s planned schedule of courses. Program completion can take several years as not all courses are available each term and course prerequisites may prevent students from taking all courses offered each term. In addition, courses may be offered but cancelled due to insufficient demand or other circumstances. Accreditation Equivalent ASTTBC Disciplines Students seeking certification through ASTTBC in a particular discipline must demonstrate academic competence. The following table shows how BCIT courses align with selected ASTTBC Fire Protection Technician disciplines: BCIT Courses ASTTBC Discipline Credits FIRE 2077 Emergency Lighting Systems EM 1.5 FIRE 2080 Automatic Sprinkler and Standpipe Testing WA 3.0 FIRE 2081 Overview of Fire Alarm Systems AL 2.5 FIRE 2083 Fire Alarm Systems – Testing and Inspection AL 2.5 FIRE 2086 Smoke Control and HVAC Systems SM 2.5 FIRE 2088 Special Fire Suppression Systems SP 3.0 OCHS 1410 Fire Extinguisher Service Technician EX 1.5 Use the above equivalency table as a guide. Please confirm the exact equivalency requirements with ASTTBC before registering for courses. Program delivery Blended: This program is delivered partly on campus and partly online. Program location Burnaby Campus 3700 Willingdon Avenue Burnaby, BC Distance and online learning Program structure To qualify for an Associate Certificate students must complete: All required courses (12.0 credits) A minimum of 11.0 credits of elective courses Two years of relevant industry experience All courses are subject to change. Additions and deletions to the listed courses reflect continuing developments. Go back Courses Next up Graduating & Jobs"",""duration_years"":null,""intake_months"":[],""international_eligibility"":""Refer to official program page"",""last_checked"":""2026-09-08"",""program_id"":""675FACERT"",""source_url"":""https://www.bcit.ca/programs/fire-protection-inspection-and-testing-associate-certificate-part-time-675facert/"",""terms_per_year"":null,""total_credits"":""23.0""},""international_conditions"":[],""international_rule_sets"":[],""legacy_accepts_international_students"":null}",UNKNOWN_NOT_PUBLISHED,SKIP,[],[],"[""Unknown: no database actions; list absence/missing flags never imply rejection.""]",[]
6820ASCERT,Cardiovascular Perfusion,"{""delivery_facts"":{""authoritative_raw"":""The Advanced Certificate in Cardiovascular Perfusion program is two years in length, consisting of a first year of online learning, followed by a second year of full-time clinical rotations. The first academic year consists of three semesters of online distance courses. During this year students gain the fundamental knowledge required for entry to the clinical rotations. A strong understanding of cardiothoracic anatomy, physiology and pharmacology is essential knowledge in order to grasp the physical principles of perfusion science. An emphasis on cardiothoracic pathophysiology, as well as surgical techniques, is introduced early in order to prepare for clinical. Students are expected to spend approximately 15-20 hours/week completing coursework, including online group discussions, instructor-directed problem solving/quizzes, and peer-reviewed lectures. Upon successful completion of the first year, students enter an intensive, full-time, 45-week clinical rotation where they train alongside qualified clinical perfusionists in the hospital setting, using the experience to complete clearly defined clinical year objectives. The majority of this clinical year is spent learning the theoretical and practical application of safe cardiopulmonary bypass, as well as taking part in class days, wet lab work, lectures and student presentations. Students are taught to communicate effectively with members of the health care team, patients and their families. Students learn to use reason, analysis, calculations, problem solving, critical thinking, and other learning skills to acquire knowledge, and to comprehend and synthesize complex situations. Students must be prepared for achieving and maintaining a high level of knowledge and clinical competence, as well as having a distinct awareness of the consequence of error in judgment and/or skill. Under supervision, students are assessed on how safely and effectively they work in often stressful situations. Clinical site rotations are assigned to students by BCIT faculty. Although student input is used for site assignments, there is no guarantee that all learners will receive their preferred placements. Site assignments require that students travel and make arrangements for accommodation in out of town sites according to the length of each rotation. The duration of the clinical courses are two and three weeks (two courses) and 14 weeks (two courses) and 15 weeks (one course). Complete clinical schedules will be available to students three months prior to beginning the clinical year. The hospitals listed below will provide clinical placements: Clinical site partners BC Children’s Hospital Foothills Medical Centre Kelowna General Hospital Mazankowski Alberta Heart Institute Regina General Hospital Royal Columbian Hospital Royal Jubilee Hospital Royal University Hospital St. Boniface Hospital St. Paul’s Hospital Vancouver General Hospital Halifax Infirmary Program length Two years in length, consisting of a first year of part-time distance learning, followed by a second year of full-time clinical rotations. Accreditation This program is accredited by the Health Standards Organization (HSO) and its affiliate accreditation (AC) through their new EQUAL Canada program . Program delivery In person: This program is delivered on campus. Program location The first-year didactic courses are offered through online learning . The Cardiovascular Perfusion lab is located at the Aerospace Technology Campus in Richmond, BC. Go back Courses Next up Graduating & Jobs"",""duration_years"":null,""intake_months"":[],""international_eligibility"":""Refer to official program page"",""last_checked"":""2026-09-08"",""program_id"":""6820ASCERT"",""source_url"":""https://www.bcit.ca/programs/cardiovascular-perfusion-advanced-certificate-part-time-6820ascert/"",""terms_per_year"":null,""total_credits"":""119.5""},""international_conditions"":[],""international_rule_sets"":[],""legacy_accepts_international_students"":null}",UNKNOWN_NOT_PUBLISHED,SKIP,[],[],"[""Unknown: no database actions; list absence/missing flags never imply rejection.""]",[]
6957ACERT,Applied Web Development,"{""delivery_facts"":{""authoritative_raw"":""AWD is not available to International students. This program was not designed for full-time delivery or for those on short funding timelines. It was designed for part-time delivery, and most students complete AWD in just over two years, part-time, one course at a time. The Applied Web Development (AWD) program is built on hand-coding web development skills using HTML5 and CSS3, following industry standards. The core curriculum also includes computer science foundation courses. Key topics Web development & design Best practices for hand-coding with HTML5, CSS3, and JavaScript Advanced JavaScript for Front-end and Back-end web development Database development Data modeling & entity relationships Relational database design & SQL programming Software development life cycle Business Analysis and Systems Design Determining user requirements and storytelling Diagramming tools, use cases, business processes, & documentation Professional & collaboration skills Group work & presentation skills Elective options Front-End Development: React.js, Angular and Vue.js Back-End Development: Node.js, PHP and Go UX/UI Development IT Project Management Course load & fast-track options Designed for 1-2 courses per term (evenings & weekends) COMP 1002- Applied Computer Concepts is the recommended prerequisite for all courses in this program Due to prerequisites and scheduling, AWD cannot typically be completed in less than 3 terms. Please email cstflex@bcit.ca for fast-track course planning options Some students may complete AWD in one year by: Taking the compressed 6-week courses ( COMP 1850 & COMP 2132 ) during the day at the Downtown Campus, this is twice the weekly workload and class hours. Completing the remaining courses evenings and weekends. Most students complete AWD in just over 2 years with 1 course per term. Computer requirements To participate in COMP courses, students must have: A current-model PC desktop or laptop capable of running Windows 11 A webcam and microphone High-speed internet access Some courses use two-way audio/video and require group work outside of class. Students must be computer literate. If you have questions, contact cstflex@bcit.ca . Start with just one course – COMP 1850 Web Design and Development with HTML Program delivery Blended: This program is delivered partly on campus and partly online. Some COMP courses are delivered entirely online and others are entirely on campus. A few course sections in AWD have a blended delivery with synchronous on campus classes, and others have synchronous online classes, while both options include required asynchronous online components. Program location Courses may be offered at the following locations: Burnaby Campus 3700 Willingdon Avenue Burnaby, BC Downtown Campus 555 Seymour Street Vancouver, BC Online Learning Program abandonment Students approved for a Flexible Learning (Part-time Studies) program are expected to register and complete courses on a continuous basis. A student that has not completed a course from their approved program of study over a period of three consecutive academic terms will be considered to have abandoned the program. Throughout the duration of the program, a student is permitted a maximum of five academic terms where they are not required to register and complete a course from their approved program of study. Students who exceed the five term maximum will be considered to have abandoned the program. Students who have abandoned their approved program of study and wish to be reinstated will be required to apply for program approval for a current credential. BCIT cannot guarantee that courses taken prior to this reapplication will be credited towards the current credential. BCIT Policy 5103 - Student Evaluation [PDF] permits a maximum of three attempts to successfully complete each course within a credential. Go back Courses Next up Graduating & Jobs"",""duration_years"":null,""intake_months"":[],""international_eligibility"":""Refer to official program page"",""last_checked"":""2026-09-08"",""program_id"":""6957ACERT"",""source_url"":""https://www.bcit.ca/programs/applied-web-development-associate-certificate-part-time-6957acert/"",""terms_per_year"":null,""total_credits"":""24.0""},""international_conditions"":[],""international_rule_sets"":[],""legacy_accepts_international_students"":null}",UNKNOWN_NOT_PUBLISHED,SKIP,[],[],"[""Unknown: no database actions; list absence/missing flags never imply rejection.""]",[]
6958ACERT,Applied Software Development (ASD),"{""delivery_facts"":{""authoritative_raw"":""Software developers will also need to have Applied Computer Information Systems (ACIS) skills which include: computer and file management, web development, mathematics, database and communications. Applied Software Development (ASD) is a part-time associate certificate program that was designed for delivery of one (1) course per term with completion in around two (2) years part-time. Those students able to complete two (2) courses per term could complete ASD and ACIS simultaneously in two (2) years, at night and on weekends. Together ASD and ACIS can provide over 70% of the Computer Systems Certificate (CSC) . Each COMP course in this program requires a total time commitment of 12-15 hours per week or a minimum of 100 hours with homework. The ASD program requires a total commitment of over 1,000 hours for most students. Note: Flexible Learning was not designed for full-time delivery or for those on funding timelines. International Students: ASD is not open to international students as the program cannot be completed with 9 credits per term. In order to maintain minimum credits for study permits, please consider CSC which is reopened to international students. Computer hardware and Internet requirements Students must provide a current model PC desktop or laptop with a webcam, microphone and have high-speed internet access. COMP courses may use two-way audio and video as well as group work outside of class. Participants must be computer literate in order to participate and complete each COMP course. Please contact the department via email: cstflex@bcit.ca if you have any questions. ASD was not designed for full-time delivery or for those on funding timelines. This program was designed for part-time delivery of one or two courses per term. Most students complete ASD in around two (2) years part-time, at night and on weekends. Please complete COMP 2509 prior to COMP 2831, and choose only one (1) of any higher-level programming course per term, ASD is a sub-set of the Computer Systems Certificate (CSC) and CST FLEX Diploma program, focused on programming languages, designed and delivered by industry experts, and includes a variety of integrated software development environments. Credit Overlap: The follow-on advanced web software application development program was designed for students not moving on to the CST Diploma. Web and Mobile Application Development Associate Certificates require a minimum of 25% unique credits. It is not possible to earn multiple BCIT credentials using all the same credits. Please Note: Students must complete COMP 1516 with 70% or better before declaring ASD. Program delivery Blended: This program is delivered partly on campus and partly online. This program may offer a choice of course deliveries: some courses are entirely on campus, others are blended, in-person on campus with required online components. A selection of courses are delivered synchronously online, but may require scheduled in campus exams. Program location Courses may be offered at the following locations: Burnaby Campus 3700 Willingdon Avenue Burnaby, BC Downtown Campus 555 Seymour Street Vancouver, BC Online Learning Continue your education BCIT offers part-time students the opportunity to complete a series of credential programs, ultimately leading to a Bachelor of Science in Applied Computer Science. These first three credentials ladder towards the CST Diploma and the first two Associate Certificates, ASD & ACIS may be taken simultaneously. If you apply and qualify, you can earn the following credentials: Applied Software Development (ASD) - Associate Certificate Applied Computer Information Systems (ACIS) - Associate Certificate Computer Systems Certificate (CSC) Computer Systems Technology Diploma (CST) Bachelor of Science in Applied Computer Science Program abandonment Students approved for a Flexible Learning (Part-time Studies) program are expected to register and complete courses on a continuous basis. A student that has not completed a course from their approved program of study over a period of three consecutive academic terms will be considered to have abandoned the program. Throughout the duration of the program, a student is permitted a maximum of five academic terms where they are not required to register and complete a course from their approved program of study. Students who exceed the five term maximum will be considered to have abandoned the program. Students who have abandoned their approved program of study and wish to be reinstated will be required to apply for program approval for a current credential. BCIT cannot guarantee that courses taken prior to this reapplication will be credited towards the current credential. BCIT Policy 5103 - Student Evaluation [PDF] permits a maximum of three attempts to successfully complete each course within a credential. Go back Courses Next up Graduating & Jobs"",""duration_years"":null,""intake_months"":[],""international_eligibility"":""Refer to official program page"",""last_checked"":""2026-09-08"",""program_id"":""6958ACERT"",""source_url"":""https://www.bcit.ca/programs/applied-software-development-asd-associate-certificate-part-time-6958acert/"",""terms_per_year"":null,""total_credits"":""22.0""},""international_conditions"":[],""international_rule_sets"":[],""legacy_accepts_international_students"":null}",UNKNOWN_NOT_PUBLISHED,SKIP,[],[],"[""Unknown: no database actions; list absence/missing flags never imply rejection.""]",[]
6992ACERT,Applied Computer Information Systems (ACIS),"{""delivery_facts"":{""authoritative_raw"":""Program structure & completion timeline ACIS consists of a minimum of 25 credits, selected from mandatory and elective courses. Designed for 1-2 courses per term (evenings & weekends). Typically completed in at least 5-7 terms due to prerequisites and scheduling. All courses must be completed within five years. Flexible Learning is not designed for students on funding timelines. Prerequisites & admission requirements Each course has prerequisite knowledge requirements. Students must have the necessary background before enrolling. English & Math skills: Students must have Grade 12-level proficiency or equivalent. Expected workload A 12-week COMP course requires 12-15 hours per week, including: 3 hours of synchronous class time, with options for online or on campus 1-2 hours of asynchronous online work 8-12 hours of reading & homework COMP 1002 and COMP 1850 are also offered in a 6-week compressed format for those with some prior experience. These require double the workload (2 classes & twice the homework per week). Fast-track study plan Taking 2 courses per term requires a commitment of 25+ hours per week. Students choosing this path may: Complete ACIS first, then move on to Computer Systems Certificate (CSC). Skip ACIS and focus on CSC . Recommended study plan for ACIS & CSC pathway Term 1: COMP 1002 and COMM 1103 or COMM 1106 Term 2: COMP 1850 and COMP 2010 Term 3: COMP 1114 and COMP 1630 Term 4: COMP 1516 and COMP 2132 Subsequent terms: Complete ACIS or start CSC Program declaration & course registration Students must declare ACIS after completing COMP 1002 to protect completed credits and secure priority registration for COMP 2000+ courses. All COMP 2000+ courses require department approval. Computer requirements To participate in COMP courses, students must have: A current-model PC desktop or laptop capable of running Windows 11 A webcam and microphone High-speed internet access Some courses use two-way audio/video and require group work outside of class. Students must be computer literate. If you have questions, contact cstflex@bcit.ca . Program delivery Blended: This program is delivered partly on campus and partly online. Online: This program is delivered fully online. Program location Courses may be offered at the following locations: Burnaby Campus 3700 Willingdon Avenue Burnaby, BC Downtown Campus 555 Seymour Street Vancouver, BC Online Learning Continue your education BCIT offers part-time students the opportunity to complete a series of credential programs, ultimately leading to a Bachelor of Science in Applied Computer Science. These first three credentials ladder towards the CST Diploma and the first two Associate Certificates, ASD & ACIS may be taken simultaneously. If you apply and qualify, you can earn the following credentials: Applied Software Development (ASD) - Associate Certificate Applied Computer Information Systems (ACIS) - Associate Certificate Computer Systems Certificate (CSC) Computer Systems Technology Diploma (CST) Bachelor of Science in Applied Computer Science Program abandonment Students approved for a Flexible Learning (Part-time Studies) program are expected to register and complete courses on a continuous basis. A student that has not completed a course from their approved program of study over a period of three consecutive academic terms will be considered to have abandoned the program. Throughout the duration of the program, a student is permitted a maximum of five academic terms where they are not required to register and complete a course from their approved program of study. Students who exceed the five term maximum will be considered to have abandoned the program. Students who have abandoned their approved program of study and wish to be reinstated will be required to apply for program approval for a current credential. BCIT cannot guarantee that courses taken prior to this reapplication will be credited towards the current credential. BCIT Policy 5103 - Student Evaluation [PDF] permits a maximum of three attempts to successfully complete each course within a credential. Go back Courses Next up Graduating & Jobs"",""duration_years"":null,""intake_months"":[],""international_eligibility"":""Refer to official program page"",""last_checked"":""2026-09-08"",""program_id"":""6992ACERT"",""source_url"":""https://www.bcit.ca/programs/applied-computer-information-systems-acis-associate-certificate-part-time-6992acert/"",""terms_per_year"":null,""total_credits"":""25.0""},""international_conditions"":[],""international_rule_sets"":[],""legacy_accepts_international_students"":null}",UNKNOWN_NOT_PUBLISHED,SKIP,[],[],"[""Unknown: no database actions; list absence/missing flags never imply rejection.""]",[]
6994ACERT,Applied Database Administration and Design,"{""delivery_facts"":{""authoritative_raw"":""ADAD starts with Relational Database Design with SQL, Business Analysis and Systems Design, Data Quality Improvement, MS PowerShell and MS Server Admin. Students have a variety of elective choices in relational databases and reporting technologies. These include Project Management, MS Excel, MS Fabric, MS Power BI, Visual Analytics with Tableau, plus SQL Server Development and Microsoft Azure with SQL Analytics Tools. This programmay be completed with as few as 7 courses, however delivery was designed for 1-2 courses per term. Due to prerequisites and scheduling it is typically not possible to complete this part-time program in less than 4 terms, at night and on weekends. The foundations of this program include group work, plus how to communicate technical system specifications in writing and make oral presentations in a team environment. Note: Flexible Learning via Part-time Studies was not designed for full-time delivery or for those on funding timelines. Computer hardware and Internet requirements COMP courses may use two-way audio and video as well as group work outside of class. Students must provide their own a MS Windows 11 capable PC with a web cam, microphone, and high-speed internet access. Participants must be computer literate in order to participate and complete each COMP course. If you have any questions, please email Computing Flexible Learning: cstflex@bcit.ca Grading The students will be given a grade for each course based on the listed competencies. In most cases each course carries a mark for individual work; several courses require team work, as well as an individual test. Assignments and exams will be used in the evaluation of students. Program delivery Blended: This program is delivered partly on campus and partly online. Please check the individual course schedule pages. Some COMP courses are delivered entirely online and others are entirely on campus. Several course sections in ADAD have a blended delivery with synchronous on campus classes, and others have synchronous online classes, while both options may include required asynchronous online components. Program location Courses may be offered at the following locations: Burnaby Campus 3700 Willingdon Avenue Burnaby, BC Downtown Campus 555 Seymour Street Vancouver, BC Online Learning Program abandonment Students approved for a Flexible Learning (Part-time Studies) program are expected to register and complete courses on a continuous basis. A student that has not completed a course from their approved program of study over a period of three consecutive academic terms will be considered to have abandoned the program. Throughout the duration of the program, a student is permitted a maximum of five academic terms where they are not required to register and complete a course from their approved program of study. Students who exceed the five term maximum will be considered to have abandoned the program. Students who have abandoned their approved program of study and wish to be reinstated will be required to apply for program approval for a current credential. BCIT cannot guarantee that courses taken prior to this reapplication will be credited towards the current credential. BCIT Policy 5103 - Student Evaluation [PDF] permits a maximum of three attempts to successfully complete each course within a credential. Go back Courses Next up Graduating & Jobs"",""duration_years"":null,""intake_months"":[],""international_eligibility"":""Refer to official program page"",""last_checked"":""2026-09-08"",""program_id"":""6994ACERT"",""source_url"":""https://www.bcit.ca/programs/applied-database-administration-and-design-associate-certificate-part-time-6994acert/"",""terms_per_year"":null,""total_credits"":""24.0""},""international_conditions"":[],""international_rule_sets"":[],""legacy_accepts_international_students"":null}",UNKNOWN_NOT_PUBLISHED,SKIP,[],[],"[""Unknown: no database actions; list absence/missing flags never imply rejection.""]",[]
7100DIPLT,Prosthetics and Orthotics,"{""delivery_facts"":{""authoritative_raw"":""The two-year course of studies combines lectures, labs and practical experience. The curriculum equips graduates to perform thorough assessments and recognize patient challenges, assess individual needs and set patient goals, design customized treatment plans, fabricate individualized prostheses and orthoses, select appropriate materials, and provide patient-focused care. The program relies heavily on volunteer patients, who act as patient simulation models throughout all prosthetics and orthotics courses. Students are supported to directly apply the theory and skills they have learned in the classroom and lab to these patient models, performing assessments, developing treatment plans, and designing, fabricating and evaluating custom devices for them. The Western Canadian provinces BC, Alberta, Saskatchewan, and Manitoba jointly fund the Prosthetics & Orthotics program. BCIT accepts applications every second year on a pro-rated basis from each of the 4 provinces. During their time at BCIT students participate in many exciting clinical settings, such as: Local BC Prosthetics and Orthotics Clinics BC Childrens Hospital Orthopedic Outpatient Clinic Lionsgate Hospital Intensive Rehabilitation Outpatient Program GF Strong Outpatient Prosthetics Clinic New Westminster Spacticity Clinic Motion Lab at Sunnyhill Health Centre Holy Family Hospital Prosthetics Inpatient Clinic Clinical practicum sites across Canada Program length Two years, full-time, with intake in September of even numbered years. Program delivery In person: This program is delivered on campus. Program location Burnaby Campus 3700 Willingdon Avenue Burnaby, BC Go back Courses Next up Graduating & Jobs"",""duration_years"":null,""intake_months"":[],""international_eligibility"":""Refer to official program page"",""last_checked"":""2026-09-08"",""program_id"":""7100DIPLT"",""source_url"":""https://www.bcit.ca/programs/prosthetics-and-orthotics-diploma-full-time-7100diplt/"",""terms_per_year"":null,""total_credits"":""137.5""},""international_conditions"":[],""international_rule_sets"":[],""legacy_accepts_international_students"":null}",UNKNOWN_NOT_PUBLISHED,SKIP,[],[],"[""Unknown: no database actions; list absence/missing flags never imply rejection.""]",[]
7160ADVDIP,Diagnostic Medical Sonography – Cardiac,"{""delivery_facts"":{""authoritative_raw"":""The Cardiac Advanced Diploma is 12 months in length. The first term of the program includes didactic theory courses and labs. Students will have the opportunity to attain all of the required skills in the Sonography Canada National Competency Profile (NCP) for the Cardiac Sonographer. Students will complete the Sonography Canada Canadian Clinical Skills Assessment (CCSA) for the Cardiac Sonographer during the program. Students are advised that travel to clinical placements at their own expense is required. Students are asked to identify site preferences, but it may not be possible to accommodate all requests. Students may be required to complete a clinical rotation outside the Lower Mainland (Vancouver Island, northern or interior BC). Some lower mainland students may be required to attend placements that are lengthy commutes from their homes or difficult to access by bus, yet still considered a local placement. It may be possible for applicants with permanent residences outside of the lower mainland to access some clinical placements in their home area. Students are expected to have access to a computer with a high-speed internet connection and a printer, and to be proficient in the use of the Windows operating system and Microsoft Office (Word, PowerPoint, Excel). Program length 12 months, full-time. Grading All didactic courses require a mark of 65 percent to pass. Clinical courses require satisfactory completion of all competencies. Accreditation This program is accredited by the Health Standards Organization (HSO) and its affiliate Accreditation Canada (EQual) . Program delivery This program is delivered on campus which includes labs and clinical experiences in clinics and hospitals. Program location Burnaby Campus 3700 Willingdon Avenue Burnaby, BC Students will also complete clinical placements in hospitals. Go back Courses Next up Graduating & Jobs"",""duration_years"":null,""intake_months"":[],""international_eligibility"":""Refer to official program page"",""last_checked"":""2026-09-08"",""program_id"":""7160ADVDIP"",""source_url"":""https://www.bcit.ca/programs/diagnostic-medical-sonography-cardiac-advanced-diploma-full-time-7160advdip/"",""terms_per_year"":null,""total_credits"":""72.0""},""international_conditions"":[],""international_rule_sets"":[],""legacy_accepts_international_students"":null}",UNKNOWN_NOT_PUBLISHED,SKIP,[],[],"[""Unknown: no database actions; list absence/missing flags never imply rejection.""]",[]
7485DIPMA,Forest and Natural Areas Management,"{""delivery_facts"":{""authoritative_raw"":""Program length Two years, full-time for a total of 4 terms. This program and the courses within it are not available in a part-time format. Program delivery In person: This program is delivered on campus. The program is delivered in a combination of lecture, lab, and outside field activities. You will be spending much of the two years learning hands-on field skills in all types of weather conditions. Activities may take place on the BCIT Burnaby campus, at local parks, nearby field sites, such as the BCIT Woodlot in Maple Ridge, the Chilliwack Valley, or the North Shore Mountains. Multi-day field trips to locations throughout BC are typically incorporated into second-year classes. Elective streams In Level 3 you will have a choice of one of two elective streams as your area of focus in Level 4. Commercial Forestry Stream: Forest Products and Resources Our forests and natural areas are rich environments that can produce a wide range of cultural, ecological, and economic benefits which go far beyond conventional timber values. These additional natural resources are often known as non-timber forest products (NTFP) and are a multimillion-dollar industry that can be managed sustainably alongside timber objectives. Non-timber forest products include a wide range of commodities including forest-based foods, ornamental products, and plant extracts used to make pharmaceuticals and personal care products. These forest resources are important for many different people, including Indigenous communities, small business owners, wild harvesters, tourists, and the public. This course introduces timber and non-timber forest products that are harvested and distributed in BC and beyond, as well as the facilities that produce the end products. Students will learn about the fundamental economics that drive commodity versus specialty products and the pertinent legislation for the sustainable management and harvesting of forest products. Urban Forestry Stream: Urban Forest Management and Arboriculture Urban forests provide multiple roles and benefits to communities including climate resilience, human well-being, habitat, and biodiversity. They can be described on a continuum from a single tree to a group of trees, to a forest. As a discipline, urban forestry draws from the fields of arboriculture and forestry and often intersects with the built environment – as well as those disciplines that contribute to the built environment, including urban planning, civil engineering, and architecture. Because of this interdisciplinary and evolving space, managing the urban forest requires expertise in both the natural and social sciences, as well as an understanding of the competing land use and management objectives at play. In this course, students will learn how to manage trees and natural areas in the urban environment, as well as what that means considering changing values, goals/objectives, and regional bylaws. Insight into tree biology and physiology, tree selection, preservation, and the specific roles of trees will be provided. Program location Burnaby Campus 3700 Willingdon Avenue Burnaby, BC Continue your education Laddering opportunities exist to the BCIT Bachelor of Technology or Science programs in Ecological Restoration , Geographic Information Systems , and Environmental Engineering . Students need to meet specific conditions to enter each program. For details, please contact the respective program heads. Post-diploma transfer agreements are currently in development for degree programs at Canadian universities with undergraduate forestry degree programs and natural resource management degrees at University of Northern British Columbia, Thompson Rivers University, Royal Roads University, and the University of Alberta. Go back Courses Next up Graduating & Jobs"",""duration_years"":null,""intake_months"":[],""international_eligibility"":""Refer to official program page"",""last_checked"":""2026-09-08"",""program_id"":""7485DIPMA"",""source_url"":""https://www.bcit.ca/programs/forest-and-natural-areas-management-diploma-full-time-7485dipma/"",""terms_per_year"":null,""total_credits"":""112.0""},""international_conditions"":[],""international_rule_sets"":[],""legacy_accepts_international_students"":null}",UNKNOWN_NOT_PUBLISHED,SKIP,[],[],"[""Unknown: no database actions; list absence/missing flags never imply rejection.""]",[]
7950ASCERT,Magnetic Resonance Imaging,"{""delivery_facts"":{""authoritative_raw"":""Program aim The aim of the Magnetic Resonance Imaging (MRI) program is to prepare graduates with the knowledge, critical thinking and technical skills to safely perform high quality diagnostic MRI studies while maintaining a high level of care for the patient. Program goals The goal of the BCIT MRI program is to provide graduates with the necessary tools to integrate theoretical knowledge into clinical practice. The program is committed to providing qualified graduates in appropriate numbers to serve the needs of healthcare providers and patients in BC and across Canada. The program has adopted the standards of the National Competency Profile (NCP) of the Canadian Association of Medical Radiation Technologists (CAMRT). Graduates of the MRI program have the necessary knowledge and skills to: Perform a wide variety of MRI procedures independently Describe the physical principles of MRI and apply them to MRI procedures Integrate theoretical knowledge with clinical skills to provide high quality diagnostic MRI studies Demonstrate critical thinking and problem solving skills Identify anatomical structures Analyze images for the identification of pathological conditions Critique MRI studies for image quality Adapt studies as needed based upon patient and related circumstances Provide safe and effective patient care as it relates to the MRI environment Ensure safety for self, staff and patients Demonstrate life-long learning and professional growth Program length The maximum time to complete the program is three years. It is recommended that students complete the theory courses for the program within two years (six terms) and that students enroll in the 16-week clinical experience upon completing their last theory course. Approach to completing the program Students have some flexibility in how they approach the required program studies. The following is recommended: MIMG 7200 is the first course as it is a prerequisite for all other theory courses in the program. The remaining theory courses (MIMG 7202, 7210, 7220, 7230, and 7240) be completed within five terms (eighteen months) before the start of the 16 week practicum. MIMG 7240 be taken as the last course and completed just prior to beginning the clinical practicum. A recommended approach for completing the program is as follows: Term 1 - MIMG 7200 Term 2 - MIMG 7202 and/or MIMG 7210 Term 3 - MIMG 7210 and/or MIMG 7220 and/or MIMG 7230 Term 4 - MIMG 7220 and/or MIMG 7210 and/or MIMG 7230 Term 5 - MIMG 7230 and/or MIMG 7240 Term 6 - MIMG 7240 Term 7 or 8 - MIMG 8200 MRI Clinical Practicum*. *Students will be required to do a full-time (equivalent to typical working hours) 16-week (4 month) MRI clinical experience at an approved clinical site to meet the clinical requirements of the program. During your clinical term, you must be available to work varying shifts, which include weekdays, evening, nights and weekends. MIMG 8200 is available in the January, May, and September terms. Any other approach should be discussed with the program head to ensure that it will meet your learning goals and BCIT's requirements. CAMRT preparation guide and practice exams Online practice exams are available for students in the program. These exams are for review only and do not count towards program marks. Students can take these practice exams while doing their clinical experience. Accreditation This program is accredited by the Health Standards Organization (HSO) and its affiliate accreditation (AC) through their new EQUAL Canada program . Program delivery Online: This program is delivered fully online. Studies may begin at the start of the next term following acceptance in the program. The online theory courses (MIMG 7xxx series) can be done in any of the three 12-week terms in which they are offered. The 12-week terms are: Winter (January to April) Spring (April to July) Fall (September to December) MIMG 8200 is a 16-week full-time (equivalent to working hours) clinical experience that students are required to do at an approved clinical site following the successful completion of their theory courses. MIMG 8200 is generally done starting in January, May, or September. Program location Courses are offered through online learning . Continue your education Graduates of the BCIT MRI Advanced Certificate can transfer up to 40 credits into the elective courses of the Bachelor of Health Science – Magnetic Resonance Imaging Option. Go back Courses Next up Graduating & Jobs"",""duration_years"":null,""intake_months"":[],""international_eligibility"":""Refer to official program page"",""last_checked"":""2026-09-08"",""program_id"":""7950ASCERT"",""source_url"":""https://www.bcit.ca/programs/magnetic-resonance-imaging-advanced-certificate-part-time-7950ascert/"",""terms_per_year"":null,""total_credits"":""40.0""},""international_conditions"":[],""international_rule_sets"":[],""legacy_accepts_international_students"":null}",UNKNOWN_NOT_PUBLISHED,SKIP,[],[],"[""Unknown: no database actions; list absence/missing flags never imply rejection.""]",[]
7975DIPMA,Magnetic Resonance Imaging,"{""delivery_facts"":{""authoritative_raw"":""Program aim The aim of the Magnetic Resonance Imaging (MRI) program is to prepare graduates with the knowledge, critical thinking and technical skills to safely perform high quality diagnostic MRI studies while maintaining a high level of care for the patient. Program goals The goal of the BCIT MRI program is to provide graduates with the necessary tools to integrate theoretical knowledge into clinical practice. The program is committed to providing qualified graduates in appropriate numbers to serve the needs of healthcare providers and patients in BC. The program has adopted the standards of the National Competency Profile (NCP) of the Canadian Association of Magnetic Radiation Technologists (CAMRT). Graduates of the MRI program have the necessary knowledge and skills to: Perform a wide variety of MRI procedures independently Describe the physical principles of MRI and apply them to MRI procedures Integrate theoretical knowledge with clinical skills to provide high quality diagnostic MRI studies Demonstrate critical thinking and problem solving skills Identify anatomical structures Analyze images for the identification of pathological conditions Critique MRI studies for image quality Adapt studies as needed based upon patient and related circumstances Provide safe and effective patient care as it relates to the MRI environment Ensure safety for self, staff and patients Demonstrate life-long learning and professional growth These goals will be achieved through intensive face-to-face, blended and online theoretical courses. Fundamental healthcare skills will be taught, while mastering MRI specific content. Critical thinking and hands-on experience will be practiced through labs and simulation. Three clinical terms, with a total length of one year, will create job ready technologists and the ability to contribute to this quickly expanding healthcare profession. Program length Two years, full-time beginning in January each year. Three clinical terms will be scheduled within this time frame. Grading All didactic (instructional) courses require 65% to pass. All clinical experience is competency based and therefore has satisfactory/unsatisfactory grading. To continue from one level of the program to the next, all courses must be successfully completed in each level. To graduate, all courses must be successfully completed. Accreditation This program is accredited by the Health Standards Organization (HSO) and its affiliate accreditation (AC) through their new EQUAL Canada program . Program delivery In person: This program is delivered on campus. Program location Burnaby Campus 3700 Willingdon Avenue Burnaby, BC Go back Courses Next up Graduating & Jobs"",""duration_years"":null,""intake_months"":[],""international_eligibility"":""Refer to official program page"",""last_checked"":""2026-09-08"",""program_id"":""7975DIPMA"",""source_url"":""https://www.bcit.ca/programs/magnetic-resonance-imaging-diploma-full-time-7975dipma/"",""terms_per_year"":null,""total_credits"":""125.5""},""international_conditions"":[],""international_rule_sets"":[],""legacy_accepts_international_students"":null}",UNKNOWN_NOT_PUBLISHED,SKIP,[],[],"[""Unknown: no database actions; list absence/missing flags never imply rejection.""]",[]
8020BENG,Mechanical Engineering,"{""delivery_facts"":{""authoritative_raw"":""The program information below provides a synopsis of the Bachelor of Mechanical Engineering program and how graduates can attain the designation Professional Engineer. What will I learn? Your successful engineering career will be based upon a mechanical engineering program that will allow you to develop the skills you require to: Model – develop and construct mathematical, physical and conceptual models for the purposes of analysis and design Design and develop – employ technical knowledge, design methodology, and apply appropriate tools and resources to design, simulate, visualize and develop components, systems and processes to meet specified performance criteria Select materials – select appropriate engineering materials based on their properties Investigate experimentally – design and conduct experiments, devise appropriate measurements, analyze and interpret data and form reliable conclusions Build and test – demonstrate proficiency in a substantial range of workshop and laboratory procedures with a strong grasp of engineering principles and workshop safety Pursue sustainability – ensure that the design, development and specification of materials and components are in balance with the needs of the environment Manage projects – apply project management techniques Forecast and manage budgets – incorporate cost considerations throughout the planning and execution of projects A typical week For the first two years you will spend approximately 30 hours in lectures, tutorials and labs each week. An additional 25-30 hours each week will likely be spent preparing, completing assignments and studying. During the final two years of the program the in-class hours are reduced to approximately 25 hours per week, and a corresponding increase in your own study time is expected. Program length Four years full-time beginning in September each year. Grading The passing grade for each course is 50%. For more details, see the course outlines on the Courses page Safety requirements Your safety is our priority. Students will be required to use a variety of machinery and abide by safety requirements including wearing appropriate personal protective equipment (PPE) such as safety footwear, safety eye and face protection, respiratory protection, protective clothing, and other protective equipment as required. To protect from entanglement, students will have to remove jewelry such as rings, bracelets, necklaces, and watches and secure loose clothing and hair. Details will be covered in the program. Accreditation The Mechanical Engineering program at BCIT leads to two credentials: a diploma in Mechanical Engineering Technology after year two, and a Bachelor of Engineering in Mechanical Engineering after year four. The Mechanical Engineering program is nationally accredited by the Canadian Engineering Accreditation Board (CEAB). Completion of a Mechanical Engineering degree and enrolling as an Engineer-in-Training (EIT) with a provincial engineering licensing body are the first steps to achieve licensure as a Professional Engineer (P.Eng.). Program delivery In person: This program is delivered on campus. Program location Burnaby Campus 3700 Willingdon Avenue Burnaby, BC Continue your education Advanced Training Degree graduates are qualified to continue with graduate studies, nationally or internationally. Other educational institutions may have additional entrance requirements. Go back Courses Next up Graduating & Jobs"",""duration_years"":null,""intake_months"":[],""international_eligibility"":""Refer to official program page"",""last_checked"":""2026-09-08"",""program_id"":""8020BENG"",""source_url"":""https://www.bcit.ca/programs/mechanical-engineering-bachelor-of-engineering-full-time-8020beng/"",""terms_per_year"":null,""total_credits"":""235.0""},""international_conditions"":[],""international_rule_sets"":[],""legacy_accepts_international_students"":null}",UNKNOWN_NOT_PUBLISHED,SKIP,[],[],"[""Unknown: no database actions; list absence/missing flags never imply rejection.""]",[]
8030BENG,Electrical Engineering,"{""delivery_facts"":{""authoritative_raw"":""Your learning environment will be a blend of lectures, labs and tutorials. Our labs are well equipped to support your learning needs. For example, one recent industry donation helped us to build a state of the art process measurement and control lab. In almost every lab facility each student has their own individual work station. Workplace education A Workplace Education work term is a part of the BEng Electrical program. This paid work experience would normally occur in the summer after either year two or year three. The experience gained in the work term gives students an added advantage in securing employment after graduation. The Centre for Workplace Education (CWE) maintains an online data base called CWE Bridge that allows students to view and apply to work terms. This platform is a tool to help BEng students satisfy the workplace education component of the program. BEng student access to the CWE Bridge is assessed in September and monitored on a continual basis. Most students in the BEng have access to the CWE Bridge except (i) students who have already completed the work placement requirement of the program and (ii) students who are in their final year of the program and who have a viable path to complete all of their courses by June of that year. These students will need to undertake an independent job search to meet their work term requirement for graduation. Program length This is a four-year, full-time program. Grading All courses have a minimum passing grade of 50%. Some courses require that a passing grade of 50% be obtained in both the lecture and the lab portion of the course. Accreditation The Bachelor of Engineering in Electrical Engineering degree program is nationally accredited by the Canadian Engineering Accreditation Board (CEAB). Graduates of an accredited engineering program are eligible to register with the Association of Professional Engineers and Geoscientists of BC (APEGBC) as an engineer-in-training. Once they gain four years of engineering work experience and complete the professional practice exam, they will qualify for a licensure and the designation of Professional Engineer. Program delivery In person: This program is delivered on campus. Program location Burnaby Campus 3700 Willingdon Avenue Burnaby, BC Go back Courses Next up Graduating & Jobs"",""duration_years"":null,""intake_months"":[],""international_eligibility"":""Refer to official program page"",""last_checked"":""2026-09-08"",""program_id"":""8030BENG"",""source_url"":""https://www.bcit.ca/programs/electrical-engineering-bachelor-of-engineering-full-time-8030beng/"",""terms_per_year"":null,""total_credits"":""249.0""},""international_conditions"":[],""international_rule_sets"":[],""legacy_accepts_international_students"":null}",UNKNOWN_NOT_PUBLISHED,SKIP,[],[],"[""Unknown: no database actions; list absence/missing flags never imply rejection.""]",[]
830ABHSC,Bachelor of Health Science (Magnetic Resonance Imaging Option),"{""delivery_facts"":{""authoritative_raw"":""Program length The Bachelor of Health Science Degree must be completed within five years. Program delivery Online: This program is delivered fully online. The program consists of a series of online theory courses and a full-time 16-week MRI practicum. Program location This program is offered through online learning . Program structure Core Component 21.0 Required Courses 9.0 Liberal Education 9.0 Management Courses 3.0 MRI Stream 40.0 Total credits: 61.0 Go back Courses Next up Graduating & Jobs"",""duration_years"":null,""intake_months"":[],""international_eligibility"":""Refer to official program page"",""last_checked"":""2026-09-08"",""program_id"":""830ABHSC"",""source_url"":""https://www.bcit.ca/programs/bachelor-of-health-science-magnetic-resonance-imaging-option-bachelor-of-health-science-part-time-830abhsc/"",""terms_per_year"":null,""total_credits"":""61.0""},""international_conditions"":[],""international_rule_sets"":[],""legacy_accepts_international_students"":null}",UNKNOWN_NOT_PUBLISHED,SKIP,[],[],"[""Unknown: no database actions; list absence/missing flags never imply rejection.""]",[]
847ABTECH,Forensic Investigation (Crime and Intelligence Analysis Option),"{""delivery_facts"":{""authoritative_raw"":""After graduating, you’ll be able to: Align intelligence analysis with the tactical, operational and strategic mandates of an organization Apply methodologies associated with each of the Intelligence cycle stages toall-source data (e.g., law enforcement, opensource national security, and financial information) for the benefit of organizational mandates Create, implement and analyze collection plans and analysis plans relating to threat assessments Design and create data sets and develop information processing procedures for subsequent qualitative and quantitative analysis Collate, analyze and disseminate geographic data to map activities that fall under the mandates of government agencies, crown corporations, and private sector Synthesize all-source information using a variety of methodologies to identify patterns, series and trends for investigative and intelligence purposes Program length The Bachelor of Technology in Forensic Investigation must be completed within seven years from acceptance into the program. Grading Depending on the course learning outcomes, students will be graded on a combination of the following: Participation in in-class exercises Participation in and completion of case studies Participation in discussion forums Submission of completed projects Submission of completed assignments Quizzes Mid-term and final examinations The minimum passing grade for each course is 60%. Additional program options Digital Forensics and Cybersecurity Forensic Science Program delivery Online: This program is delivered fully online. Blended: This program is delivered partly on campus and partly online. Program location Courses may be offered at the following locations: Burnaby Campus 3700 Willingdon Avenue Burnaby, BC Downtown Campus 555 Seymour Street Vancouver, BC Distance and online learning Program structure Components Credits 1. Core Courses 30.0 1.1 General Education 9.0 1.2 Applied Management 3.0 1.3 Legal Framework 6.0 1.4 Data Analytics 12.0 2. Criminal Intelligence Analysis Specialty Courses 21.0 3. Graduation Project 12.0 Total 63.0 Go back Courses Next up Graduating & Jobs"",""duration_years"":null,""intake_months"":[],""international_eligibility"":""Refer to official program page"",""last_checked"":""2026-09-08"",""program_id"":""847ABTECH"",""source_url"":""https://www.bcit.ca/programs/forensic-investigation-crime-and-intelligence-analysis-option-bachelor-of-technology-part-time-847abtech/"",""terms_per_year"":null,""total_credits"":""63.0""},""international_conditions"":[],""international_rule_sets"":[],""legacy_accepts_international_students"":null}",UNKNOWN_NOT_PUBLISHED,SKIP,[],[],"[""Unknown: no database actions; list absence/missing flags never imply rejection.""]",[]
8650BSC,Radiation Therapy,"{""delivery_facts"":{""authoritative_raw"":""The Radiation Therapy Technology degree program is structured to provide the required academic portion of courses delivered at BCIT and also clinical experience scheduled at BC Cancer Agency treatment centres. A patient with cancer can be treated with three main modalities: surgery, chemotherapy and radiation therapy. Radiation therapy may be used alone or with surgery and chemotherapy. Treatment can often cure the patient or offer palliation by increasing quality of life. The radiation therapist (RTT) is a health-care professional responsible for delivering a therapeutic dose of ionizing radiation in the treatment of cancer. As an RTT you will work within a team of other health-care professionals including radiation oncologists, medical physicists, nurses, registered dietitians , and other allied health professionals. The field of radiation therapy is exciting and challenging, and one that continually evolves to create better ways to treat patients. As an RTT you will be involved in using advanced computer software for treatment planning, CT scanners and MRI for identifying critical structures, and state-of-the-art high energy linear accelerator equipment to deliver treatment. You should have a strong aptitude for physics and math, and a desire for a challenging and rewarding career. Learn more about the virtual technology that the Radiation Therapy students use: BCIT RADIATION THERAPY Program length 33 months, full-time Vacation breaks include approximately: 2–3 weeks in December/January for Christmas and New Years Approximately 11 weeks from June-August (1st year students) Approximately 2 weeks in August (2nd year students) Grading All didactic courses have a pass mark of 60% unless otherwise indicated. All clinical experience has satisfactory/unsatisfactory grading. Accreditation This program is accredited by the Health Standards Organization (HSO) and its affiliate accreditation (AC) through their new EQUAL Canada program . Program delivery In person: This program is delivered on campus. Program location Burnaby Campus 3700 Willingdon Avenue Burnaby, BC Go back Courses Next up Graduating & Jobs"",""duration_years"":null,""intake_months"":[],""international_eligibility"":""Refer to official program page"",""last_checked"":""2026-09-08"",""program_id"":""8650BSC"",""source_url"":""https://www.bcit.ca/programs/radiation-therapy-bachelor-of-science-full-time-8650bsc/"",""terms_per_year"":null,""total_credits"":""171.0""},""international_conditions"":[],""international_rule_sets"":[],""legacy_accepts_international_students"":null}",UNKNOWN_NOT_PUBLISHED,SKIP,[],[],"[""Unknown: no database actions; list absence/missing flags never imply rejection.""]",[]
A200GRCERT,Building Energy Modelling,"{""delivery_facts"":{""authoritative_raw"":""Program length The Graduate Certificate allows students flexibility in the number of courses they take in any given term. A fast-track schedule has been set up for those students who want to complete the Graduate Certificate in 12 months. Students are responsible for checking the prerequisites for each course before registering. Please see the Program Map [PDF] for suggested term by term course selection for fast-track, or completion with a lesser course load [PDF] over two or three years. Grading Minimum passing grade for each course is 60%; however, each student is required to maintain a cumulative grade point average (CGPA) of at least 75%. Program delivery The program will be delivered in a face-to-face format in classroom and research laboratories, seminars and supervisor/student meetings. Classes will be scheduled weekdays mostly during the day with some evening offerings. Program location Burnaby Campus 3700 Willingdon Avenue Burnaby, BC Continue your education The building science courses and the building energy courses in the Graduate Certificate in Building Energy Modelling are available for transfer credit to either the Master of Engineering in Building Science (MEng) or the Master of Applied Science in Building Engineering/Building Science (MASc) . Students from the certificate who meet the entry requirements of the MEng or the MASc may apply for those degrees and receive transfer credit for coursework already completed. Go back Courses Next up Graduating & Jobs"",""duration_years"":null,""intake_months"":[],""international_eligibility"":""Refer to official program page"",""last_checked"":""2026-09-08"",""program_id"":""A200GRCERT"",""source_url"":""https://www.bcit.ca/programs/building-energy-modelling-graduate-certificate-part-time-a200grcert/"",""terms_per_year"":null,""total_credits"":""22.0""},""international_conditions"":[],""international_rule_sets"":[],""legacy_accepts_international_students"":null}",UNKNOWN_NOT_PUBLISHED,SKIP,[],[],"[""Unknown: no database actions; list absence/missing flags never imply rejection.""]",[]
