program_id,source_url,source_title,credential,format,domestic_only,intake_start,application_status,campus,matched
6575DIPMA,https://www.bcit.ca/programs/3d-modeling-art-and-animation-diploma-full-time-6575dipma/,"3D Modeling, Art and Animation",Diploma,Full-time,false,Sep 2026,Closed,Blended: Burnaby Campus,true
8630BACC,https://www.bcit.ca/programs/accounting-bachelor-of-accounting-full-time-part-time-8630bacc/,Accounting,Bachelor of Accounting,Full-time,false,Sep 2026,Closed,Burnaby Campus,true
8630BACC,https://www.bcit.ca/programs/accounting-bachelor-of-accounting-full-time-part-time-8630bacc/,Accounting,Bachelor of Accounting,Full-time,false,Jan 2027,Open,Burnaby Campus,true
8630BACC,https://www.bcit.ca/programs/accounting-bachelor-of-accounting-full-time-part-time-8630bacc/,Accounting,Bachelor of Accounting,Part-time,false,Sep 2026,Closed,Burnaby Campus,true
8630BACC,https://www.bcit.ca/programs/accounting-bachelor-of-accounting-full-time-part-time-8630bacc/,Accounting,Bachelor of Accounting,Part-time,false,Jan 2027,Open,Burnaby Campus,true
8630BACC,https://www.bcit.ca/programs/accounting-bachelor-of-accounting-full-time-part-time-8630bacc/,Accounting,Bachelor of Accounting,Part-time - Domestic Only,true,Apr 2027,Open,Burnaby Campus,true
,https://www.bcit.ca/programs/accounting-diplomas/,Accounting,Diploma,Full-time,false,Sep 2026,Closed,Blended: Burnaby Campus,false
,https://www.bcit.ca/programs/accounting-diplomas/,Accounting,Diploma,Part-time,false,Sep 2026,Closed,Blended: Burnaby/Downtown,false
,https://www.bcit.ca/programs/accounting-diplomas/,Accounting,Diploma,Part-time,false,Jan 2027,Open,Blended: Burnaby/Downtown,false
,https://www.bcit.ca/programs/accounting-diplomas/,Accounting,Diploma,Part-time - Domestic Only,true,Apr 2027,Open,Blended: Burnaby/Downtown,false
6890CERT,https://www.bcit.ca/programs/advanced-safety-management-certificate-part-time-6890cert/,Advanced Safety Management,Certificate,Part-time,false,Sep 2026,Closed,Online,true
6890CERT,https://www.bcit.ca/programs/advanced-safety-management-certificate-part-time-6890cert/,Advanced Safety Management,Certificate,Part-time,false,Jan 2027,Open,Online,true
6890CERT,https://www.bcit.ca/programs/advanced-safety-management-certificate-part-time-6890cert/,Advanced Safety Management,Certificate,Part-time,false,Apr 2027,Open,Online,true
5530ACERT,https://www.bcit.ca/programs/agile-development-associate-certificate-part-time-5530acert/,Agile Development,Associate Certificate,Part-time,false,Sep 2026,Closed,Blended: Burnaby/Downtown,true
5530ACERT,https://www.bcit.ca/programs/agile-development-associate-certificate-part-time-5530acert/,Agile Development,Associate Certificate,Part-time,false,Sep 2026,Closed,Online,true
5530ACERT,https://www.bcit.ca/programs/agile-development-associate-certificate-part-time-5530acert/,Agile Development,Associate Certificate,Part-time,false,Jan 2027,Open,Blended: Burnaby/Downtown,true
5530ACERT,https://www.bcit.ca/programs/agile-development-associate-certificate-part-time-5530acert/,Agile Development,Associate Certificate,Part-time,false,Jan 2027,Open,Online,true
5530ACERT,https://www.bcit.ca/programs/agile-development-associate-certificate-part-time-5530acert/,Agile Development,Associate Certificate,Part-time,false,Apr 2027,Open,Blended: Burnaby/Downtown,true
5530ACERT,https://www.bcit.ca/programs/agile-development-associate-certificate-part-time-5530acert/,Agile Development,Associate Certificate,Part-time,false,Apr 2027,Open,Online,true
1030CERTTS,https://www.bcit.ca/programs/aircraft-gas-turbine-technician-certificate-full-time-1030certts/,Aircraft Gas Turbine Technician,Certificate,Full-time,false,Ongoing intake,Waitlisting,Aerospace Technology Campus,true
1165DIPMA,https://www.bcit.ca/programs/aircraft-maintenance-engineer-category-e-electronics-diploma-full-time-1165dipma/,Aircraft Maintenance Engineer Category E Electronics,Diploma,Full-time,false,Ongoing intake,Waitlisting,Aerospace Technology Campus,true
1230DIPMA,https://www.bcit.ca/programs/aircraft-maintenance-engineer-category-m-maintenance-diploma-full-time-1230dipma/,Aircraft Maintenance Engineer Category M Maintenance,Diploma,Full-time,false,Ongoing intake,Waitlisting,Aerospace Technology Campus,true
1205DIPMA,https://www.bcit.ca/programs/aircraft-maintenance-engineer-category-s-structures-diploma-full-time-1205dipma/,Aircraft Maintenance Engineer Category S Structures,Diploma,Full-time,false,Ongoing intake,Waitlisting,Aerospace Technology Campus,true
100ADIPMA,https://www.bcit.ca/programs/airline-and-flight-operations-commercial-pilot-fixed-wing-diploma-full-time-100adipma/,Airline and Flight Operations - Commercial Pilot - Fixed Wing,Diploma,Full-time,false,Apr 2027,Open,Blended: Aerospace Campus,true
100BDIPMA,https://www.bcit.ca/programs/airline-and-flight-operations-commercial-pilot-rotary-wing-diploma-full-time-100bdipma/,Airline and Flight Operations - Commercial Pilot - Rotary Wing,Diploma,Full-time,false,Apr 2027,Open,Blended: Aerospace Campus,true
6992ACERT,https://www.bcit.ca/programs/applied-computer-information-systems-acis-associate-certificate-part-time-6992acert/,Applied Computer Information Systems ACIS,Associate Certificate,Part-time,false,Sep 2026,Closed,Blended: Burnaby/Downtown,true
6992ACERT,https://www.bcit.ca/programs/applied-computer-information-systems-acis-associate-certificate-part-time-6992acert/,Applied Computer Information Systems ACIS,Associate Certificate,Part-time,false,Sep 2026,Closed,Online,true
6992ACERT,https://www.bcit.ca/programs/applied-computer-information-systems-acis-associate-certificate-part-time-6992acert/,Applied Computer Information Systems ACIS,Associate Certificate,Part-time,false,Jan 2027,Open,Blended: Burnaby/Downtown,true
6992ACERT,https://www.bcit.ca/programs/applied-computer-information-systems-acis-associate-certificate-part-time-6992acert/,Applied Computer Information Systems ACIS,Associate Certificate,Part-time,false,Jan 2027,Open,Online,true
6992ACERT,https://www.bcit.ca/programs/applied-computer-information-systems-acis-associate-certificate-part-time-6992acert/,Applied Computer Information Systems ACIS,Associate Certificate,Part-time,false,Apr 2027,Open,Blended: Burnaby/Downtown,true
6992ACERT,https://www.bcit.ca/programs/applied-computer-information-systems-acis-associate-certificate-part-time-6992acert/,Applied Computer Information Systems ACIS,Associate Certificate,Part-time,false,Apr 2027,Open,Online,true
867CBSC,https://www.bcit.ca/programs/applied-computer-science-database-option-bachelor-of-science-part-time-867cbsc/,Applied Computer Science Database Option,Bachelor of Science,Full-time,false,Jan 2027,Open,Burnaby Campus,true
867CBSC,https://www.bcit.ca/programs/applied-computer-science-database-option-bachelor-of-science-part-time-867cbsc/,Applied Computer Science Database Option,Bachelor of Science,Part-time,false,Sep 2026,Closed,Blended: Burnaby/Downtown,true
867CBSC,https://www.bcit.ca/programs/applied-computer-science-database-option-bachelor-of-science-part-time-867cbsc/,Applied Computer Science Database Option,Bachelor of Science,Part-time,false,Jan 2027,Open,Blended: Burnaby/Downtown,true
867CBSC,https://www.bcit.ca/programs/applied-computer-science-database-option-bachelor-of-science-part-time-867cbsc/,Applied Computer Science Database Option,Bachelor of Science,Part-time - Domestic Only,true,Apr 2027,Open,Blended: Burnaby/Downtown,true
867ABSC,https://www.bcit.ca/programs/applied-computer-science-games-development-option-bachelor-of-science-full-time-867absc/,Applied Computer Science Games Development,Bachelor of Science,Full-time,false,Sep 2026,Closed,Burnaby Campus,true
867DBSC,https://www.bcit.ca/programs/applied-computer-science-human-computer-interface-option-bachelor-of-science-part-time-867dbsc/,Applied Computer Science Human Computer Interface Option,Bachelor of Science,Part-time,false,Sep 2026,Closed,Blended: Burnaby/Downtown,true
867DBSC,https://www.bcit.ca/programs/applied-computer-science-human-computer-interface-option-bachelor-of-science-part-time-867dbsc/,Applied Computer Science Human Computer Interface Option,Bachelor of Science,Part-time,false,Jan 2027,Open,Blended: Burnaby/Downtown,true
867DBSC,https://www.bcit.ca/programs/applied-computer-science-human-computer-interface-option-bachelor-of-science-part-time-867dbsc/,Applied Computer Science Human Computer Interface Option,Bachelor of Science,Part-time - Domestic Only,true,Apr 2027,Open,Blended: Burnaby/Downtown,true
867BBSC,https://www.bcit.ca/programs/applied-computer-science-network-security-applications-development-option-bachelor-of-science-full-time-part-time-867bbsc/,Applied Computer Science Network Security Applications Development Option,Bachelor of Science,Full-time,false,Sep 2026,Closed,Burnaby Campus,true
867BBSC,https://www.bcit.ca/programs/applied-computer-science-network-security-applications-development-option-bachelor-of-science-full-time-part-time-867bbsc/,Applied Computer Science Network Security Applications Development Option,Bachelor of Science,Part-time,false,Sep 2026,Closed,Blended: Burnaby/Downtown,true
867BBSC,https://www.bcit.ca/programs/applied-computer-science-network-security-applications-development-option-bachelor-of-science-full-time-part-time-867bbsc/,Applied Computer Science Network Security Applications Development Option,Bachelor of Science,Part-time,false,Jan 2027,Open,Blended: Burnaby/Downtown,true
867BBSC,https://www.bcit.ca/programs/applied-computer-science-network-security-applications-development-option-bachelor-of-science-full-time-part-time-867bbsc/,Applied Computer Science Network Security Applications Development Option,Bachelor of Science,Part-time - Domestic Only,true,Apr 2027,Open,Blended: Burnaby/Downtown,true
867FBSC,https://www.bcit.ca/programs/applied-computer-science-wireless-and-mobile-applications-development-option-bachelor-of-science-part-time-867fbsc/,Applied Computer Science Wireless and Mobile Applications Development Option,Bachelor of Science,Part-time,false,Sep 2026,Closed,Blended: Burnaby/Downtown,true
867FBSC,https://www.bcit.ca/programs/applied-computer-science-wireless-and-mobile-applications-development-option-bachelor-of-science-part-time-867fbsc/,Applied Computer Science Wireless and Mobile Applications Development Option,Bachelor of Science,Part-time,false,Jan 2027,Open,Blended: Burnaby/Downtown,true
867FBSC,https://www.bcit.ca/programs/applied-computer-science-wireless-and-mobile-applications-development-option-bachelor-of-science-part-time-867fbsc/,Applied Computer Science Wireless and Mobile Applications Development Option,Bachelor of Science,Part-time - Domestic Only,true,Apr 2027,Open,Blended: Burnaby/Downtown,true
M600MSC,https://www.bcit.ca/programs/applied-computing-master-of-science-full-time-m600msc/,Applied Computing,Master of Science,Full-time,false,Sep 2026,Closed,Burnaby Campus,true
5512CERT,https://www.bcit.ca/programs/applied-data-analytics-certificate-part-time-5512cert/,Applied Data Analytics,Certificate,Part-time,false,Sep 2026,Closed,Burnaby/Downtown/Blended,true
5512CERT,https://www.bcit.ca/programs/applied-data-analytics-certificate-part-time-5512cert/,Applied Data Analytics,Certificate,Part-time,false,Jan 2027,Open,Burnaby/Downtown/Blended,true
5512CERT,https://www.bcit.ca/programs/applied-data-analytics-certificate-part-time-5512cert/,Applied Data Analytics,Certificate,Part-time,false,Apr 2027,Open,Burnaby/Downtown/Blended,true
6994ACERT,https://www.bcit.ca/programs/applied-database-administration-and-design-associate-certificate-part-time-6994acert/,Applied Database Administration and Design,Associate Certificate,Part-time,false,Sep 2026,Closed,Burnaby/Downtown/Blended,true
6994ACERT,https://www.bcit.ca/programs/applied-database-administration-and-design-associate-certificate-part-time-6994acert/,Applied Database Administration and Design,Associate Certificate,Part-time,false,Jan 2027,Open,Burnaby/Downtown/Blended,true
6994ACERT,https://www.bcit.ca/programs/applied-database-administration-and-design-associate-certificate-part-time-6994acert/,Applied Database Administration and Design,Associate Certificate,Part-time,false,Apr 2027,Open,Burnaby/Downtown/Blended,true
6958ACERT,https://www.bcit.ca/programs/applied-software-development-asd-associate-certificate-part-time-6958acert/,Applied Software Development,Associate Certificate,Part-time,false,Sep 2026,Closed,Blended: Burnaby/Downtown,true
6958ACERT,https://www.bcit.ca/programs/applied-software-development-asd-associate-certificate-part-time-6958acert/,Applied Software Development,Associate Certificate,Part-time,false,Jan 2027,Open,Blended: Burnaby/Downtown,true
6958ACERT,https://www.bcit.ca/programs/applied-software-development-asd-associate-certificate-part-time-6958acert/,Applied Software Development,Associate Certificate,Part-time,false,Apr 2027,Open,Blended: Burnaby/Downtown,true
6957ACERT,https://www.bcit.ca/programs/applied-web-development-associate-certificate-part-time-6957acert/,Applied Web Development,Associate Certificate,Part-time,false,Sep 2026,Closed,Blended: Burnaby/Downtown,true
6957ACERT,https://www.bcit.ca/programs/applied-web-development-associate-certificate-part-time-6957acert/,Applied Web Development,Associate Certificate,Part-time,false,Jan 2027,Open,Blended: Burnaby/Downtown,true
6957ACERT,https://www.bcit.ca/programs/applied-web-development-associate-certificate-part-time-6957acert/,Applied Web Development,Associate Certificate,Part-time,false,Apr 2027,Open,Blended: Burnaby/Downtown,true
8050BTECH,https://www.bcit.ca/programs/architectural-science-bachelor-of-architectural-science-full-time-8050btech/,Architectural Science,Bachelor of Architectural Science Levels 5 - 8,Full-time,false,Sep 2026,Closed,Burnaby Campus,true
6030CERT,https://www.bcit.ca/programs/architectural-and-building-technology-certificate-part-time-6030cert/,Architectural and Building Technology,Certificate,Part-time,false,Sep 2026,Closed,Blended: Burnaby Campus,true
6030CERT,https://www.bcit.ca/programs/architectural-and-building-technology-certificate-part-time-6030cert/,Architectural and Building Technology,Certificate,Part-time,false,Jan 2027,Open,Blended: Burnaby Campus,true
6030CERT,https://www.bcit.ca/programs/architectural-and-building-technology-certificate-part-time-6030cert/,Architectural and Building Technology,Certificate,Part-time,false,Apr 2027,Open,Blended: Burnaby Campus,true
7140DIPMA,https://www.bcit.ca/programs/architectural-and-building-technology-diploma-full-time-7140dipma/,Architectural and Building Technology,Diploma Levels 1 - 4,Full-time,false,Sep 2026,Closed,Burnaby Campus,true
1720CERTTS,https://www.bcit.ca/programs/architectural-and-structural-cadd-and-graphics-technician-architectural-option-certificate-full-time-1720certts/,Architectural and Structural CADD and Graphics Technician Architectural Option,Certificate,Full-time,false,Sep 2026,Closed,Burnaby Campus,true
1710CERTTS,https://www.bcit.ca/programs/architectural-and-structural-cadd-and-graphics-technician-structural-option-certificate-full-time-1710certts/,Architectural and Structural CADD and Graphics Technician Structural Option,Certificate,Full-time,false,Sep 2026,Closed,Burnaby Campus,true
5245ACERT,https://www.bcit.ca/programs/artificial-intelligence-management-associate-certificate-part-time-5245acert/,Artificial Intelligence Management,Associate Certificate,Part-time,false,Sep 2026,Closed,Blended: Burnaby Campus,true
5245ACERT,https://www.bcit.ca/programs/artificial-intelligence-management-associate-certificate-part-time-5245acert/,Artificial Intelligence Management,Associate Certificate,Part-time,false,Jan 2027,Open,Blended: Burnaby Campus,true
5245ACERT,https://www.bcit.ca/programs/artificial-intelligence-management-associate-certificate-part-time-5245acert/,Artificial Intelligence Management,Associate Certificate,Part-time,false,Apr 2027,Open,Blended: Burnaby Campus,true
1255CERT,https://www.bcit.ca/programs/auto-body-repair-and-refinishing-technician-foundation-certificate-full-time-1255cert/,Auto Body Repair and Refinishing Technician Foundation,Certificate,Full-time,false,Ongoing intake,Waitlisting,Blended: Burnaby Campus,true
1320ADCERT,https://www.bcit.ca/programs/automated-controls-installation-and-maintenance-advanced-certificate-part-time-1320adcert/,Automated Controls Installation and Maintenance,Advanced Certificate,Part-time,false,Sep 2026,Closed,Burnaby Campus,true
1320ADCERT,https://www.bcit.ca/programs/automated-controls-installation-and-maintenance-advanced-certificate-part-time-1320adcert/,Automated Controls Installation and Maintenance,Advanced Certificate,Part-time,false,Jan 2027,Open,Burnaby Campus,true
1320ADCERT,https://www.bcit.ca/programs/automated-controls-installation-and-maintenance-advanced-certificate-part-time-1320adcert/,Automated Controls Installation and Maintenance,Advanced Certificate,Part-time,false,Apr 2027,Open,Burnaby Campus,true
1430DIPMA,https://www.bcit.ca/programs/automotive-service-technician-and-operations-diploma-full-time-1430dipma/,Automotive Service Technician and Operations,Diploma,Full-time,false,Ongoing intake,Waitlisting,Blended: Burnaby Campus,true
1355TTCERT,https://www.bcit.ca/programs/automotive-technician-foundation-certificate-full-time-1355ttcert/,Automotive Technician Foundation,Certificate,Full-time,false,Ongoing intake,Waitlisting,Blended: Burnaby Campus,true
1360CERT,https://www.bcit.ca/programs/automotive-technician-honda-acura-foundation-certificate-full-time-1360cert/,Automotive Technician Honda/Acura Foundation,Certificate,Full-time,false,Ongoing intake,Open,Blended: Burnaby Campus,true
1375TTCERT,https://www.bcit.ca/programs/automotive-technician-toyota-foundation-certificate-full-time-1375ttcert/,Automotive Technician Toyota Foundation,Certificate,Full-time,false,Ongoing intake,Open,Blended: Burnaby Campus,true
1175DIPMA,https://www.bcit.ca/programs/aviation-management-and-operations-diploma-full-time-1175dipma/,Aviation Management and Operations,Diploma,Full-time,false,Ongoing intake,Waitlisting,Blended: Aerospace Campus,true
9980BCI,https://www.bcit.ca/programs/bachelor-of-creative-industries-bachelor-of-creative-industries-full-time-9980bci/,Bachelor of Creative Industries,,Full-time,false,Sep 2026,Closed,Blended: Downtown Campus,true
830ABHSC,https://www.bcit.ca/programs/bachelor-of-health-science-magnetic-resonance-imaging-option-bachelor-of-health-science-part-time-830abhsc/,Bachelor of Health Science Magnetic Resonance Imaging Option,Bachelor of Health Science,Part-time,false,Sep 2026,Closed,Online,true
830ABHSC,https://www.bcit.ca/programs/bachelor-of-health-science-magnetic-resonance-imaging-option-bachelor-of-health-science-part-time-830abhsc/,Bachelor of Health Science Magnetic Resonance Imaging Option,Bachelor of Health Science,Part-time,false,Jan 2027,Open,Online,true
830ABHSC,https://www.bcit.ca/programs/bachelor-of-health-science-magnetic-resonance-imaging-option-bachelor-of-health-science-part-time-830abhsc/,Bachelor of Health Science Magnetic Resonance Imaging Option,Bachelor of Health Science,Part-time,false,Apr 2027,Open,Online,true
5063DIPMA,https://www.bcit.ca/programs/biomedical-engineering-technology-diploma-full-time-5063dipma/,Biomedical Engineering Technology,Diploma,Full-time,false,Sep 2026,Closed,Burnaby Campus,true
1450TTCERT,https://www.bcit.ca/programs/boilermaker-foundation-certificate-full-time-1450ttcert/,Boilermaker Foundation,Certificate,Full-time,false,Ongoing intake,Open,Burnaby Campus,true
2933ACERT,https://www.bcit.ca/programs/bridge-watch-rating-associate-certificate-full-time-2933acert/,Bridge Watch Rating,Associate Certificate,Full-time,false,Ongoing intake,Open,Marine Campus,true
6645ADCERT,https://www.bcit.ca/programs/bridging-medical-radiography-advanced-certificate-part-time-6645adcert/,Bridging Medical Radiography,Advanced Certificate,Part-time,false,Apr 2027,Open,Blended: Burnaby Campus,true
6115ACERT,https://www.bcit.ca/programs/broadcast-and-digital-journalism-associate-certificate-part-time-6115acert/,Broadcast and Digital Journalism,Associate Certificate,Part-time,false,Sep 2026,Closed,Blended: Burnaby/Downtown,true
6115ACERT,https://www.bcit.ca/programs/broadcast-and-digital-journalism-associate-certificate-part-time-6115acert/,Broadcast and Digital Journalism,Associate Certificate,Part-time,false,Jan 2027,Open,Blended: Burnaby/Downtown,true
6115ACERT,https://www.bcit.ca/programs/broadcast-and-digital-journalism-associate-certificate-part-time-6115acert/,Broadcast and Digital Journalism,Associate Certificate,Part-time,false,Apr 2027,Open,Blended: Burnaby/Downtown,true
6135DIPMA,https://www.bcit.ca/programs/broadcast-and-online-journalism-diploma-full-time-6135dipma/,Broadcast and Online Journalism,Diploma,Full-time,false,Sep 2026,Closed,Burnaby Campus,true
515GACERT,https://www.bcit.ca/programs/building-construction-technology-associate-certificate-part-time-515gacert/,Building Construction Technology,Associate Certificate,Part-time,false,Sep 2026,Closed,Burnaby Campus,true
515GACERT,https://www.bcit.ca/programs/building-construction-technology-associate-certificate-part-time-515gacert/,Building Construction Technology,Associate Certificate,Part-time,false,Jan 2027,Open,Burnaby Campus,true
515GACERT,https://www.bcit.ca/programs/building-construction-technology-associate-certificate-part-time-515gacert/,Building Construction Technology,Associate Certificate,Part-time,false,Apr 2027,Open,Burnaby Campus,true
515HACERT,https://www.bcit.ca/programs/building-design-and-architectural-cad-associate-certificate-part-time-515hacert/,Building Design and Architectural CAD,Associate Certificate,Part-time,false,Sep 2026,Closed,Burnaby Campus,true
515HACERT,https://www.bcit.ca/programs/building-design-and-architectural-cad-associate-certificate-part-time-515hacert/,Building Design and Architectural CAD,Associate Certificate,Part-time,false,Jan 2027,Open,Burnaby Campus,true
515HACERT,https://www.bcit.ca/programs/building-design-and-architectural-cad-associate-certificate-part-time-515hacert/,Building Design and Architectural CAD,Associate Certificate,Part-time,false,Apr 2027,Open,Burnaby Campus,true
5235ADCERT,https://www.bcit.ca/programs/building-energy-modelling-and-performance-analysis-advanced-certificate-part-time-5235adcert/,Building Energy Modelling and Performance Analysis,Advanced Certificate,Part-time,false,Sep 2026,Closed,Online,true
5235ADCERT,https://www.bcit.ca/programs/building-energy-modelling-and-performance-analysis-advanced-certificate-part-time-5235adcert/,Building Energy Modelling and Performance Analysis,Advanced Certificate,Part-time,false,Jan 2027,Open,Online,true
5235ADCERT,https://www.bcit.ca/programs/building-energy-modelling-and-performance-analysis-advanced-certificate-part-time-5235adcert/,Building Energy Modelling and Performance Analysis,Advanced Certificate,Part-time - Domestic Only,true,Apr 2027,Open,Online,true
703ADIPMA,https://www.bcit.ca/programs/business-administration-general-option-diploma-part-time-703adipma/,Business Administration General Option,Diploma,Part-time,false,Sep 2026,Closed,Blended: Burnaby/Downtown,true
703ADIPMA,https://www.bcit.ca/programs/business-administration-general-option-diploma-part-time-703adipma/,Business Administration General Option,Diploma,Part-time,false,Jan 2027,Open,Blended: Burnaby/Downtown,true
703ADIPMA,https://www.bcit.ca/programs/business-administration-general-option-diploma-part-time-703adipma/,Business Administration General Option,Diploma,Part-time - Domestic Only,true,Apr 2027,Open,Blended: Burnaby/Downtown,true
703BDIPMA,https://www.bcit.ca/programs/business-administration-global-studies-option-diploma-part-time-703bdipma/,Business Administration Global Studies Option,Diploma,Part-time,false,Sep 2026,Closed,Blended: Burnaby/Downtown,true
703BDIPMA,https://www.bcit.ca/programs/business-administration-global-studies-option-diploma-part-time-703bdipma/,Business Administration Global Studies Option,Diploma,Part-time,false,Jan 2027,Open,Blended: Burnaby/Downtown,true
703BDIPMA,https://www.bcit.ca/programs/business-administration-global-studies-option-diploma-part-time-703bdipma/,Business Administration Global Studies Option,Diploma,Part-time - Domestic Only,true,Apr 2027,Open,Blended: Burnaby/Downtown,true
703CDIPMA,https://www.bcit.ca/programs/business-administration-human-resources-option-diploma-part-time-703cdipma/,Business Administration Human Resources Option,Diploma,Part-time,false,Sep 2026,Closed,Blended: Burnaby/Downtown,true
703CDIPMA,https://www.bcit.ca/programs/business-administration-human-resources-option-diploma-part-time-703cdipma/,Business Administration Human Resources Option,Diploma,Part-time,false,Jan 2027,Open,Blended: Burnaby/Downtown,true
703CDIPMA,https://www.bcit.ca/programs/business-administration-human-resources-option-diploma-part-time-703cdipma/,Business Administration Human Resources Option,Diploma,Part-time - Domestic Only,true,Apr 2027,Open,Blended: Burnaby/Downtown,true
703DDIPMA,https://www.bcit.ca/programs/business-administration-management-option-diploma-part-time-703ddipma/,Business Administration Management Option,Diploma,Part-time,false,Sep 2026,Closed,Blended: Burnaby/Downtown,true
703DDIPMA,https://www.bcit.ca/programs/business-administration-management-option-diploma-part-time-703ddipma/,Business Administration Management Option,Diploma,Part-time,false,Jan 2027,Open,Blended: Burnaby/Downtown,true
703DDIPMA,https://www.bcit.ca/programs/business-administration-management-option-diploma-part-time-703ddipma/,Business Administration Management Option,Diploma,Part-time - Domestic Only,true,Apr 2027,Open,Blended: Burnaby/Downtown,true
703EDIPMA,https://www.bcit.ca/programs/business-administration-marketing-option-diploma-part-time-703edipma/,Business Administration Marketing Option,Diploma,Part-time,false,Sep 2026,Closed,Blended: Burnaby/Downtown,true
703EDIPMA,https://www.bcit.ca/programs/business-administration-marketing-option-diploma-part-time-703edipma/,Business Administration Marketing Option,Diploma,Part-time,false,Jan 2027,Open,Blended: Burnaby/Downtown,true
703EDIPMA,https://www.bcit.ca/programs/business-administration-marketing-option-diploma-part-time-703edipma/,Business Administration Marketing Option,Diploma,Part-time - Domestic Only,true,Apr 2027,Open,Blended: Burnaby/Downtown,true
5140ACERT,https://www.bcit.ca/programs/business-administration-associate-certificate-part-time-5140acert/,Business Administration,Associate Certificate,Part-time,false,Sep 2026,Closed,Blended: Burnaby/Downtown,true
5140ACERT,https://www.bcit.ca/programs/business-administration-associate-certificate-part-time-5140acert/,Business Administration,Associate Certificate,Part-time,false,Jan 2027,Open,Blended: Burnaby/Downtown,true
5140ACERT,https://www.bcit.ca/programs/business-administration-associate-certificate-part-time-5140acert/,Business Administration,Associate Certificate,Part-time,false,Apr 2027,Open,Blended: Burnaby/Downtown,true
9975BBA,https://www.bcit.ca/programs/bachelor-of-business-administration-bachelor-of-business-administration-full-time-part-time-9975bba/,Business Administration,Bachelor of Business Administration,Full-time,false,Sep 2026,Closed,Burnaby Campus,true
9975BBA,https://www.bcit.ca/programs/bachelor-of-business-administration-bachelor-of-business-administration-full-time-part-time-9975bba/,Business Administration,Bachelor of Business Administration,Part-time,false,Sep 2026,Closed,Blended: Burnaby Campus,true
9975BBA,https://www.bcit.ca/programs/bachelor-of-business-administration-bachelor-of-business-administration-full-time-part-time-9975bba/,Business Administration,Bachelor of Business Administration,Part-time,false,Jan 2027,Open,Blended: Burnaby Campus,true
9975BBA,https://www.bcit.ca/programs/bachelor-of-business-administration-bachelor-of-business-administration-full-time-part-time-9975bba/,Business Administration,Bachelor of Business Administration,Part-time - Domestic Only,true,Apr 2027,Open,Blended: Burnaby Campus,true
A700GRCERT,https://www.bcit.ca/programs/business-administration-graduate-certificate-full-time-a700grcert/,Business Administration,Graduate Certificate,Full-time,false,Sep 2026,Closed,Blended: Downtown Campus,true
5205ACERT,https://www.bcit.ca/programs/business-analysis-associate-certificate-part-time-5205acert/,Business Analysis,Associate Certificate,Part-time,false,Sep 2026,Closed,Blended: Burnaby Campus,true
5205ACERT,https://www.bcit.ca/programs/business-analysis-associate-certificate-part-time-5205acert/,Business Analysis,Associate Certificate,Part-time,false,Jan 2027,Open,Blended: Burnaby Campus,true
5205ACERT,https://www.bcit.ca/programs/business-analysis-associate-certificate-part-time-5205acert/,Business Analysis,Associate Certificate,Part-time,false,Apr 2027,Open,Blended: Burnaby Campus,true
A600GRCERT,https://www.bcit.ca/programs/business-analytics-graduate-certificate-full-time-a600grcert/,Business Analytics,Graduate Certificate,Full-time,false,Sep 2026,Closed,Blended: Downtown Campus,true
5295ACERT,https://www.bcit.ca/programs/business-data-management-associate-certificate-part-time-5295acert/,Business Data Management,Associate Certificate,Part-time,false,Sep 2026,Closed,Blended: Burnaby Campus,true
5295ACERT,https://www.bcit.ca/programs/business-data-management-associate-certificate-part-time-5295acert/,Business Data Management,Associate Certificate,Part-time,false,Jan 2027,Open,Blended: Burnaby Campus,true
5295ACERT,https://www.bcit.ca/programs/business-data-management-associate-certificate-part-time-5295acert/,Business Data Management,Associate Certificate,Part-time,false,Apr 2027,Open,Blended: Burnaby Campus,true
7985ACERT,https://www.bcit.ca/programs/business-fundamentals-associate-certificate-full-time-7985acert/,Business Fundamentals BFUN,Associate Certificate,Full-time,false,Sep 2026,Closed,Burnaby Campus,true
7985ACERT,https://www.bcit.ca/programs/business-fundamentals-associate-certificate-full-time-7985acert/,Business Fundamentals BFUN,Associate Certificate,Full-time - Domestic Only,true,Jan 2027,Open,Burnaby Campus,true
7985ACERT,https://www.bcit.ca/programs/business-fundamentals-associate-certificate-full-time-7985acert/,Business Fundamentals BFUN,Associate Certificate,Full-time - Domestic Only,true,May 2027,Open,Burnaby Campus,true
,https://www.bcit.ca/programs/business-information-technology-management/,Business Information Technology Management,Diploma,Full-time,false,Sep 2026,Closed,Burnaby Campus,false
5275ACERT,https://www.bcit.ca/programs/business-intelligence-associate-certificate-part-time-5275acert/,Business Intelligence,Associate Certificate,Part-time,false,Sep 2026,Closed,Blended: Burnaby Campus,true
5275ACERT,https://www.bcit.ca/programs/business-intelligence-associate-certificate-part-time-5275acert/,Business Intelligence,Associate Certificate,Part-time,false,Jan 2027,Open,Blended: Burnaby Campus,true
5275ACERT,https://www.bcit.ca/programs/business-intelligence-associate-certificate-part-time-5275acert/,Business Intelligence,Associate Certificate,Part-time,false,Apr 2027,Open,Blended: Burnaby Campus,true
5312ADVDIP,https://www.bcit.ca/programs/business-management-advanced-diploma-advanced-diploma-full-time-part-time-5312advdip/,Business Management,Advanced Diploma,Full-time,false,Sep 2026,Closed,Burnaby Campus,true
5312ADVDIP,https://www.bcit.ca/programs/business-management-advanced-diploma-advanced-diploma-full-time-part-time-5312advdip/,Business Management,Advanced Diploma,Full-time,false,Jan 2027,Open,Burnaby Campus,true
5312ADVDIP,https://www.bcit.ca/programs/business-management-advanced-diploma-advanced-diploma-full-time-part-time-5312advdip/,Business Management,Advanced Diploma,Part-time,false,Sep 2026,Closed,Burnaby/Downtown,true
5312ADVDIP,https://www.bcit.ca/programs/business-management-advanced-diploma-advanced-diploma-full-time-part-time-5312advdip/,Business Management,Advanced Diploma,Part-time,false,Jan 2027,Open,Burnaby/Downtown,true
5312ADVDIP,https://www.bcit.ca/programs/business-management-advanced-diploma-advanced-diploma-full-time-part-time-5312advdip/,Business Management,Advanced Diploma,Part-time - Domestic Only,true,Apr 2027,Open,Burnaby/Downtown,true
6245MCERT,https://www.bcit.ca/programs/business-management-certificate-part-time-6245mcert/,Business Management,Certificate,Part-time,false,Sep 2026,Closed,Blended: Burnaby/Downtown,true
6245MCERT,https://www.bcit.ca/programs/business-management-certificate-part-time-6245mcert/,Business Management,Certificate,Part-time,false,Jan 2027,Open,Blended: Burnaby/Downtown,true
6245MCERT,https://www.bcit.ca/programs/business-management-certificate-part-time-6245mcert/,Business Management,Certificate,Part-time,false,Apr 2027,Open,Blended: Burnaby/Downtown,true
6245DIPLT,https://www.bcit.ca/programs/business-management-diploma-full-time-6245diplt/,Business Management,Diploma Levels 1 - 4,Full-time,false,Sep 2026,Closed,Burnaby Campus,true
,https://www.bcit.ca/programs/business-and-media-study-abroad-full-time-0330nobcit/,Business and Media Study Abroad,,Full-time,false,Sep 2026,Closed,Burnaby/Downtown,false
,https://www.bcit.ca/programs/business-and-media-study-abroad-full-time-0330nobcit/,Business and Media Study Abroad,,Full-time,false,Jan 2027,Open,Burnaby/Downtown,false
,https://www.bcit.ca/programs/business-and-media-study-abroad-full-time-0330nobcit/,Business and Media Study Abroad,,Full-time,false,Apr 2027,Not yet open,Burnaby/Downtown,false
1525TTDIPL,https://www.bcit.ca/programs/cnc-machinist-technician-diploma-full-time-1525ttdipl/,CNC Machinist Technician,Diploma,Full-time,false,Ongoing intake,Open,Burnaby Campus,true
2060CERT,https://www.bcit.ca/programs/cabinetmaker-joiner-foundation-certificate-full-time-2060cert/,Cabinetmaker Joiner Foundation,Certificate,Full-time,false,Ongoing intake,Open,Burnaby Campus,true
5330ADCERT,https://www.bcit.ca/programs/cardiac-sciences-cardiac-rhythm-device-technology-option-advanced-certificate-part-time-5330adcert/,Cardiac Sciences Cardiac Rhythm Device Technology Option,Advanced Certificate,Part-time,false,Sep 2026,Closed,Online,true
5330ADCERT,https://www.bcit.ca/programs/cardiac-sciences-cardiac-rhythm-device-technology-option-advanced-certificate-part-time-5330adcert/,Cardiac Sciences Cardiac Rhythm Device Technology Option,Advanced Certificate,Part-time,false,Jan 2027,Open,Online,true
5330ADCERT,https://www.bcit.ca/programs/cardiac-sciences-cardiac-rhythm-device-technology-option-advanced-certificate-part-time-5330adcert/,Cardiac Sciences Cardiac Rhythm Device Technology Option,Advanced Certificate,Part-time,false,Apr 2027,Open,Online,true
5310ADCERT,https://www.bcit.ca/programs/cardiac-sciences-cardiovascular-technology-option-advanced-certificate-part-time-5310adcert/,Cardiac Sciences Cardiovascular Technology Option,Advanced Certificate,Part-time,false,Sep 2026,Closed,Online,true
5310ADCERT,https://www.bcit.ca/programs/cardiac-sciences-cardiovascular-technology-option-advanced-certificate-part-time-5310adcert/,Cardiac Sciences Cardiovascular Technology Option,Advanced Certificate,Part-time,false,Jan 2027,Open,Online,true
5310ADCERT,https://www.bcit.ca/programs/cardiac-sciences-cardiovascular-technology-option-advanced-certificate-part-time-5310adcert/,Cardiac Sciences Cardiovascular Technology Option,Advanced Certificate,Part-time,false,Apr 2027,Open,Online,true
5320ADCERT,https://www.bcit.ca/programs/cardiac-sciences-electrophysiology-technology-option-advanced-certificate-part-time-5320adcert/,Cardiac Sciences Electrophysiology Technology Option,Advanced Certificate,Part-time,false,Sep 2026,Closed,Online,true
5320ADCERT,https://www.bcit.ca/programs/cardiac-sciences-electrophysiology-technology-option-advanced-certificate-part-time-5320adcert/,Cardiac Sciences Electrophysiology Technology Option,Advanced Certificate,Part-time,false,Jan 2027,Open,Online,true
5320ADCERT,https://www.bcit.ca/programs/cardiac-sciences-electrophysiology-technology-option-advanced-certificate-part-time-5320adcert/,Cardiac Sciences Electrophysiology Technology Option,Advanced Certificate,Part-time,false,Apr 2027,Open,Online,true
530ADIPLT,https://www.bcit.ca/programs/cardiology-technology-diploma-part-time-530adiplt/,Cardiology Technology,Diploma,Part-time,false,Sep 2026,Closed,Online,true
530ADIPLT,https://www.bcit.ca/programs/cardiology-technology-diploma-part-time-530adiplt/,Cardiology Technology,Diploma,Part-time,false,Jan 2027,Open,Online,true
6820ASCERT,https://www.bcit.ca/programs/cardiovascular-perfusion-advanced-certificate-part-time-6820ascert/,Cardiovascular Perfusion,Advanced Certificate,Part-time,false,Sep 2026,Closed,Blended: Aerospace + Burnaby,true
1645CERT,https://www.bcit.ca/programs/carpentry-framing-and-forming-foundation-certificate-full-time-1645cert/,Carpentry Framing and Forming Foundation,Certificate,Full-time,false,Ongoing intake,Open,Burnaby Campus,true
5375DIPMA,https://www.bcit.ca/programs/chemical-and-environmental-engineering-technology-diploma-full-time-5375dipma/,Chemical and Environmental Engineering Technology,Diploma,Full-time,false,Sep 2026,Closed,Burnaby Campus,true
8660BENG,https://www.bcit.ca/programs/civil-engineering-bachelor-of-engineering-full-time-8660beng/,Civil Engineering,Bachelor of Engineering Levels 1 - 4,Full-time,false,Sep 2026,Closed,Burnaby Campus,true
5430ACERT,https://www.bcit.ca/programs/civil-technology-associate-certificate-part-time-5430acert/,Civil Technology,Associate Certificate,Part-time - Domestic Only,true,Sep 2026,Closed,Blended: Burnaby Campus,true
5430ACERT,https://www.bcit.ca/programs/civil-technology-associate-certificate-part-time-5430acert/,Civil Technology,Associate Certificate,Part-time - Domestic Only,true,Jan 2027,Open,Blended: Burnaby Campus,true
5430ACERT,https://www.bcit.ca/programs/civil-technology-associate-certificate-part-time-5430acert/,Civil Technology,Associate Certificate,Part-time - Domestic Only,true,Apr 2027,Open,Blended: Burnaby Campus,true
5430CERT,https://www.bcit.ca/programs/civil-technology-certificate-part-time-5430cert/,Civil Technology,Certificate,Part-time - Domestic Only,true,Sep 2026,Closed,Blended: Burnaby Campus,true
5430CERT,https://www.bcit.ca/programs/civil-technology-certificate-part-time-5430cert/,Civil Technology,Certificate,Part-time - Domestic Only,true,Jan 2027,Open,Blended: Burnaby Campus,true
5430CERT,https://www.bcit.ca/programs/civil-technology-certificate-part-time-5430cert/,Civil Technology,Certificate,Part-time - Domestic Only,true,Apr 2027,Open,Blended: Burnaby Campus,true
5670ADVDIP,https://www.bcit.ca/programs/clinical-genetics-technology-advanced-diploma-full-time-5670advdip/,Clinical Genetics Technology,Advanced Diploma,Full-time,false,Sep 2026,Closed,Burnaby Campus,true
5570ACERT,https://www.bcit.ca/programs/computer-aided-design-cad-technology-associate-certificate-part-time-5570acert/,Computer Aided Design CAD Technology,Associate Certificate,Part-time,false,Sep 2026,Closed,Blended: Burnaby/Downtown,true
5570ACERT,https://www.bcit.ca/programs/computer-aided-design-cad-technology-associate-certificate-part-time-5570acert/,Computer Aided Design CAD Technology,Associate Certificate,Part-time,false,Jan 2027,Open,Blended: Burnaby/Downtown,true
5570ACERT,https://www.bcit.ca/programs/computer-aided-design-cad-technology-associate-certificate-part-time-5570acert/,Computer Aided Design CAD Technology,Associate Certificate,Part-time,false,Apr 2027,Open,Blended: Burnaby/Downtown,true
1930DIPMA,https://www.bcit.ca/programs/computer-information-systems-administration-diploma-full-time-1930dipma/,Computer Information Systems Administration CISA,Diploma,Full-time,false,Sep 2026,Closed,Burnaby Campus,true
5540DIPMA,https://www.bcit.ca/programs/computer-information-technology-diploma-full-time-5540dipma/,Computer Information Technology CIT,Diploma Levels 1 - 4,Full-time,false,Sep 2026,Closed,Downtown Campus,true
5540DIPMA,https://www.bcit.ca/programs/computer-information-technology-diploma-full-time-5540dipma/,Computer Information Technology CIT,Diploma Levels 1 - 4,Full-time,false,Jan 2027,Open,Downtown Campus,true
5500DIPMA,https://www.bcit.ca/programs/computer-systems-technology-diploma-full-time-5500dipma/,Computer Systems Technology CST,Diploma,Full-time,false,Sep 2026,Closed,Burnaby Campus,true
5500DIPMA,https://www.bcit.ca/programs/computer-systems-technology-diploma-full-time-5500dipma/,Computer Systems Technology CST,Diploma,Full-time,false,Sep 2026,Closed,Downtown Campus,true
5500DIPMA,https://www.bcit.ca/programs/computer-systems-technology-diploma-full-time-5500dipma/,Computer Systems Technology CST,Diploma,Full-time,false,Jan 2027,Open,Burnaby Campus,true
5500DIPMA,https://www.bcit.ca/programs/computer-systems-technology-diploma-full-time-5500dipma/,Computer Systems Technology CST,Diploma,Full-time,false,Jan 2027,Open,Downtown Campus,true
5500DIPMA,https://www.bcit.ca/programs/computer-systems-technology-diploma-full-time-5500dipma/,Computer Systems Technology CST,Diploma,Part-time,false,Sep 2026,Closed,Blended: Burnaby/Downtown,true
5500DIPMA,https://www.bcit.ca/programs/computer-systems-technology-diploma-full-time-5500dipma/,Computer Systems Technology CST,Diploma,Part-time,false,Jan 2027,Open,Blended: Burnaby/Downtown,true
5500DIPMA,https://www.bcit.ca/programs/computer-systems-technology-diploma-full-time-5500dipma/,Computer Systems Technology CST,Diploma,Part-time - Domestic Only,true,Apr 2027,Open,Blended: Burnaby/Downtown,true
5500CERT,https://www.bcit.ca/programs/computer-systems-certificate-part-time-5500cert/,Computer Systems,Certificate,Part-time,false,Sep 2026,Closed,Blended: Burnaby/Downtown,true
5500CERT,https://www.bcit.ca/programs/computer-systems-certificate-part-time-5500cert/,Computer Systems,Certificate,Part-time,false,Jan 2027,Open,Blended: Burnaby/Downtown,true
5500CERT,https://www.bcit.ca/programs/computer-systems-certificate-part-time-5500cert/,Computer Systems,Certificate,Part-time,false,Apr 2027,Open,Blended: Burnaby/Downtown,true
5725ACERT,https://www.bcit.ca/programs/computerized-accounting-associate-certificate-part-time-5725acert/,Computerized Accounting,Associate Certificate,Part-time,false,Sep 2026,Closed,Blended: Burnaby/Downtown,true
5725ACERT,https://www.bcit.ca/programs/computerized-accounting-associate-certificate-part-time-5725acert/,Computerized Accounting,Associate Certificate,Part-time,false,Jan 2027,Open,Blended: Burnaby/Downtown,true
5725ACERT,https://www.bcit.ca/programs/computerized-accounting-associate-certificate-part-time-5725acert/,Computerized Accounting,Associate Certificate,Part-time - Domestic Only,true,Apr 2027,Open,Blended: Burnaby/Downtown,true
,https://www.bcit.ca/programs/computing-and-academic-studies-study-abroad-full-time-0335nobcit/,Computing and Academic Studies Study Abroad,,Full-time,false,Sep 2026,Closed,Burnaby/Downtown,false
,https://www.bcit.ca/programs/computing-and-academic-studies-study-abroad-full-time-0335nobcit/,Computing and Academic Studies Study Abroad,,Full-time,false,Jan 2027,Open,Burnaby/Downtown,false
,https://www.bcit.ca/programs/computing-and-academic-studies-study-abroad-full-time-0335nobcit/,Computing and Academic Studies Study Abroad,,Full-time,false,Apr 2027,Not yet open,Burnaby/Downtown,false
1155ACERT,https://www.bcit.ca/programs/construction-drawings-associate-certificate-part-time-distance-and-online-learning-1155acert/,Construction Drawings,Associate Certificate,Part-time,false,Sep 2026,Closed,Online,true
1155ACERT,https://www.bcit.ca/programs/construction-drawings-associate-certificate-part-time-distance-and-online-learning-1155acert/,Construction Drawings,Associate Certificate,Part-time,false,Jan 2027,Open,Online,true
1155ACERT,https://www.bcit.ca/programs/construction-drawings-associate-certificate-part-time-distance-and-online-learning-1155acert/,Construction Drawings,Associate Certificate,Part-time,false,Apr 2027,Open,Online,true
6530CERT,https://www.bcit.ca/programs/construction-estimating-certificate-part-time-6530cert/,Construction Estimating,Certificate,Part-time,false,Sep 2026,Closed,Blended: Burnaby Campus,true
6530CERT,https://www.bcit.ca/programs/construction-estimating-certificate-part-time-6530cert/,Construction Estimating,Certificate,Part-time,false,Jan 2027,Open,Blended: Burnaby Campus,true
6530CERT,https://www.bcit.ca/programs/construction-estimating-certificate-part-time-6530cert/,Construction Estimating,Certificate,Part-time,false,Apr 2027,Open,Blended: Burnaby Campus,true
8800BTECH,https://www.bcit.ca/programs/construction-management-bachelor-of-technology-full-time-part-time-8800btech/,Construction Management,Bachelor of Technology,Full-time,false,Sep 2026,Closed,Burnaby Campus,true
8800BTECH,https://www.bcit.ca/programs/construction-management-bachelor-of-technology-full-time-part-time-8800btech/,Construction Management,Bachelor of Technology,Part-time,false,Sep 2026,Closed,Burnaby Campus,true
8800BTECH,https://www.bcit.ca/programs/construction-management-bachelor-of-technology-full-time-part-time-8800btech/,Construction Management,Bachelor of Technology,Part-time,false,Jan 2027,Open,Burnaby Campus,true
8800BTECH,https://www.bcit.ca/programs/construction-management-bachelor-of-technology-full-time-part-time-8800btech/,Construction Management,Bachelor of Technology,Part-time - Domestic Only,true,Apr 2027,Open,Burnaby Campus,true
7710DIPMA,https://www.bcit.ca/programs/construction-management-diploma-part-time-7710dipma/,Construction Management,Diploma,Part-time,false,Sep 2026,Closed,Blended: Burnaby Campus,true
7710DIPMA,https://www.bcit.ca/programs/construction-management-diploma-part-time-7710dipma/,Construction Management,Diploma,Part-time,false,Jan 2027,Open,Blended: Burnaby Campus,true
7710DIPMA,https://www.bcit.ca/programs/construction-management-diploma-part-time-7710dipma/,Construction Management,Diploma,Part-time - Domestic Only,true,Apr 2027,Open,Blended: Burnaby Campus,true
7880ACERT,https://www.bcit.ca/programs/construction-operations-associate-certificate-part-time-7880acert/,Construction Operations,Associate Certificate,Part-time,false,Sep 2026,Closed,Blended: Burnaby Campus,true
7880ACERT,https://www.bcit.ca/programs/construction-operations-associate-certificate-part-time-7880acert/,Construction Operations,Associate Certificate,Part-time,false,Jan 2027,Open,Blended: Burnaby Campus,true
7880ACERT,https://www.bcit.ca/programs/construction-operations-associate-certificate-part-time-7880acert/,Construction Operations,Associate Certificate,Part-time,false,Apr 2027,Open,Blended: Burnaby Campus,true
7870CERT,https://www.bcit.ca/programs/construction-supervision-certificate-part-time-7870cert/,Construction Supervision,Certificate,Part-time,false,Sep 2026,Closed,Blended: Burnaby Campus,true
7870CERT,https://www.bcit.ca/programs/construction-supervision-certificate-part-time-7870cert/,Construction Supervision,Certificate,Part-time,false,Jan 2027,Open,Blended: Burnaby Campus,true
7870CERT,https://www.bcit.ca/programs/construction-supervision-certificate-part-time-7870cert/,Construction Supervision,Certificate,Part-time,false,Apr 2027,Open,Blended: Burnaby Campus,true
576ADIPMA,https://www.bcit.ca/programs/diagnostic-medical-sonography-general-sonography-option-diploma-full-time-576adipma/,Diagnostic Medical Sonography General Sonography Option,Diploma,Full-time,false,Sep 2026,Closed,Burnaby Campus,true
576CDIPMA,https://www.bcit.ca/programs/diagnostic-medical-sonography-general-and-cardiac-sonography-option-diploma-full-time-576cdipma/,Diagnostic Medical Sonography General and Cardiac Sonography Option,Diploma,Full-time,false,Sep 2026,Closed,Burnaby Campus,true
7160ADVDIP,https://www.bcit.ca/programs/diagnostic-medical-sonography-cardiac-advanced-diploma-full-time-7160advdip/,Diagnostic Medical Sonography – Cardiac,Advanced Diploma,Full-time,false,Jan 2027,Open,Burnaby Campus,true
5105DIPMA,https://www.bcit.ca/programs/digital-communications-and-wireless-technologies-diploma-full-time-5105dipma/,Digital Communications and Wireless Technologies,Diploma,Full-time,false,Sep 2026,Closed,Burnaby Campus,true
6515DIPMA,https://www.bcit.ca/programs/digital-design-and-development-diploma-full-time-6515dipma/,Digital Design and Development,Diploma,Full-time,false,Sep 2026,Closed,Blended: Burnaby Campus,true
5165ADCERT,https://www.bcit.ca/programs/digital-health-advanced-certificate-part-time-5165adcert/,Digital Health,Advanced Certificate,Part-time,false,Sep 2026,Closed,Online,true
5165ADCERT,https://www.bcit.ca/programs/digital-health-advanced-certificate-part-time-5165adcert/,Digital Health,Advanced Certificate,Part-time,false,Jan 2027,Open,Online,true
5165ADCERT,https://www.bcit.ca/programs/digital-health-advanced-certificate-part-time-5165adcert/,Digital Health,Advanced Certificate,Part-time - Domestic Only,true,Apr 2027,Open,Online,true
6375ACERT,https://www.bcit.ca/programs/digital-marketing-foundations-associate-certificate-part-time-6375acert/,Digital Marketing Foundations,Associate Certificate,Part-time,false,Sep 2026,Closed,Blended: Burnaby/Downtown,true
6375ACERT,https://www.bcit.ca/programs/digital-marketing-foundations-associate-certificate-part-time-6375acert/,Digital Marketing Foundations,Associate Certificate,Part-time,false,Jan 2027,Open,Blended: Burnaby/Downtown,true
6375ACERT,https://www.bcit.ca/programs/digital-marketing-foundations-associate-certificate-part-time-6375acert/,Digital Marketing Foundations,Associate Certificate,Part-time,false,Apr 2027,Open,Blended: Burnaby/Downtown,true
6385ACERT,https://www.bcit.ca/programs/digital-marketing-strategy-associate-certificate-part-time-6385acert/,Digital Marketing Strategy,Associate Certificate,Part-time,false,Sep 2026,Closed,Blended: Burnaby/Downtown,true
6385ACERT,https://www.bcit.ca/programs/digital-marketing-strategy-associate-certificate-part-time-6385acert/,Digital Marketing Strategy,Associate Certificate,Part-time,false,Sep 2026,Closed,Online,true
6385ACERT,https://www.bcit.ca/programs/digital-marketing-strategy-associate-certificate-part-time-6385acert/,Digital Marketing Strategy,Associate Certificate,Part-time,false,Jan 2027,Open,Blended: Burnaby/Downtown,true
6385ACERT,https://www.bcit.ca/programs/digital-marketing-strategy-associate-certificate-part-time-6385acert/,Digital Marketing Strategy,Associate Certificate,Part-time,false,Jan 2027,Open,Online,true
6385ACERT,https://www.bcit.ca/programs/digital-marketing-strategy-associate-certificate-part-time-6385acert/,Digital Marketing Strategy,Associate Certificate,Part-time,false,Apr 2027,Open,Blended: Burnaby/Downtown,true
6385ACERT,https://www.bcit.ca/programs/digital-marketing-strategy-associate-certificate-part-time-6385acert/,Digital Marketing Strategy,Associate Certificate,Part-time,false,Apr 2027,Open,Online,true
M410MSC,https://www.bcit.ca/programs/ecological-restoration-master-of-science-full-time-part-time-m410msc/,Ecological Restoration Course Option,Master of Science,Full-time - Domestic Only,true,Sep 2026,Closed,Burnaby Campus,true
M410MSC,https://www.bcit.ca/programs/ecological-restoration-master-of-science-full-time-part-time-m410msc/,Ecological Restoration Course Option,Master of Science,Part-time - Domestic Only,true,Sep 2026,Closed,Burnaby/Blended,true
M410MSC,https://www.bcit.ca/programs/ecological-restoration-master-of-science-full-time-part-time-m410msc/,Ecological Restoration Thesis Option,Master of Science,Full-time - Domestic Only,true,Sep 2026,Closed,Burnaby Campus,true
M410MSC,https://www.bcit.ca/programs/ecological-restoration-master-of-science-full-time-part-time-m410msc/,Ecological Restoration Thesis Option,Master of Science,Part-time - Domestic Only,true,Sep 2026,Closed,Burnaby/Blended,true
8040BSC,https://www.bcit.ca/programs/ecological-restoration-bachelor-of-science-full-time-part-time-8040bsc/,Ecological Restoration,Bachelor of Science,Full-time,false,Sep 2026,Closed,Burnaby Campus,true
8040BSC,https://www.bcit.ca/programs/ecological-restoration-bachelor-of-science-full-time-part-time-8040bsc/,Ecological Restoration,Bachelor of Science,Part-time,false,Sep 2026,Closed,Burnaby Campus,true
8040BSC,https://www.bcit.ca/programs/ecological-restoration-bachelor-of-science-full-time-part-time-8040bsc/,Ecological Restoration,Bachelor of Science,Part-time,false,Jan 2027,Open,Burnaby Campus,true
8040BSC,https://www.bcit.ca/programs/ecological-restoration-bachelor-of-science-full-time-part-time-8040bsc/,Ecological Restoration,Bachelor of Science,Part-time - Domestic Only,true,Apr 2027,Open,Burnaby Campus,true
8030BENG,https://www.bcit.ca/programs/electrical-engineering-bachelor-of-engineering-full-time-8030beng/,Electrical Engineering,Bachelor of Engineering Levels 3 - 8,Full-time,false,Sep 2026,Closed,Burnaby Campus,true
1780CERT,https://www.bcit.ca/programs/electrical-foundation-certificate-full-time-1780cert/,Electrical Foundation,Certificate,Full-time,false,Ongoing intake,Waitlisting,Burnaby Campus,true
1780CERT,https://www.bcit.ca/programs/electrical-foundation-certificate-full-time-1780cert/,Electrical Foundation,Certificate,Full-time,false,Ongoing intake,Waitlisting,DW Poppy Secondary - Langley,true
1780CERT,https://www.bcit.ca/programs/electrical-foundation-certificate-full-time-1780cert/,Electrical Foundation,Certificate,Full-time,false,Ongoing intake,Waitlisting,Princess Margaret - Surrey,true
,https://www.bcit.ca/programs/electrical-engineering/,Electrical and Computer Engineering Technology ECET,Diploma Levels 1 - 4,Full-time,false,Sep 2026,Closed,Burnaby Campus,false
,https://www.bcit.ca/programs/electrical-engineering/,Electrical and Computer Engineering Technology ECET,Diploma Levels 1 - 4,Full-time,false,Jan 2027,Open,Burnaby Campus,false
5810DIPMA,https://www.bcit.ca/programs/electroneurophysiology-diploma-full-time-5810dipma/,Electroneurophysiology,Diploma,Full-time,false,Jan 2027,Open,Burnaby Campus,true
8900BTECH,https://www.bcit.ca/programs/electronics-bachelor-of-technology-part-time-8900btech/,Electronics,Bachelor of Technology,Part-time,false,Sep 2026,Closed,Burnaby Campus,true
8900BTECH,https://www.bcit.ca/programs/electronics-bachelor-of-technology-part-time-8900btech/,Electronics,Bachelor of Technology,Part-time,false,Jan 2027,Open,Burnaby Campus,true
8900BTECH,https://www.bcit.ca/programs/electronics-bachelor-of-technology-part-time-8900btech/,Electronics,Bachelor of Technology,Part-time - Domestic Only,true,Apr 2027,Open,Burnaby Campus,true
,https://www.bcit.ca/programs/energy-study-abroad-full-time-0345nobcit/,Energy Study Abroad,,Full-time,false,Sep 2026,Closed,Burnaby/Downtown,false
,https://www.bcit.ca/programs/energy-study-abroad-full-time-0345nobcit/,Energy Study Abroad,,Full-time,false,Jan 2027,Open,Burnaby/Downtown,false
,https://www.bcit.ca/programs/energy-study-abroad-full-time-0345nobcit/,Energy Study Abroad,,Full-time,false,Apr 2027,Not yet open,Burnaby/Downtown,false
8520BENVH,https://www.bcit.ca/programs/environmental-public-health-bachelor-of-environmental-public-health-full-time-8520benvh/,Environmental Public Health,Bachelor of Environmental Public Health,Full-time,false,Sep 2026,Closed,Burnaby Campus,true
5077CERT,https://www.bcit.ca/programs/event-marketing-and-management-strategy-certificate-part-time-5077cert/,Event Marketing and Management Strategy,Certificate,Part-time,false,Sep 2026,Closed,Blended: Burnaby/Downtown,true
5077CERT,https://www.bcit.ca/programs/event-marketing-and-management-strategy-certificate-part-time-5077cert/,Event Marketing and Management Strategy,Certificate,Part-time,false,Jan 2027,Open,Blended: Burnaby/Downtown,true
5077CERT,https://www.bcit.ca/programs/event-marketing-and-management-strategy-certificate-part-time-5077cert/,Event Marketing and Management Strategy,Certificate,Part-time,false,Apr 2027,Open,Blended: Burnaby/Downtown,true
6315ACERT,https://www.bcit.ca/programs/event-marketing-and-planning-foundations-associate-certificate-part-time-6315acert/,Event Marketing and Planning Foundations,Associate Certificate,Part-time,false,Sep 2026,Closed,Blended: Burnaby/Downtown,true
6315ACERT,https://www.bcit.ca/programs/event-marketing-and-planning-foundations-associate-certificate-part-time-6315acert/,Event Marketing and Planning Foundations,Associate Certificate,Part-time,false,Sep 2026,Closed,Online,true
6315ACERT,https://www.bcit.ca/programs/event-marketing-and-planning-foundations-associate-certificate-part-time-6315acert/,Event Marketing and Planning Foundations,Associate Certificate,Part-time,false,Jan 2027,Open,Blended: Burnaby/Downtown,true
6315ACERT,https://www.bcit.ca/programs/event-marketing-and-planning-foundations-associate-certificate-part-time-6315acert/,Event Marketing and Planning Foundations,Associate Certificate,Part-time,false,Jan 2027,Open,Online,true
6315ACERT,https://www.bcit.ca/programs/event-marketing-and-planning-foundations-associate-certificate-part-time-6315acert/,Event Marketing and Planning Foundations,Associate Certificate,Part-time,false,Apr 2027,Open,Blended: Burnaby/Downtown,true
6315ACERT,https://www.bcit.ca/programs/event-marketing-and-planning-foundations-associate-certificate-part-time-6315acert/,Event Marketing and Planning Foundations,Associate Certificate,Part-time,false,Apr 2027,Open,Online,true
,https://www.bcit.ca/programs/finance-diplomas/,Finance,Diploma,Full-time,false,Sep 2026,Closed,Blended: Burnaby Campus,false
,https://www.bcit.ca/programs/finance-diplomas/,Finance,Diploma,Part-time,false,Sep 2026,Closed,Blended: Burnaby/Downtown,false
,https://www.bcit.ca/programs/finance-diplomas/,Finance,Diploma,Part-time,false,Jan 2027,Open,Blended: Burnaby/Downtown,false
,https://www.bcit.ca/programs/finance-diplomas/,Finance,Diploma,Part-time - Domestic Only,true,Apr 2027,Open,Blended: Burnaby/Downtown,false
585CMCERT,https://www.bcit.ca/programs/financial-management-finance-option-certificate-part-time-585cmcert/,Financial Management Finance Option,Certificate,Part-time,false,Sep 2026,Closed,Blended: Burnaby/Downtown,true
585CMCERT,https://www.bcit.ca/programs/financial-management-finance-option-certificate-part-time-585cmcert/,Financial Management Finance Option,Certificate,Part-time,false,Jan 2027,Open,Blended: Burnaby/Downtown,true
585CMCERT,https://www.bcit.ca/programs/financial-management-finance-option-certificate-part-time-585cmcert/,Financial Management Finance Option,Certificate,Part-time - Domestic Only,true,Apr 2027,Open,Blended: Burnaby/Downtown,true
585IACERT,https://www.bcit.ca/programs/financial-management-financial-planning-associate-certificate-part-time-585iacert/,Financial Management Financial Planning Option,Associate Certificate,Part-time,false,Sep 2026,Closed,Blended: Burnaby/Downtown,true
585IACERT,https://www.bcit.ca/programs/financial-management-financial-planning-associate-certificate-part-time-585iacert/,Financial Management Financial Planning Option,Associate Certificate,Part-time,false,Jan 2027,Open,Blended: Burnaby/Downtown,true
585IACERT,https://www.bcit.ca/programs/financial-management-financial-planning-associate-certificate-part-time-585iacert/,Financial Management Financial Planning Option,Associate Certificate,Part-time - Domestic Only,true,Apr 2027,Open,Blended: Burnaby/Downtown,true
585FMCERT,https://www.bcit.ca/programs/financial-management-professional-accounting-option-certificate-part-time-585fmcert/,Financial Management Professional Accounting Option,Certificate,Part-time,false,Sep 2026,Closed,Blended: Burnaby/Downtown,true
585FMCERT,https://www.bcit.ca/programs/financial-management-professional-accounting-option-certificate-part-time-585fmcert/,Financial Management Professional Accounting Option,Certificate,Part-time,false,Jan 2027,Open,Blended: Burnaby/Downtown,true
585FMCERT,https://www.bcit.ca/programs/financial-management-professional-accounting-option-certificate-part-time-585fmcert/,Financial Management Professional Accounting Option,Certificate,Part-time - Domestic Only,true,Apr 2027,Open,Blended: Burnaby/Downtown,true
,https://www.bcit.ca/programs/financial-planning-diplomas/,Financial Planning,Diploma,Full-time,false,Sep 2026,Closed,Blended: Burnaby Campus,false
,https://www.bcit.ca/programs/financial-planning-diplomas/,Financial Planning,Diploma,Part-time,false,Sep 2026,Closed,Blended: Burnaby/Downtown,false
,https://www.bcit.ca/programs/financial-planning-diplomas/,Financial Planning,Diploma,Part-time,false,Jan 2027,Open,Blended: Burnaby/Downtown,false
,https://www.bcit.ca/programs/financial-planning-diplomas/,Financial Planning,Diploma,Part-time - Domestic Only,true,Apr 2027,Open,Blended: Burnaby/Downtown,false
,https://www.bcit.ca/programs/fire-executive-management-bcit-industry-partnership-certificate-part-time-6270ipcert/,Fire Executive Management,BCIT/Industry Partnership Certificate,Part-time,false,Sep 2026,Closed,Burnaby/Downtown,false
,https://www.bcit.ca/programs/fire-executive-management-bcit-industry-partnership-certificate-part-time-6270ipcert/,Fire Executive Management,BCIT/Industry Partnership Certificate,Part-time,false,Jan 2027,Closed,Burnaby/Downtown,false
675FACERT,https://www.bcit.ca/programs/fire-protection-inspection-and-testing-associate-certificate-part-time-675facert/,Fire Protection Inspection and Testing,Associate Certificate,Part-time,false,Sep 2026,Closed,Blended: Burnaby Campus,true
675FACERT,https://www.bcit.ca/programs/fire-protection-inspection-and-testing-associate-certificate-part-time-675facert/,Fire Protection Inspection and Testing,Associate Certificate,Part-time,false,Jan 2027,Open,Blended: Burnaby Campus,true
675FACERT,https://www.bcit.ca/programs/fire-protection-inspection-and-testing-associate-certificate-part-time-675facert/,Fire Protection Inspection and Testing,Associate Certificate,Part-time,false,Apr 2027,Open,Blended: Burnaby Campus,true
7935DIPMA,https://www.bcit.ca/programs/fish-wildlife-and-recreation-diploma-full-time-7935dipma/,"Fish, Wildlife and Recreation",Diploma,Full-time,false,Sep 2026,Closed,Burnaby Campus,true
5155DIPMA,https://www.bcit.ca/programs/food-processing-safety-and-quality-diploma-full-time-5155dipma/,"Food Processing, Safety and Quality",Diploma Levels 1 - 4,Full-time,false,Sep 2026,Closed,Burnaby Campus,true
6365ACERT,https://www.bcit.ca/programs/food-safety-associate-certificate-part-time-6365acert/,Food Safety,Associate Certificate,Part-time,false,Sep 2026,Closed,Burnaby/Blended,true
6365ACERT,https://www.bcit.ca/programs/food-safety-associate-certificate-part-time-6365acert/,Food Safety,Associate Certificate,Part-time,false,Jan 2027,Open,Burnaby/Blended,true
6365ACERT,https://www.bcit.ca/programs/food-safety-associate-certificate-part-time-6365acert/,Food Safety,Associate Certificate,Part-time,false,Apr 2027,Open,Burnaby/Blended,true
528AADCERT,https://www.bcit.ca/programs/forensic-investigation-crime-and-intelligence-analysis-option-advanced-certificate-part-time-528aadcert/,Forensic Investigation Crime and Intelligence Analysis Option,Advanced Certificate,Part-time,false,Sep 2026,Closed,Blended: Burnaby/Downtown,true
528AADCERT,https://www.bcit.ca/programs/forensic-investigation-crime-and-intelligence-analysis-option-advanced-certificate-part-time-528aadcert/,Forensic Investigation Crime and Intelligence Analysis Option,Advanced Certificate,Part-time,false,Jan 2027,Open,Blended: Burnaby/Downtown,true
528AADCERT,https://www.bcit.ca/programs/forensic-investigation-crime-and-intelligence-analysis-option-advanced-certificate-part-time-528aadcert/,Forensic Investigation Crime and Intelligence Analysis Option,Advanced Certificate,Part-time - Domestic Only,true,Apr 2027,Open,Blended: Burnaby/Downtown,true
847ABTECH,https://www.bcit.ca/programs/forensic-investigation-crime-and-intelligence-analysis-option-bachelor-of-technology-part-time-847abtech/,Forensic Investigation Crime and Intelligence Analysis Option,Bachelor of Technology,Part-time,false,Sep 2026,Closed,Blended: Burnaby/Downtown,true
847ABTECH,https://www.bcit.ca/programs/forensic-investigation-crime-and-intelligence-analysis-option-bachelor-of-technology-part-time-847abtech/,Forensic Investigation Crime and Intelligence Analysis Option,Bachelor of Technology,Part-time,false,Jan 2027,Open,Blended: Burnaby/Downtown,true
847ABTECH,https://www.bcit.ca/programs/forensic-investigation-crime-and-intelligence-analysis-option-bachelor-of-technology-part-time-847abtech/,Forensic Investigation Crime and Intelligence Analysis Option,Bachelor of Technology,Part-time - Domestic Only,true,Apr 2027,Open,Blended: Burnaby/Downtown,true
528CADCERT,https://www.bcit.ca/programs/forensic-investigation-digital-forensics-and-cybersecurity-option-advanced-certificate-part-time-528cadcert/,Forensic Investigation Digital Forensics and Cybersecurity Option,Advanced Certificate,Part-time,false,Sep 2026,Closed,Blended: Burnaby/Downtown,true
528CADCERT,https://www.bcit.ca/programs/forensic-investigation-digital-forensics-and-cybersecurity-option-advanced-certificate-part-time-528cadcert/,Forensic Investigation Digital Forensics and Cybersecurity Option,Advanced Certificate,Part-time,false,Jan 2027,Open,Blended: Burnaby/Downtown,true
528CADCERT,https://www.bcit.ca/programs/forensic-investigation-digital-forensics-and-cybersecurity-option-advanced-certificate-part-time-528cadcert/,Forensic Investigation Digital Forensics and Cybersecurity Option,Advanced Certificate,Part-time - Domestic Only,true,Apr 2027,Open,Blended: Burnaby/Downtown,true
847CBTECH,https://www.bcit.ca/programs/forensic-investigation-digital-forensics-and-cybersecurity-option-bachelor-of-technology-full-time-part-time-847cbtech/,Forensic Investigation Digital Forensics and Cybersecurity Option,Bachelor of Technology,Full-time,false,Sep 2026,Closed,Downtown Campus,true
847CBTECH,https://www.bcit.ca/programs/forensic-investigation-digital-forensics-and-cybersecurity-option-bachelor-of-technology-full-time-part-time-847cbtech/,Forensic Investigation Digital Forensics and Cybersecurity Option,Bachelor of Technology,Full-time,false,Jan 2027,Open,Blended: Downtown Campus,true
847CBTECH,https://www.bcit.ca/programs/forensic-investigation-digital-forensics-and-cybersecurity-option-bachelor-of-technology-full-time-part-time-847cbtech/,Forensic Investigation Digital Forensics and Cybersecurity Option,Bachelor of Technology,Part-time,false,Sep 2026,Closed,Blended: Burnaby/Downtown,true
847CBTECH,https://www.bcit.ca/programs/forensic-investigation-digital-forensics-and-cybersecurity-option-bachelor-of-technology-full-time-part-time-847cbtech/,Forensic Investigation Digital Forensics and Cybersecurity Option,Bachelor of Technology,Part-time,false,Jan 2027,Open,Blended: Burnaby/Downtown,true
847CBTECH,https://www.bcit.ca/programs/forensic-investigation-digital-forensics-and-cybersecurity-option-bachelor-of-technology-full-time-part-time-847cbtech/,Forensic Investigation Digital Forensics and Cybersecurity Option,Bachelor of Technology,Part-time - Domestic Only,true,Apr 2027,Open,Blended: Burnaby/Downtown,true
528BADCERT,https://www.bcit.ca/programs/forensic-investigation-forensic-science-option-advanced-certificate-part-time-528badcert/,Forensic Investigation Forensic Science Option,Advanced Certificate,Part-time,false,Sep 2026,Closed,Blended: Burnaby/Downtown,true
528BADCERT,https://www.bcit.ca/programs/forensic-investigation-forensic-science-option-advanced-certificate-part-time-528badcert/,Forensic Investigation Forensic Science Option,Advanced Certificate,Part-time,false,Jan 2027,Open,Blended: Burnaby/Downtown,true
528BADCERT,https://www.bcit.ca/programs/forensic-investigation-forensic-science-option-advanced-certificate-part-time-528badcert/,Forensic Investigation Forensic Science Option,Advanced Certificate,Part-time - Domestic Only,true,Apr 2027,Open,Blended: Burnaby/Downtown,true
847BBTECH,https://www.bcit.ca/programs/forensic-investigation-forensic-science-option-bachelor-of-technology-part-time-847bbtech/,Forensic Investigation Forensic Science Option,Bachelor of Technology,Part-time,false,Sep 2026,Closed,Blended: Burnaby/Downtown,true
847BBTECH,https://www.bcit.ca/programs/forensic-investigation-forensic-science-option-bachelor-of-technology-part-time-847bbtech/,Forensic Investigation Forensic Science Option,Bachelor of Technology,Part-time,false,Jan 2027,Open,Blended: Burnaby/Downtown,true
847BBTECH,https://www.bcit.ca/programs/forensic-investigation-forensic-science-option-bachelor-of-technology-part-time-847bbtech/,Forensic Investigation Forensic Science Option,Bachelor of Technology,Part-time - Domestic Only,true,Apr 2027,Open,Blended: Burnaby/Downtown,true
7485DIPMA,https://www.bcit.ca/programs/forest-and-natural-areas-management-diploma-full-time-7485dipma/,Forest and Natural Areas Management,Diploma,Full-time,false,Sep 2026,Closed,Burnaby Campus,true
5325ACERT,https://www.bcit.ca/programs/foundations-in-occupational-health-and-safety-associate-certificate-part-time-5325acert/,Foundations in Occupational Health and Safety,Associate Certificate,Part-time,false,Sep 2026,Closed,Online,true
5325ACERT,https://www.bcit.ca/programs/foundations-in-occupational-health-and-safety-associate-certificate-part-time-5325acert/,Foundations in Occupational Health and Safety,Associate Certificate,Part-time,false,Jan 2027,Open,Online,true
5325ACERT,https://www.bcit.ca/programs/foundations-in-occupational-health-and-safety-associate-certificate-part-time-5325acert/,Foundations in Occupational Health and Safety,Associate Certificate,Part-time,false,Apr 2027,Open,Online,true
6535CERT,https://www.bcit.ca/programs/front-end-web-developer-certificate-full-time-6535cert/,Front-End Web Developer FWD,Certificate,Full-time,false,Sep 2026,Open,Blended: Downtown Campus,true
6535CERT,https://www.bcit.ca/programs/front-end-web-developer-certificate-full-time-6535cert/,Front-End Web Developer FWD,Certificate,Full-time,false,Apr 2027,Open,Blended: Downtown Campus,true
5880DIPLT,https://www.bcit.ca/programs/general-insurance-and-risk-management-diploma-full-time-5880diplt/,General Insurance and Risk Management,Diploma,Full-time,false,Sep 2026,Closed,Burnaby Campus,true
5440ADCERT,https://www.bcit.ca/programs/geographic-information-systems-advanced-certificate-part-time-5440adcert/,Geographic Information Systems,Advanced Certificate,Part-time,false,Sep 2026,Closed,Online,true
5440ADCERT,https://www.bcit.ca/programs/geographic-information-systems-advanced-certificate-part-time-5440adcert/,Geographic Information Systems,Advanced Certificate,Part-time,false,Jan 2027,Open,Online,true
5440ADCERT,https://www.bcit.ca/programs/geographic-information-systems-advanced-certificate-part-time-5440adcert/,Geographic Information Systems,Advanced Certificate,Part-time - Domestic Only,true,Apr 2027,Open,Online,true
,https://www.bcit.ca/programs/geographic-information-systems/,Geographic Information Systems,Advanced Diploma,Full-time,false,Sep 2026,Closed,Burnaby Campus,false
,https://www.bcit.ca/programs/geographic-information-systems/,Geographic Information Systems,Advanced Diploma,Part-time,false,Sep 2026,Closed,Online,false
,https://www.bcit.ca/programs/geographic-information-systems/,Geographic Information Systems,Advanced Diploma,Part-time,false,Jan 2027,Open,Online,false
,https://www.bcit.ca/programs/geographic-information-systems/,Geographic Information Systems,Advanced Diploma,Part-time - Domestic Only,true,Apr 2027,Open,Online,false
8310BTECH,https://www.bcit.ca/programs/geographic-information-systems-bachelor-of-technology-full-time-part-time-8310btech/,Geographic Information Systems,Bachelor of Technology,Full-time,false,Sep 2026,Closed,Burnaby Campus,true
8310BTECH,https://www.bcit.ca/programs/geographic-information-systems-bachelor-of-technology-full-time-part-time-8310btech/,Geographic Information Systems,Bachelor of Technology,Part-time,false,Sep 2026,Closed,Online,true
8310BTECH,https://www.bcit.ca/programs/geographic-information-systems-bachelor-of-technology-full-time-part-time-8310btech/,Geographic Information Systems,Bachelor of Technology,Part-time,false,Jan 2027,Open,Online,true
8310BTECH,https://www.bcit.ca/programs/geographic-information-systems-bachelor-of-technology-full-time-part-time-8310btech/,Geographic Information Systems,Bachelor of Technology,Part-time - Domestic Only,true,Apr 2027,Open,Online,true
7535DIPMA,https://www.bcit.ca/programs/geomatics-engineering-technology-diploma-full-time-7535dipma/,Geomatics Engineering Technology,Diploma Levels 1 - 4,Full-time,false,Sep 2026,Closed,Burnaby Campus,true
8645BSC,https://www.bcit.ca/programs/geomatics-bachelor-of-science-full-time-8645bsc/,Geomatics,Bachelor of Science Levels 5 - 8,Full-time,false,Sep 2026,Closed,Burnaby Campus,true
6225ACERT,https://www.bcit.ca/programs/global-business-studies-associate-certificate-part-time-6225acert/,Global Business Studies,Associate Certificate,Part-time,false,Sep 2026,Closed,Burnaby/Downtown,true
6225ACERT,https://www.bcit.ca/programs/global-business-studies-associate-certificate-part-time-6225acert/,Global Business Studies,Associate Certificate,Part-time,false,Jan 2027,Open,Burnaby/Downtown,true
6225ACERT,https://www.bcit.ca/programs/global-business-studies-associate-certificate-part-time-6225acert/,Global Business Studies,Associate Certificate,Part-time,false,Apr 2027,Open,Burnaby/Downtown,true
7475DIPMA,https://www.bcit.ca/programs/global-supply-chain-management-diploma-full-time-7475dipma/,Global Supply Chain Management,Diploma,Full-time,false,Sep 2026,Closed,Burnaby Campus,true
6247DIPMA,https://www.bcit.ca/programs/graphic-communications-diploma-full-time-6247dipma/,Graphic Communications,Diploma,Full-time,false,Sep 2026,Closed,Burnaby/Blended,true
6505ACERT,https://www.bcit.ca/programs/graphic-design-foundations-associate-certificate-part-time-6505acert/,Graphic Design Foundations,Associate Certificate,Part-time,false,Sep 2026,Closed,Blended: Burnaby/Downtown,true
6505ACERT,https://www.bcit.ca/programs/graphic-design-foundations-associate-certificate-part-time-6505acert/,Graphic Design Foundations,Associate Certificate,Part-time,false,Jan 2027,Open,Blended: Burnaby/Downtown,true
6505ACERT,https://www.bcit.ca/programs/graphic-design-foundations-associate-certificate-part-time-6505acert/,Graphic Design Foundations,Associate Certificate,Part-time,false,Apr 2027,Open,Blended: Burnaby/Downtown,true
6595DIPMA,https://www.bcit.ca/programs/graphic-design-and-interactive-media-diploma-full-time-6595dipma/,Graphic Design and Interactive Media,Diploma,Part-time,false,Sep 2026,Closed,Blended: Downtown Campus,true
6595DIPMA,https://www.bcit.ca/programs/graphic-design-and-interactive-media-diploma-full-time-6595dipma/,Graphic Design and Interactive Media,Diploma,Part-time,false,Jan 2027,Open,Blended: Downtown Campus,true
6595DIPMA,https://www.bcit.ca/programs/graphic-design-and-interactive-media-diploma-full-time-6595dipma/,Graphic Design and Interactive Media,Diploma,Part-time,false,Apr 2027,Open,Blended: Downtown Campus,true
6585CERT,https://www.bcit.ca/programs/graphic-design-certificate-full-time-part-time-6585cert/,Graphic Design,Certificate,Full-time,false,Sep 2026,Closed,Blended: Downtown Campus,true
6585CERT,https://www.bcit.ca/programs/graphic-design-certificate-full-time-part-time-6585cert/,Graphic Design,Certificate,Part-time,false,Sep 2026,Closed,Blended: Burnaby/Downtown,true
6585CERT,https://www.bcit.ca/programs/graphic-design-certificate-full-time-part-time-6585cert/,Graphic Design,Certificate,Part-time,false,Jan 2027,Open,Blended: Burnaby/Downtown,true
6585CERT,https://www.bcit.ca/programs/graphic-design-certificate-full-time-part-time-6585cert/,Graphic Design,Certificate,Part-time - Domestic Only,true,Apr 2027,Open,Blended: Burnaby/Downtown,true
6860ADCERT,https://www.bcit.ca/programs/health-leadership-advanced-certificate-part-time-6860adcert/,Health Leadership,Advanced Certificate,Part-time,false,Sep 2026,Closed,Online,true
6860ADCERT,https://www.bcit.ca/programs/health-leadership-advanced-certificate-part-time-6860adcert/,Health Leadership,Advanced Certificate,Part-time,false,Jan 2027,Open,Online,true
6860ADCERT,https://www.bcit.ca/programs/health-leadership-advanced-certificate-part-time-6860adcert/,Health Leadership,Advanced Certificate,Part-time - Domestic Only,true,Apr 2027,Open,Online,true
,https://www.bcit.ca/programs/health-sciences-study-abroad-full-time-0350nobcit/,Health Sciences Study Abroad,,Full-time,false,Jan 2027,Open,Burnaby/Downtown,false
5170ACERT,https://www.bcit.ca/programs/healthcare-unit-clerk-associate-certificate-part-time-5170acert/,Healthcare Unit Clerk,Associate Certificate,Part-time,false,Sep 2026,Closed,Online,true
5170ACERT,https://www.bcit.ca/programs/healthcare-unit-clerk-associate-certificate-part-time-5170acert/,Healthcare Unit Clerk,Associate Certificate,Part-time,false,Jan 2027,Open,Online,true
5170ACERT,https://www.bcit.ca/programs/healthcare-unit-clerk-associate-certificate-part-time-5170acert/,Healthcare Unit Clerk,Associate Certificate,Part-time,false,Apr 2027,Open,Online,true
2958CERT,https://www.bcit.ca/programs/heating-ventilation-air-conditioning-and-refrigeration-technician-certificate-full-time-2958cert/,"Heating, Ventilation, Air Conditioning and Refrigeration Technician",Certificate,Full-time,false,Ongoing intake,Waitlisting,Burnaby Campus,true
2992DIPMA,https://www.bcit.ca/programs/heating-ventilation-air-conditioning-and-refrigeration-technician-diploma-full-time-2992dipma/,"Heating, Ventilation, Air Conditioning and Refrigeration Technician",Diploma,Full-time,false,Ongoing intake,Waitlisting,Burnaby Campus,true
1855DIPMA,https://www.bcit.ca/programs/heavy-duty-truck-technology-diploma-full-time-1855dipma/,Heavy Duty Truck Technology,Diploma,Full-time,false,Ongoing intake,Open,Annacis Island Campus,true
1940CERT,https://www.bcit.ca/programs/heavy-mechanical-trades-foundation-certificate-full-time-1940cert/,Heavy Mechanical Trades Foundation,Certificate,Full-time,false,Ongoing intake,Waitlisting,Annacis Island Campus,true
7610ACERT,https://www.bcit.ca/programs/human-resource-management-associate-certificate-part-time-7610acert/,Human Resource Management,Associate Certificate,Part-time,false,Sep 2026,Closed,Blended: Burnaby/Downtown,true
7610ACERT,https://www.bcit.ca/programs/human-resource-management-associate-certificate-part-time-7610acert/,Human Resource Management,Associate Certificate,Part-time,false,Jan 2027,Open,Blended: Burnaby/Downtown,true
7610ACERT,https://www.bcit.ca/programs/human-resource-management-associate-certificate-part-time-7610acert/,Human Resource Management,Associate Certificate,Part-time,false,Apr 2027,Open,Blended: Burnaby/Downtown,true
625AMCERT,https://www.bcit.ca/programs/human-resource-management-certificate-part-time-625amcert/,Human Resource Management,Certificate,Part-time,false,Sep 2026,Closed,Blended: Burnaby/Downtown,true
625AMCERT,https://www.bcit.ca/programs/human-resource-management-certificate-part-time-625amcert/,Human Resource Management,Certificate,Part-time,false,Jan 2027,Open,Blended: Burnaby/Downtown,true
625AMCERT,https://www.bcit.ca/programs/human-resource-management-certificate-part-time-625amcert/,Human Resource Management,Certificate,Part-time,false,Apr 2027,Open,Blended: Burnaby/Downtown,true
2945DIPMA,https://www.bcit.ca/programs/industrial-instrumentation-and-process-control-technician-diploma-full-time-2945dipma/,Industrial Instrumentation and Process Control Technician,Diploma,Full-time,false,Sep 2026,Closed,Burnaby Campus,true
5265DIPMA,https://www.bcit.ca/programs/industrial-network-cybersecurity-diploma-full-time-5265dipma/,Industrial Network Cybersecurity,Diploma,Full-time,false,Sep 2026,Closed,Burnaby Campus,true
6195CERT,https://www.bcit.ca/programs/interior-design-fundamentals-certificate-full-time-part-time-6195cert/,Interior Design Fundamentals,Certificate Levels 1 - 2,Full-time,false,Sep 2026,Closed,Burnaby Campus,true
6195CERT,https://www.bcit.ca/programs/interior-design-fundamentals-certificate-full-time-part-time-6195cert/,Interior Design Fundamentals,Certificate Levels 1 - 2,Part-time,false,Sep 2026,Closed,Burnaby Campus,true
6195CERT,https://www.bcit.ca/programs/interior-design-fundamentals-certificate-full-time-part-time-6195cert/,Interior Design Fundamentals,Certificate Levels 1 - 2,Part-time,false,Jan 2027,Open,Burnaby Campus,true
6195CERT,https://www.bcit.ca/programs/interior-design-fundamentals-certificate-full-time-part-time-6195cert/,Interior Design Fundamentals,Certificate Levels 1 - 2,Part-time - Domestic Only,true,Apr 2027,Open,Burnaby Campus,true
8830BID,https://www.bcit.ca/programs/interior-design-bachelor-of-interior-design-full-time-8830bid/,Interior Design,Bachelor of Interior Design Levels 5 - 8,Full-time,false,Sep 2026,Closed,Burnaby Campus,true
,https://www.bcit.ca/programs/interior-design/,Interior Design,Diploma Levels 3 - 4,Full-time,false,Sep 2026,Closed,Burnaby Campus,false
,https://www.bcit.ca/programs/interior-design/,Interior Design,Diploma Levels 3 - 4,Part-time,false,Sep 2026,Closed,Burnaby Campus,false
,https://www.bcit.ca/programs/interior-design/,Interior Design,Diploma Levels 3 - 4,Part-time,false,Jan 2027,Open,Burnaby Campus,false
,https://www.bcit.ca/programs/interior-design/,Interior Design,Diploma Levels 3 - 4,Part-time - Domestic Only,true,Apr 2027,Open,Burnaby Campus,false
7460MCERT,https://www.bcit.ca/programs/international-trade-and-transportation-logistics-certificate-part-time-7460mcert/,International Trade and Transportation Logistics,Certificate,Part-time,false,Sep 2026,Closed,Blended: Downtown Campus,true
7460MCERT,https://www.bcit.ca/programs/international-trade-and-transportation-logistics-certificate-part-time-7460mcert/,International Trade and Transportation Logistics,Certificate,Part-time,false,Jan 2027,Open,Blended: Downtown Campus,true
7460MCERT,https://www.bcit.ca/programs/international-trade-and-transportation-logistics-certificate-part-time-7460mcert/,International Trade and Transportation Logistics,Certificate,Part-time,false,Apr 2027,Open,Blended: Downtown Campus,true
2000TTCERT,https://www.bcit.ca/programs/ironworker-foundation-certificate-full-time-2000ttcert/,Ironworker Foundation,Certificate,Full-time,false,Ongoing intake,Open,Burnaby Campus,true
6830ACERT,https://www.bcit.ca/programs/leadership-associate-certificate-part-time-6830acert/,Leadership,Associate Certificate,Part-time,false,Sep 2026,Closed,Blended: Burnaby/Downtown,true
6830ACERT,https://www.bcit.ca/programs/leadership-associate-certificate-part-time-6830acert/,Leadership,Associate Certificate,Part-time,false,Jan 2027,Open,Blended: Burnaby/Downtown,true
6830ACERT,https://www.bcit.ca/programs/leadership-associate-certificate-part-time-6830acert/,Leadership,Associate Certificate,Part-time,false,Apr 2027,Open,Blended: Burnaby/Downtown,true
6265ACERT,https://www.bcit.ca/programs/lean-six-sigma-principles-associate-certificate-part-time-6265acert/,Lean Six Sigma Principles,Associate Certificate,Part-time,false,Sep 2026,Closed,Blended: Burnaby/Downtown,true
6265ACERT,https://www.bcit.ca/programs/lean-six-sigma-principles-associate-certificate-part-time-6265acert/,Lean Six Sigma Principles,Associate Certificate,Part-time,false,Jan 2027,Open,Blended: Burnaby/Downtown,true
6265ACERT,https://www.bcit.ca/programs/lean-six-sigma-principles-associate-certificate-part-time-6265acert/,Lean Six Sigma Principles,Associate Certificate,Part-time,false,Apr 2027,Open,Blended: Burnaby/Downtown,true
2175TTCERT,https://www.bcit.ca/programs/machinist-foundation-certificate-full-time-2175ttcert/,Machinist Foundation,Certificate,Full-time,false,Ongoing intake,Open,Burnaby Campus,true
7950ASCERT,https://www.bcit.ca/programs/magnetic-resonance-imaging-advanced-certificate-part-time-7950ascert/,Magnetic Resonance Imaging,Advanced Certificate,Part-time,false,Sep 2026,Closed,Online,true
7950ASCERT,https://www.bcit.ca/programs/magnetic-resonance-imaging-advanced-certificate-part-time-7950ascert/,Magnetic Resonance Imaging,Advanced Certificate,Part-time,false,Jan 2027,Open,Online,true
7950ASCERT,https://www.bcit.ca/programs/magnetic-resonance-imaging-advanced-certificate-part-time-7950ascert/,Magnetic Resonance Imaging,Advanced Certificate,Part-time,false,Apr 2027,Open,Online,true
7975DIPMA,https://www.bcit.ca/programs/magnetic-resonance-imaging-diploma-full-time-7975dipma/,Magnetic Resonance Imaging,Diploma,Full-time,false,Jan 2027,Closed,Blended: Burnaby Campus,true
2885ADVDIP,https://www.bcit.ca/programs/marine-engineering-advanced-diploma-full-time-2885advdip/,Marine Engineering,Advanced Diploma,,false,Jan 2027,Open,Marine Campus,true
2942DIPMA,https://www.bcit.ca/programs/marine-engineering-diploma-full-time-2942dipma/,Marine Engineering,Diploma,,false,Jan 2027,Open,Marine Campus,true
2942DIPMA,https://www.bcit.ca/programs/marine-engineering-diploma-full-time-2942dipma/,Marine Engineering,Diploma,Full-time,false,Sep 2026,Closed,Marine Campus,true
1920CERT,https://www.bcit.ca/programs/marine-mechanical-technician-foundation-certificate-full-time-1920cert/,Marine Mechanical Technical Foundation,Certificate,Full-time,false,Ongoing intake,Open,Annacis Island Campus,true
630WACERT,https://www.bcit.ca/programs/marketing-management-customer-relationship-marketing-associate-certificate-part-time-630wacert/,Marketing Management - Customer Relationship Marketing,Associate Certificate,Part-time,false,Sep 2026,Closed,Blended: Burnaby/Downtown,true
630WACERT,https://www.bcit.ca/programs/marketing-management-customer-relationship-marketing-associate-certificate-part-time-630wacert/,Marketing Management - Customer Relationship Marketing,Associate Certificate,Part-time,false,Jan 2027,Open,Blended: Burnaby/Downtown,true
630WACERT,https://www.bcit.ca/programs/marketing-management-customer-relationship-marketing-associate-certificate-part-time-630wacert/,Marketing Management - Customer Relationship Marketing,Associate Certificate,Part-time,false,Apr 2027,Open,Blended: Burnaby/Downtown,true
630HACERT,https://www.bcit.ca/programs/marketing-management-entrepreneurship-associate-certificate-part-time-630hacert/,Marketing Management - Entrepreneurship,Associate Certificate,Part-time,false,Sep 2026,Closed,Blended: Burnaby/Downtown,true
630HACERT,https://www.bcit.ca/programs/marketing-management-entrepreneurship-associate-certificate-part-time-630hacert/,Marketing Management - Entrepreneurship,Associate Certificate,Part-time,false,Jan 2027,Open,Blended: Burnaby/Downtown,true
630HACERT,https://www.bcit.ca/programs/marketing-management-entrepreneurship-associate-certificate-part-time-630hacert/,Marketing Management - Entrepreneurship,Associate Certificate,Part-time,false,Apr 2027,Open,Blended: Burnaby/Downtown,true
6390ACERT,https://www.bcit.ca/programs/marketing-management-fundraising-management-associate-certificate-part-time-6390acert/,Marketing Management - Fundraising Management,Associate Certificate,Part-time,false,Sep 2026,Closed,Blended: Burnaby/Downtown,true
6390ACERT,https://www.bcit.ca/programs/marketing-management-fundraising-management-associate-certificate-part-time-6390acert/,Marketing Management - Fundraising Management,Associate Certificate,Part-time,false,Jan 2027,Open,Blended: Burnaby/Downtown,true
6390ACERT,https://www.bcit.ca/programs/marketing-management-fundraising-management-associate-certificate-part-time-6390acert/,Marketing Management - Fundraising Management,Associate Certificate,Part-time,false,Apr 2027,Open,Blended: Burnaby/Downtown,true
630DACERT,https://www.bcit.ca/programs/marketing-management-marketing-communications-associate-certificate-part-time-630dacert/,Marketing Management - Marketing Communications,Associate Certificate,Part-time,false,Sep 2026,Closed,Blended: Burnaby/Downtown,true
630DACERT,https://www.bcit.ca/programs/marketing-management-marketing-communications-associate-certificate-part-time-630dacert/,Marketing Management - Marketing Communications,Associate Certificate,Part-time,false,Jan 2027,Open,Blended: Burnaby/Downtown,true
630DACERT,https://www.bcit.ca/programs/marketing-management-marketing-communications-associate-certificate-part-time-630dacert/,Marketing Management - Marketing Communications,Associate Certificate,Part-time,false,Apr 2027,Open,Blended: Burnaby/Downtown,true
630XACERT,https://www.bcit.ca/programs/marketing-management-public-relations-associate-certificate-part-time-630xacert/,Marketing Management - Public Relations,Associate Certificate,Part-time,false,Sep 2026,Closed,Blended: Burnaby/Downtown,true
630XACERT,https://www.bcit.ca/programs/marketing-management-public-relations-associate-certificate-part-time-630xacert/,Marketing Management - Public Relations,Associate Certificate,Part-time,false,Jan 2027,Open,Blended: Burnaby/Downtown,true
630XACERT,https://www.bcit.ca/programs/marketing-management-public-relations-associate-certificate-part-time-630xacert/,Marketing Management - Public Relations,Associate Certificate,Part-time,false,Apr 2027,Open,Blended: Burnaby/Downtown,true
630MACERT,https://www.bcit.ca/programs/marketing-management-sales-skills-associate-certificate-part-time-630macert/,Marketing Management - Sales Skills,Associate Certificate,Part-time,false,Sep 2026,Closed,Blended: Burnaby/Downtown,true
630MACERT,https://www.bcit.ca/programs/marketing-management-sales-skills-associate-certificate-part-time-630macert/,Marketing Management - Sales Skills,Associate Certificate,Part-time,false,Jan 2027,Open,Blended: Burnaby/Downtown,true
630MACERT,https://www.bcit.ca/programs/marketing-management-sales-skills-associate-certificate-part-time-630macert/,Marketing Management - Sales Skills,Associate Certificate,Part-time,false,Apr 2027,Open,Blended: Burnaby/Downtown,true
630DMCERT,https://www.bcit.ca/programs/marketing-management-marketing-communications-option-certificate-part-time-630dmcert/,Marketing Management Marketing Communications Option,Certificate,Part-time,false,Sep 2026,Closed,Blended: Burnaby/Downtown,true
630DMCERT,https://www.bcit.ca/programs/marketing-management-marketing-communications-option-certificate-part-time-630dmcert/,Marketing Management Marketing Communications Option,Certificate,Part-time,false,Jan 2027,Open,Blended: Burnaby/Downtown,true
630DMCERT,https://www.bcit.ca/programs/marketing-management-marketing-communications-option-certificate-part-time-630dmcert/,Marketing Management Marketing Communications Option,Certificate,Part-time,false,Apr 2027,Open,Blended: Burnaby/Downtown,true
630VMCERT,https://www.bcit.ca/programs/marketing-management-professional-sales-option-certificate-part-time-630vmcert/,Marketing Management Professional Sales Option,Certificate,Part-time,false,Sep 2026,Closed,Blended: Burnaby/Downtown,true
630VMCERT,https://www.bcit.ca/programs/marketing-management-professional-sales-option-certificate-part-time-630vmcert/,Marketing Management Professional Sales Option,Certificate,Part-time,false,Jan 2027,Open,Blended: Burnaby/Downtown,true
630VMCERT,https://www.bcit.ca/programs/marketing-management-professional-sales-option-certificate-part-time-630vmcert/,Marketing Management Professional Sales Option,Certificate,Part-time,false,Apr 2027,Open,Blended: Burnaby/Downtown,true
6300MCERT,https://www.bcit.ca/programs/marketing-management-certificate-part-time-6300mcert/,Marketing Management,Certificate,Part-time,false,Sep 2026,Closed,Blended: Burnaby/Downtown,true
6300MCERT,https://www.bcit.ca/programs/marketing-management-certificate-part-time-6300mcert/,Marketing Management,Certificate,Part-time,false,Jan 2027,Open,Blended: Burnaby/Downtown,true
6300MCERT,https://www.bcit.ca/programs/marketing-management-certificate-part-time-6300mcert/,Marketing Management,Certificate,Part-time,false,Apr 2027,Open,Blended: Burnaby/Downtown,true
6422DIPMA,https://www.bcit.ca/programs/marketing-management-diploma-full-time-6422dipma/,Marketing Management,Diploma,Full-time,false,Sep 2026,Closed,Burnaby Campus,true
,https://www.bcit.ca/programs/mechanical-engineering/,Mechanical Engineering Technology,Diploma Levels 1 - 4,Full-time,false,Sep 2026,Closed,Burnaby Campus,false
8020BENG,https://www.bcit.ca/programs/mechanical-engineering-bachelor-of-engineering-full-time-8020beng/,Mechanical Engineering,Bachelor of Engineering Levels 5 - 8,Full-time,false,Sep 2026,Closed,Burnaby Campus,true
6760ACERT,https://www.bcit.ca/programs/mechanical-systems-associate-certificate-part-time-6760acert/,Mechanical Systems,Associate Certificate,Part-time,false,Sep 2026,Closed,Blended: Burnaby Campus,true
6760ACERT,https://www.bcit.ca/programs/mechanical-systems-associate-certificate-part-time-6760acert/,Mechanical Systems,Associate Certificate,Part-time,false,Jan 2027,Open,Blended: Burnaby Campus,true
6760ACERT,https://www.bcit.ca/programs/mechanical-systems-associate-certificate-part-time-6760acert/,Mechanical Systems,Associate Certificate,Part-time,false,Apr 2027,Open,Blended: Burnaby Campus,true
7340DIPLT,https://www.bcit.ca/programs/mechatronics-and-robotics-diploma-full-time-7340diplt/,Mechatronics and Robotics,Diploma,Full-time,false,Sep 2026,Closed,Burnaby Campus,true
630PMCERT,https://www.bcit.ca/programs/media-techniques-and-marketing-communications-certificate-part-time-630pmcert/,Media Techniques and Marketing Communication,Certificate,Part-time,false,Sep 2026,Closed,Blended: Burnaby/Downtown,true
630PMCERT,https://www.bcit.ca/programs/media-techniques-and-marketing-communications-certificate-part-time-630pmcert/,Media Techniques and Marketing Communication,Certificate,Part-time,false,Jan 2027,Open,Blended: Burnaby/Downtown,true
630PMCERT,https://www.bcit.ca/programs/media-techniques-and-marketing-communications-certificate-part-time-630pmcert/,Media Techniques and Marketing Communication,Certificate,Part-time,false,Apr 2027,Open,Blended: Burnaby/Downtown,true
6450MCERT,https://www.bcit.ca/programs/media-techniques-for-business-certificate-part-time-6450mcert/,Media Techniques for Business,Certificate,Part-time,false,Sep 2026,Closed,Blended: Burnaby/Downtown,true
6450MCERT,https://www.bcit.ca/programs/media-techniques-for-business-certificate-part-time-6450mcert/,Media Techniques for Business,Certificate,Part-time,false,Jan 2027,Open,Blended: Burnaby/Downtown,true
6450MCERT,https://www.bcit.ca/programs/media-techniques-for-business-certificate-part-time-6450mcert/,Media Techniques for Business,Certificate,Part-time,false,Apr 2027,Open,Blended: Burnaby/Downtown,true
6615DIPMA,https://www.bcit.ca/programs/medical-laboratory-science-diploma-full-time-6615dipma/,Medical Laboratory Science,Diploma,Full-time,false,Sep 2026,Closed,Burnaby Campus,true
6630ACERT,https://www.bcit.ca/programs/medical-office-assistant-associate-certificate-part-time-6630acert/,Medical Office Assistant,Associate Certificate,Part-time,false,Sep 2026,Closed,Online,true
6630ACERT,https://www.bcit.ca/programs/medical-office-assistant-associate-certificate-part-time-6630acert/,Medical Office Assistant,Associate Certificate,Part-time,false,Jan 2027,Open,Online,true
6630ACERT,https://www.bcit.ca/programs/medical-office-assistant-associate-certificate-part-time-6630acert/,Medical Office Assistant,Associate Certificate,Part-time,false,Apr 2027,Open,Online,true
6635DIPMA,https://www.bcit.ca/programs/medical-radiography-diploma-full-time-6635dipma/,Medical Radiography,Diploma,Full-time,false,Jan 2027,Closed,Blended: Burnaby Campus,true
2825CERT,https://www.bcit.ca/programs/metal-fabricator-foundation-certificate-full-time-2825cert/,Metal Fabricator Foundation,Certificate,Full-time,false,Ongoing intake,Open,Burnaby Campus,true
2230CERT,https://www.bcit.ca/programs/millwright-foundation-certificate-full-time-2230cert/,Millwright Foundation,Certificate,Full-time,false,Ongoing intake,Open,Burnaby Campus,true
6640DIPMA,https://www.bcit.ca/programs/mineral-exploration-and-mining-technology-diploma-full-time-6640dipma/,Mineral Exploration and Mining Technology,Diploma Levels 1 - 4,Full-time,false,Sep 2026,Closed,Burnaby Campus,true
2365CERT,https://www.bcit.ca/programs/motorcycle-technician-foundation-certificate-full-time-2365cert/,Motorcycle Technician Foundation,Certificate,Full-time,false,Ongoing intake,Open,Blended: Burnaby Campus,true
5115ACERT,https://www.bcit.ca/programs/music-business-associate-certificate-part-time-5115acert/,Music Business,Associate Certificate,Part-time,false,Sep 2026,Closed,Online,true
5115ACERT,https://www.bcit.ca/programs/music-business-associate-certificate-part-time-5115acert/,Music Business,Associate Certificate,Part-time,false,Jan 2027,Open,Online,true
5115ACERT,https://www.bcit.ca/programs/music-business-associate-certificate-part-time-5115acert/,Music Business,Associate Certificate,Part-time,false,Apr 2027,Open,Online,true
2536DIPMA,https://www.bcit.ca/programs/nautical-sciences-diploma-full-time-2536dipma/,Nautical Sciences,Diploma,Full-time,false,Sep 2026,Closed,Marine Campus,true
2536DIPMA,https://www.bcit.ca/programs/nautical-sciences-diploma-full-time-2536dipma/,Nautical Sciences,Diploma,Full-time,false,Feb 2027,Open,Marine Campus,true
1885ACERTS,https://www.bcit.ca/programs/network-administrator-technician-associate-certificate-part-time-1885acerts/,Network Administrator Technician,Associate Certificate,Part-time,false,Sep 2026,Closed,Burnaby Campus,true
1885ACERTS,https://www.bcit.ca/programs/network-administrator-technician-associate-certificate-part-time-1885acerts/,Network Administrator Technician,Associate Certificate,Part-time,false,Jan 2027,Open,Burnaby Campus,true
1885ACERTS,https://www.bcit.ca/programs/network-administrator-technician-associate-certificate-part-time-1885acerts/,Network Administrator Technician,Associate Certificate,Part-time,false,Apr 2027,Open,Burnaby Campus,true
6525DIPMA,https://www.bcit.ca/programs/new-media-design-and-web-development-diploma-full-time-6525dipma/,New Media Design and Web Development,Diploma,Full-time,false,Sep 2026,Closed,Blended: Downtown Campus,true
6310ACERT,https://www.bcit.ca/programs/nonprofit-management-associate-certificate-part-time-6310acert/,Nonprofit Management,Associate Certificate,Part-time,false,Sep 2026,Closed,Blended: Burnaby/Downtown,true
6310ACERT,https://www.bcit.ca/programs/nonprofit-management-associate-certificate-part-time-6310acert/,Nonprofit Management,Associate Certificate,Part-time,false,Sep 2026,Closed,Online,true
6310ACERT,https://www.bcit.ca/programs/nonprofit-management-associate-certificate-part-time-6310acert/,Nonprofit Management,Associate Certificate,Part-time,false,Jan 2027,Open,Blended: Burnaby/Downtown,true
6310ACERT,https://www.bcit.ca/programs/nonprofit-management-associate-certificate-part-time-6310acert/,Nonprofit Management,Associate Certificate,Part-time,false,Jan 2027,Open,Online,true
6310ACERT,https://www.bcit.ca/programs/nonprofit-management-associate-certificate-part-time-6310acert/,Nonprofit Management,Associate Certificate,Part-time,false,Apr 2027,Open,Blended: Burnaby/Downtown,true
6310ACERT,https://www.bcit.ca/programs/nonprofit-management-associate-certificate-part-time-6310acert/,Nonprofit Management,Associate Certificate,Part-time,false,Apr 2027,Open,Online,true
6705DIPMA,https://www.bcit.ca/programs/nuclear-medicine-diploma-full-time-6705dipma/,Nuclear Medicine,Diploma,Full-time,false,Sep 2026,Closed,Blended: Burnaby Campus,true
8875BSN,https://www.bcit.ca/programs/nursing-bachelor-of-science-in-nursing-full-time-8875bsn/,Nursing,Bachelor of Science in Nursing,Full-time,false,Sep 2026,Closed,Burnaby Campus,true
8875BSN,https://www.bcit.ca/programs/nursing-bachelor-of-science-in-nursing-full-time-8875bsn/,Nursing,Bachelor of Science in Nursing,Full-time,false,Jan 2027,Closed,Burnaby Campus,true
8875BSN,https://www.bcit.ca/programs/nursing-bachelor-of-science-in-nursing-full-time-8875bsn/,Nursing,Bachelor of Science in Nursing,Full-time,false,Apr 2027,Not yet open,Burnaby Campus,true
5755ACERT,https://www.bcit.ca/programs/occupational-health-and-safety-practitioners-associate-certificate-part-time-5755acert/,Occupational Health and Safety Practitioners,Associate Certificate,Part-time,false,Sep 2026,Closed,Online,true
5755ACERT,https://www.bcit.ca/programs/occupational-health-and-safety-practitioners-associate-certificate-part-time-5755acert/,Occupational Health and Safety Practitioners,Associate Certificate,Part-time,false,Jan 2027,Open,Online,true
5755ACERT,https://www.bcit.ca/programs/occupational-health-and-safety-practitioners-associate-certificate-part-time-5755acert/,Occupational Health and Safety Practitioners,Associate Certificate,Part-time,false,Apr 2027,Open,Online,true
6850DIPLT,https://www.bcit.ca/programs/occupational-health-and-safety-diploma-full-time-6850diplt/,Occupational Health and Safety,Diploma,Full-time,false,Sep 2026,Closed,Burnaby Campus,true
6998CERT,https://www.bcit.ca/programs/office-administrator-with-technology-program-oat-certificate-full-time-6998cert/,Office Administrator with Technology OAT,Certificate,Full-time,false,Oct 2026,Closed,Online,true
6998CERT,https://www.bcit.ca/programs/office-administrator-with-technology-program-oat-certificate-full-time-6998cert/,Office Administrator with Technology OAT,Certificate,Full-time - Domestic Only,true,Apr 2027,Not yet open,Downtown Campus,true
690FMCERT,https://www.bcit.ca/programs/operations-management-facilities-management-option-certificate-part-time-690fmcert/,Operations Management Facilities Management Option,Certificate,Part-time,false,Sep 2026,Closed,Blended: Burnaby/Downtown,true
690FMCERT,https://www.bcit.ca/programs/operations-management-facilities-management-option-certificate-part-time-690fmcert/,Operations Management Facilities Management Option,Certificate,Part-time,false,Jan 2027,Open,Blended: Burnaby/Downtown,true
690FMCERT,https://www.bcit.ca/programs/operations-management-facilities-management-option-certificate-part-time-690fmcert/,Operations Management Facilities Management Option,Certificate,Part-time,false,Apr 2027,Open,Blended: Burnaby/Downtown,true
690AMCERT,https://www.bcit.ca/programs/operations-management-industrial-engineering-option-certificate-part-time-690amcert/,Operations Management Industrial Engineering Option,Certificate,Part-time,false,Sep 2026,Closed,Blended: Burnaby/Downtown,true
690AMCERT,https://www.bcit.ca/programs/operations-management-industrial-engineering-option-certificate-part-time-690amcert/,Operations Management Industrial Engineering Option,Certificate,Part-time,false,Jan 2027,Open,Blended: Burnaby/Downtown,true
690AMCERT,https://www.bcit.ca/programs/operations-management-industrial-engineering-option-certificate-part-time-690amcert/,Operations Management Industrial Engineering Option,Certificate,Part-time,false,Apr 2027,Open,Blended: Burnaby/Downtown,true
690BMCERT,https://www.bcit.ca/programs/operations-management-management-engineering-option-certificate-part-time-690bmcert/,Operations Management Management Engineering Option,Certificate,Part-time,false,Sep 2026,Closed,Blended: Burnaby/Downtown,true
690BMCERT,https://www.bcit.ca/programs/operations-management-management-engineering-option-certificate-part-time-690bmcert/,Operations Management Management Engineering Option,Certificate,Part-time,false,Jan 2027,Open,Blended: Burnaby/Downtown,true
690BMCERT,https://www.bcit.ca/programs/operations-management-management-engineering-option-certificate-part-time-690bmcert/,Operations Management Management Engineering Option,Certificate,Part-time,false,Apr 2027,Open,Blended: Burnaby/Downtown,true
690DMCERT,https://www.bcit.ca/programs/operations-management-materials-management-option-certificate-part-time-690dmcert/,Operations Management Materials Management Option,Certificate,Part-time,false,Sep 2026,Closed,Blended: Burnaby/Downtown,true
690DMCERT,https://www.bcit.ca/programs/operations-management-materials-management-option-certificate-part-time-690dmcert/,Operations Management Materials Management Option,Certificate,Part-time,false,Jan 2027,Open,Blended: Burnaby/Downtown,true
690DMCERT,https://www.bcit.ca/programs/operations-management-materials-management-option-certificate-part-time-690dmcert/,Operations Management Materials Management Option,Certificate,Part-time,false,Apr 2027,Open,Blended: Burnaby/Downtown,true
6915DIPMA,https://www.bcit.ca/programs/operations-and-management-engineering-diploma-full-time-6915dipma/,Operations and Management Engineering,Diploma,Full-time,false,Sep 2026,Closed,Burnaby Campus,true
6008CERT,https://www.bcit.ca/programs/payroll-administration-certificate-part-time-6008cert/,Payroll Administration,Certificate,Part-time,false,Sep 2026,Closed,Blended: Burnaby/Downtown,true
6008CERT,https://www.bcit.ca/programs/payroll-administration-certificate-part-time-6008cert/,Payroll Administration,Certificate,Part-time,false,Jan 2027,Open,Blended: Burnaby/Downtown,true
6008CERT,https://www.bcit.ca/programs/payroll-administration-certificate-part-time-6008cert/,Payroll Administration,Certificate,Part-time - Domestic Only,true,Apr 2027,Open,Blended: Burnaby/Downtown,true
6005ACERT,https://www.bcit.ca/programs/payroll-and-human-resources-associate-certificate-part-time-6005acert/,Payroll and Human Resources,Associate Certificate,Part-time,false,Sep 2026,Closed,Blended: Burnaby/Downtown,true
6005ACERT,https://www.bcit.ca/programs/payroll-and-human-resources-associate-certificate-part-time-6005acert/,Payroll and Human Resources,Associate Certificate,Part-time,false,Jan 2027,Open,Blended: Burnaby/Downtown,true
6005ACERT,https://www.bcit.ca/programs/payroll-and-human-resources-associate-certificate-part-time-6005acert/,Payroll and Human Resources,Associate Certificate,Part-time - Domestic Only,true,Apr 2027,Open,Blended: Burnaby/Downtown,true
2440CERT,https://www.bcit.ca/programs/piping-foundation-certificate-full-time-2440cert/,Piping Foundation,Certificate,Full-time,false,Ongoing intake,Waitlisting,Burnaby Campus,true
5175ACERT,https://www.bcit.ca/programs/polytechnic-teaching-associate-certificate-part-time-5175acert/,Polytechnic Teaching,Associate Certificate,Part-time,false,Sep 2026,Closed,Burnaby/Blended,true
5175ACERT,https://www.bcit.ca/programs/polytechnic-teaching-associate-certificate-part-time-5175acert/,Polytechnic Teaching,Associate Certificate,Part-time,false,Jan 2027,Open,Burnaby/Blended,true
5175ACERT,https://www.bcit.ca/programs/polytechnic-teaching-associate-certificate-part-time-5175acert/,Polytechnic Teaching,Associate Certificate,Part-time,false,Apr 2027,Open,Burnaby/Blended,true
2410TTCERT,https://www.bcit.ca/programs/power-engineering-general-program-certificate-full-time-2410ttcert/,Power Engineering General Program,Certificate,Full-time,false,Ongoing intake,Waitlisting,Burnaby Campus,true
2430DIPMA,https://www.bcit.ca/programs/power-and-process-engineering-diploma-full-time-2430dipma/,Power and Process Engineering,Diploma,Full-time,false,Ongoing intake,Open,Burnaby Campus,true
5290ADVDIP,https://www.bcit.ca/programs/professional-accounting-advanced-diploma-full-time-part-time-5290advdip/,Professional Accounting,Advanced Diploma,Full-time,false,Sep 2026,Closed,Downtown Campus,true
5290ADVDIP,https://www.bcit.ca/programs/professional-accounting-advanced-diploma-full-time-part-time-5290advdip/,Professional Accounting,Advanced Diploma,Part-time,false,Sep 2026,Closed,Burnaby/Downtown,true
5290ADVDIP,https://www.bcit.ca/programs/professional-accounting-advanced-diploma-full-time-part-time-5290advdip/,Professional Accounting,Advanced Diploma,Part-time,false,Jan 2027,Open,Burnaby/Downtown,true
5290ADVDIP,https://www.bcit.ca/programs/professional-accounting-advanced-diploma-full-time-part-time-5290advdip/,Professional Accounting,Advanced Diploma,Part-time - Domestic Only,true,Apr 2027,Open,Burnaby/Downtown,true
5085ACERT,https://www.bcit.ca/programs/project-management-associate-certificate-part-time-5085acert/,Project Management,Associate Certificate,Part-time,false,Sep 2026,Closed,Blended: Burnaby/Downtown,true
5085ACERT,https://www.bcit.ca/programs/project-management-associate-certificate-part-time-5085acert/,Project Management,Associate Certificate,Part-time,false,Jan 2027,Open,Blended: Burnaby/Downtown,true
5085ACERT,https://www.bcit.ca/programs/project-management-associate-certificate-part-time-5085acert/,Project Management,Associate Certificate,Part-time,false,Apr 2027,Open,Blended: Burnaby/Downtown,true
7100DIPLT,https://www.bcit.ca/programs/prosthetics-and-orthotics-diploma-full-time-7100diplt/,Prosthetics and Orthotics,Diploma,Full-time,false,Sep 2026,Closed,Burnaby Campus,true
6945CERT,https://www.bcit.ca/programs/quality-and-process-management-certificate-part-time-6945cert/,Quality and Process Management,Certificate,Part-time,false,Sep 2026,Closed,Blended: Burnaby/Downtown,true
6945CERT,https://www.bcit.ca/programs/quality-and-process-management-certificate-part-time-6945cert/,Quality and Process Management,Certificate,Part-time,false,Jan 2027,Open,Blended: Burnaby/Downtown,true
6945CERT,https://www.bcit.ca/programs/quality-and-process-management-certificate-part-time-6945cert/,Quality and Process Management,Certificate,Part-time,false,Apr 2027,Open,Blended: Burnaby/Downtown,true
8650BSC,https://www.bcit.ca/programs/radiation-therapy-bachelor-of-science-full-time-8650bsc/,Radiation Therapy,Bachelor of Science,Full-time,false,Sep 2026,Closed,Burnaby Campus,true
6125ACERT,https://www.bcit.ca/programs/radio-arts-and-entertainment-associate-certificate-part-time-6125acert/,Radio Arts and Entertainment,Associate Certificate,Part-time,false,Sep 2026,Closed,Burnaby/Downtown,true
6125ACERT,https://www.bcit.ca/programs/radio-arts-and-entertainment-associate-certificate-part-time-6125acert/,Radio Arts and Entertainment,Associate Certificate,Part-time,false,Jan 2027,Open,Burnaby/Downtown,true
6125ACERT,https://www.bcit.ca/programs/radio-arts-and-entertainment-associate-certificate-part-time-6125acert/,Radio Arts and Entertainment,Associate Certificate,Part-time,false,Apr 2027,Open,Burnaby/Downtown,true
6110DIPMA,https://www.bcit.ca/programs/radio-arts-and-entertainment-diploma-full-time-6110dipma/,Radio Arts and Entertainment,Diploma,Full-time,false,Sep 2026,Closed,Burnaby Campus,true
1685ACERT,https://www.bcit.ca/programs/railway-conductor-and-operations-associate-certificate-part-time-1685acert/,Railway Conductor and Operations,Associate Certificate,Part-time,false,Sep 2026,Closed,Annacis Island Campus,true
1685ACERT,https://www.bcit.ca/programs/railway-conductor-and-operations-associate-certificate-part-time-1685acert/,Railway Conductor and Operations,Associate Certificate,Part-time,false,Jan 2027,Open,Annacis Island Campus,true
1685ACERT,https://www.bcit.ca/programs/railway-conductor-and-operations-associate-certificate-part-time-1685acert/,Railway Conductor and Operations,Associate Certificate,Part-time,false,Apr 2027,Open,Annacis Island Campus,true
2425CERT,https://www.bcit.ca/programs/refrigeration-and-air-conditioning-mechanic-foundation-certificate-full-time-2425cert/,Refrigeration and Air Conditioning Mechanic,Certificate,Full-time,false,Ongoing intake,Waitlisting,Burnaby Campus,true
6185ADCERT,https://www.bcit.ca/programs/renewable-energy-electrical-systems-installation-and-maintenance-advanced-certificate-part-time-6185adcert/,Renewable Energy Electrical Systems Installation and Maintenance,Advanced Certificate,Part-time,false,Sep 2026,Closed,Burnaby Campus,true
6185ADCERT,https://www.bcit.ca/programs/renewable-energy-electrical-systems-installation-and-maintenance-advanced-certificate-part-time-6185adcert/,Renewable Energy Electrical Systems Installation and Maintenance,Advanced Certificate,Part-time,false,Jan 2027,Open,Burnaby Campus,true
6185ADCERT,https://www.bcit.ca/programs/renewable-energy-electrical-systems-installation-and-maintenance-advanced-certificate-part-time-6185adcert/,Renewable Energy Electrical Systems Installation and Maintenance,Advanced Certificate,Part-time - Domestic Only,true,Apr 2027,Open,Burnaby Campus,true
6140DIPMA,https://www.bcit.ca/programs/residential-interiors-diploma-part-time-6140dipma/,Residential Interiors,Diploma,Part-time,false,Sep 2026,Closed,Burnaby Campus,true
6140DIPMA,https://www.bcit.ca/programs/residential-interiors-diploma-part-time-6140dipma/,Residential Interiors,Diploma,Part-time,false,Jan 2027,Open,Burnaby Campus,true
6140DIPMA,https://www.bcit.ca/programs/residential-interiors-diploma-part-time-6140dipma/,Residential Interiors,Diploma,Part-time - Domestic Only,true,Apr 2027,Open,Burnaby Campus,true
2915CERT,https://www.bcit.ca/programs/security-systems-technician-certificate-full-time-2915cert/,Security Systems Technician,Certificate,Full-time,false,Ongoing intake,Open,Burnaby Campus,true
2645CERT,https://www.bcit.ca/programs/sheet-metal-worker-foundation-certificate-full-time-2645cert/,Sheet Metal Worker Foundation,Certificate,Full-time,false,Ongoing intake,Open,Burnaby Campus,true
M500MENG,https://www.bcit.ca/programs/smart-grid-systems-and-technologies-master-of-engineering-full-time-m500meng/,Smart Grid Systems and Technologies,Master of Engineering,Full-time,false,Sep 2026,Closed,Blended: Burnaby Campus,true
M500MENG,https://www.bcit.ca/programs/smart-grid-systems-and-technologies-master-of-engineering-full-time-m500meng/,Smart Grid Systems and Technologies,Master of Engineering,Part-time - Domestic Only,true,Sep 2026,Closed,Online,true
,https://www.bcit.ca/programs/sonography-cardiac-option-advanced-diploma-full-time-712badvdip/,Sonography Cardiac Option,Advanced Diploma,Full-time,false,Jan 2027,Open,Burnaby Campus,false
,https://www.bcit.ca/programs/bachelor-of-science-specialty-nursing-degree/,Specialty Nursing,Bachelor of Science in Nursing,Part-time,false,Sep 2026,Closed,Online,false
,https://www.bcit.ca/programs/bachelor-of-science-specialty-nursing-degree/,Specialty Nursing,Bachelor of Science in Nursing,Part-time,false,Jan 2027,Open,Online,false
,https://www.bcit.ca/programs/bachelor-of-science-specialty-nursing-degree/,Specialty Nursing,Bachelor of Science in Nursing,Part-time - Domestic Only,true,Apr 2027,Open,Online,false
6290DIPMA,https://www.bcit.ca/programs/strategic-human-resources-management-diploma-full-time-6290dipma/,Strategic Human Resources Management,Diploma,Full-time,false,Sep 2026,Closed,Burnaby Campus,true
5180ADVDIP,https://www.bcit.ca/programs/sustainable-business-leadership-advanced-diploma-full-time-5180advdip/,Sustainable Business Leadership,Advanced Diploma,Full-time,false,Sep 2026,Closed,Blended: Downtown Campus,true
5180ADVDIP,https://www.bcit.ca/programs/sustainable-business-leadership-advanced-diploma-full-time-5180advdip/,Sustainable Business Leadership,Advanced Diploma,Part-time - Domestic Only,true,Sep 2026,Closed,Blended: Downtown Campus,true
5180ADVDIP,https://www.bcit.ca/programs/sustainable-business-leadership-advanced-diploma-full-time-5180advdip/,Sustainable Business Leadership,Advanced Diploma,Part-time - Domestic Only,true,Jan 2027,Open,Blended: Downtown Campus,true
5180ADVDIP,https://www.bcit.ca/programs/sustainable-business-leadership-advanced-diploma-full-time-5180advdip/,Sustainable Business Leadership,Advanced Diploma,Part-time - Domestic Only,true,Apr 2027,Open,Blended: Downtown Campus,true
5145ADCERT,https://www.bcit.ca/programs/sustainable-business-advanced-certificate-part-time-5145adcert/,Sustainable Business,Advanced Certificate,Part-time,false,Sep 2026,Closed,Downtown/Blended,true
5145ADCERT,https://www.bcit.ca/programs/sustainable-business-advanced-certificate-part-time-5145adcert/,Sustainable Business,Advanced Certificate,Part-time,false,Sep 2026,Closed,Online,true
5145ADCERT,https://www.bcit.ca/programs/sustainable-business-advanced-certificate-part-time-5145adcert/,Sustainable Business,Advanced Certificate,Part-time,false,Jan 2027,Open,Downtown/Blended,true
5145ADCERT,https://www.bcit.ca/programs/sustainable-business-advanced-certificate-part-time-5145adcert/,Sustainable Business,Advanced Certificate,Part-time,false,Jan 2027,Open,Online,true
5145ADCERT,https://www.bcit.ca/programs/sustainable-business-advanced-certificate-part-time-5145adcert/,Sustainable Business,Advanced Certificate,Part-time - Domestic Only,true,Apr 2027,Open,Downtown/Blended,true
5145ADCERT,https://www.bcit.ca/programs/sustainable-business-advanced-certificate-part-time-5145adcert/,Sustainable Business,Advanced Certificate,Part-time - Domestic Only,true,Apr 2027,Open,Online,true
5240ADVDIP,https://www.bcit.ca/programs/technical-arts-advanced-diploma-full-time-5240advdip/,Technical Arts,Advanced Diploma,Full-time,false,Sep 2026,Closed,Blended: Burnaby Campus,true
6425ACERT,https://www.bcit.ca/programs/technical-writing-associate-certificate-part-time-6425acert/,Technical Writing,Associate Certificate,Part-time,false,Sep 2026,Closed,Online,true
6425ACERT,https://www.bcit.ca/programs/technical-writing-associate-certificate-part-time-6425acert/,Technical Writing,Associate Certificate,Part-time,false,Jan 2027,Open,Online,true
6425ACERT,https://www.bcit.ca/programs/technical-writing-associate-certificate-part-time-6425acert/,Technical Writing,Associate Certificate,Part-time,false,Apr 2027,Open,Online,true
,https://www.bcit.ca/programs/technology-entry-te-full-time-0020nobcit/,Technology Entry,,Full-time - Domestic Only,true,Sep 2026,Closed,Blended: Burnaby Campus,false
,https://www.bcit.ca/programs/technology-entry-te-full-time-0020nobcit/,Technology Entry,,Full-time - Domestic Only,true,Jan 2027,Open,Blended: Burnaby Campus,false
8350BTECH,https://www.bcit.ca/programs/technology-management-bachelor-of-technology-part-time-8350btech/,Technology Management,Bachelor of Technology,Part-time,false,Sep 2026,Closed,Online,true
8350BTECH,https://www.bcit.ca/programs/technology-management-bachelor-of-technology-part-time-8350btech/,Technology Management,Bachelor of Technology,Part-time,false,Jan 2027,Open,Online,true
8350BTECH,https://www.bcit.ca/programs/technology-management-bachelor-of-technology-part-time-8350btech/,Technology Management,Bachelor of Technology,Part-time - Domestic Only,true,Sep 2026,Closed,Burnaby/Blended,true
8350BTECH,https://www.bcit.ca/programs/technology-management-bachelor-of-technology-part-time-8350btech/,Technology Management,Bachelor of Technology,Part-time - Domestic Only,true,Jan 2027,Open,Burnaby/Blended,true
8350BTECH,https://www.bcit.ca/programs/technology-management-bachelor-of-technology-part-time-8350btech/,Technology Management,Bachelor of Technology,Part-time - Domestic Only,true,Apr 2027,Open,Burnaby/Blended,true
8350BTECH,https://www.bcit.ca/programs/technology-management-bachelor-of-technology-part-time-8350btech/,Technology Management,Bachelor of Technology,Part-time - Domestic Only,true,Apr 2027,Open,Online,true
7110CERT,https://www.bcit.ca/programs/technology-support-professional-tsp-certificate-full-time-7110cert/,Technology Support Professional TSP,Certificate,Full-time,false,Sep 2026,Closed,Blended: Downtown Campus,true
605DDIPMA,https://www.bcit.ca/programs/technology-teacher-education-diploma-full-time-605ddipma/,Technology Teacher Education,Diploma,Full-time,false,Sep 2026,Closed,Burnaby Campus,true
6130DIPMA,https://www.bcit.ca/programs/television-and-video-production-diploma-full-time-6130dipma/,Television and Video Production,Diploma,Full-time,false,Sep 2026,Closed,Burnaby Campus,true
6590ACERT,https://www.bcit.ca/programs/tourism-and-hospitality-associate-certificate-part-time-6590acert/,Tourism and Hospitality,Associate Certificate,Part-time,false,Sep 2026,Closed,Blended: Downtown Campus,true
6590ACERT,https://www.bcit.ca/programs/tourism-and-hospitality-associate-certificate-part-time-6590acert/,Tourism and Hospitality,Associate Certificate,Part-time,false,Jan 2027,Open,Blended: Downtown Campus,true
6590ACERT,https://www.bcit.ca/programs/tourism-and-hospitality-associate-certificate-part-time-6590acert/,Tourism and Hospitality,Associate Certificate,Part-time,false,Apr 2027,Open,Blended: Downtown Campus,true
5985ACERT,https://www.bcit.ca/programs/user-interface-ui-and-user-experience-ux-design-associate-certificate-part-time-5985acert/,User Interface UI and User Experience UX Design,Associate Certificate,Part-time,false,Sep 2026,Closed,Blended: Burnaby Campus,true
5985ACERT,https://www.bcit.ca/programs/user-interface-ui-and-user-experience-ux-design-associate-certificate-part-time-5985acert/,User Interface UI and User Experience UX Design,Associate Certificate,Part-time,false,Sep 2026,Closed,Online,true
5985ACERT,https://www.bcit.ca/programs/user-interface-ui-and-user-experience-ux-design-associate-certificate-part-time-5985acert/,User Interface UI and User Experience UX Design,Associate Certificate,Part-time,false,Jan 2027,Open,Blended: Burnaby Campus,true
5985ACERT,https://www.bcit.ca/programs/user-interface-ui-and-user-experience-ux-design-associate-certificate-part-time-5985acert/,User Interface UI and User Experience UX Design,Associate Certificate,Part-time,false,Jan 2027,Open,Online,true
5985ACERT,https://www.bcit.ca/programs/user-interface-ui-and-user-experience-ux-design-associate-certificate-part-time-5985acert/,User Interface UI and User Experience UX Design,Associate Certificate,Part-time,false,Apr 2027,Open,Blended: Burnaby Campus,true
5985ACERT,https://www.bcit.ca/programs/user-interface-ui-and-user-experience-ux-design-associate-certificate-part-time-5985acert/,User Interface UI and User Experience UX Design,Associate Certificate,Part-time,false,Apr 2027,Open,Online,true
6120ACERT,https://www.bcit.ca/programs/video-production-and-editing-associate-certificate-part-time-6120acert/,Video Production and Editing,Associate Certificate,Part-time,false,Sep 2026,Closed,Burnaby/Downtown,true
6120ACERT,https://www.bcit.ca/programs/video-production-and-editing-associate-certificate-part-time-6120acert/,Video Production and Editing,Associate Certificate,Part-time,false,Jan 2027,Open,Burnaby/Downtown,true
6120ACERT,https://www.bcit.ca/programs/video-production-and-editing-associate-certificate-part-time-6120acert/,Video Production and Editing,Associate Certificate,Part-time,false,Apr 2027,Open,Burnaby/Downtown,true
6465ACERT,https://www.bcit.ca/programs/web-and-mobile-application-development-associate-certificate-part-time-6465acert/,Web and Mobile Application Development,Associate Certificate,Part-time,false,Sep 2026,Closed,Blended: Burnaby/Downtown,true
6465ACERT,https://www.bcit.ca/programs/web-and-mobile-application-development-associate-certificate-part-time-6465acert/,Web and Mobile Application Development,Associate Certificate,Part-time,false,Jan 2027,Open,Blended: Burnaby/Downtown,true
6465ACERT,https://www.bcit.ca/programs/web-and-mobile-application-development-associate-certificate-part-time-6465acert/,Web and Mobile Application Development,Associate Certificate,Part-time,false,Apr 2027,Open,Blended: Burnaby/Downtown,true
2847CERT,https://www.bcit.ca/programs/welder-foundation-certificate-full-time-2847cert/,Welder Foundation,Certificate,Full-time,false,Ongoing intake,Waitlisting,Burnaby Campus,true
