program_id,program_name,credential,study_mode,source_url,regular_listed,regular_international_flag,regular_pgwp_flag,flexible_listed,flexible_international_flag,flexible_pgwp_flag,availability_listed,has_domestic_only_availability_row,individual_evidence_status,individual_study_permit_status,individual_pgwp_status,recommended_program_status,recommended_pgwp_status,decision_basis,individual_evidence_url,individual_evidence_retrieved_at,legacy_accepts_international,current_international_eligibility,current_evidence_url,current_last_checked
0800CM,Introductory Studies in Mass Timber Construction,Microcredential,Part-time,https://www.bcit.ca/programs/introductory-studies-in-mass-timber-construction-microcredential-part-time-0800cm/,false,false,false,true,true,false,false,false,UNKNOWN_NOT_PUBLISHED,UNKNOWN_NOT_PUBLISHED,UNKNOWN_NOT_PUBLISHED,ACCEPTED_AVAILABLE,UNKNOWN_NOT_PUBLISHED,bcit_international_program_list_positive_flag,https://www.bcit.ca/programs/introductory-studies-in-mass-timber-construction-microcredential-part-time-0800cm/,,,Refer to official program page,https://www.bcit.ca/programs/introductory-studies-in-mass-timber-construction-microcredential-part-time-0800cm/,2026-09-08
0801CM,Essentials of Natural Resource and Environmental Protection (MENREP),Microcredential,Part-time,https://www.bcit.ca/programs/essentials-of-natural-resource-and-environmental-protection-menrep-microcredential-part-time-0801cm/,false,false,false,false,false,false,false,false,UNKNOWN_NOT_PUBLISHED,UNKNOWN_NOT_PUBLISHED,UNKNOWN_NOT_PUBLISHED,UNKNOWN_NOT_PUBLISHED,UNKNOWN_NOT_PUBLISHED,no_explicit_governing_evidence,https://www.bcit.ca/programs/essentials-of-natural-resource-and-environmental-protection-menrep-microcredential-part-time-0801cm/,,,Refer to official program page,https://www.bcit.ca/programs/essentials-of-natural-resource-and-environmental-protection-menrep-microcredential-part-time-0801cm/,2026-09-08
0803CM,Script Supervision and Continuity for Film and TV,Microcredential,Part-time,https://www.bcit.ca/programs/script-supervision-and-continuity-for-film-and-tv-microcredential-part-time-0803cm/,false,false,false,true,true,false,false,false,UNKNOWN_NOT_PUBLISHED,UNKNOWN_NOT_PUBLISHED,UNKNOWN_NOT_PUBLISHED,ACCEPTED_AVAILABLE,UNKNOWN_NOT_PUBLISHED,bcit_international_program_list_positive_flag,https://www.bcit.ca/programs/script-supervision-and-continuity-for-film-and-tv-microcredential-part-time-0803cm/,,,Refer to official program page,https://www.bcit.ca/programs/script-supervision-and-continuity-for-film-and-tv-microcredential-part-time-0803cm/,2026-09-08
0804CM,Forensic Nurse Examiner Education for RNs,Microcredential,Part-time,https://www.bcit.ca/programs/forensic-nurse-examiner-education-for-rns-microcredential-part-time-0804cm/,false,false,false,false,false,false,false,false,UNKNOWN_NOT_PUBLISHED,UNKNOWN_NOT_PUBLISHED,UNKNOWN_NOT_PUBLISHED,UNKNOWN_NOT_PUBLISHED,UNKNOWN_NOT_PUBLISHED,no_explicit_governing_evidence,https://www.bcit.ca/programs/forensic-nurse-examiner-education-for-rns-microcredential-part-time-0804cm/,,,Refer to official program page,https://www.bcit.ca/programs/forensic-nurse-examiner-education-for-rns-microcredential-part-time-0804cm/,2026-09-08
0805CM,Breast Sonography,Microcredential,Part-time,https://www.bcit.ca/programs/breast-sonography-microcredential-part-time-0805cm/,false,false,false,false,false,false,false,false,UNKNOWN_NOT_PUBLISHED,UNKNOWN_NOT_PUBLISHED,UNKNOWN_NOT_PUBLISHED,UNKNOWN_NOT_PUBLISHED,UNKNOWN_NOT_PUBLISHED,no_explicit_governing_evidence,https://www.bcit.ca/programs/breast-sonography-microcredential-part-time-0805cm/,,,Refer to official program page,https://www.bcit.ca/programs/breast-sonography-microcredential-part-time-0805cm/,2026-09-08
0806CM,Musculoskeletal Sonography,Microcredential,Part-time,https://www.bcit.ca/programs/musculoskeletal-sonography-microcredential-part-time-0806cm/,false,false,false,false,false,false,false,false,UNKNOWN_NOT_PUBLISHED,UNKNOWN_NOT_PUBLISHED,UNKNOWN_NOT_PUBLISHED,UNKNOWN_NOT_PUBLISHED,UNKNOWN_NOT_PUBLISHED,no_explicit_governing_evidence,https://www.bcit.ca/programs/musculoskeletal-sonography-microcredential-part-time-0806cm/,,,Refer to official program page,https://www.bcit.ca/programs/musculoskeletal-sonography-microcredential-part-time-0806cm/,2026-09-08
0810CM,Low-Code Mobile Application Development,Microcredential,Part-time,https://www.bcit.ca/programs/low-code-mobile-application-development-microcredential-part-time-0810cm/,false,false,false,true,true,false,false,false,UNKNOWN_NOT_PUBLISHED,UNKNOWN_NOT_PUBLISHED,UNKNOWN_NOT_PUBLISHED,ACCEPTED_AVAILABLE,UNKNOWN_NOT_PUBLISHED,bcit_international_program_list_positive_flag,https://www.bcit.ca/programs/low-code-mobile-application-development-microcredential-part-time-0810cm/,,,Refer to official program page,https://www.bcit.ca/programs/low-code-mobile-application-development-microcredential-part-time-0810cm/,2026-09-08
0811CM,Essentials of Data Networks,Microcredential,Part-time,https://www.bcit.ca/programs/essentials-of-data-networks-microcredential-part-time-0811cm/,false,false,false,true,true,false,false,false,UNKNOWN_NOT_PUBLISHED,UNKNOWN_NOT_PUBLISHED,UNKNOWN_NOT_PUBLISHED,ACCEPTED_AVAILABLE,UNKNOWN_NOT_PUBLISHED,bcit_international_program_list_positive_flag,https://www.bcit.ca/programs/essentials-of-data-networks-microcredential-part-time-0811cm/,,,Refer to official program page,https://www.bcit.ca/programs/essentials-of-data-networks-microcredential-part-time-0811cm/,2026-09-08
0812CM,Cybersecurity Analysis for Network Administrators,Microcredential,Part-time,https://www.bcit.ca/programs/cybersecurity-analysis-for-network-administrators-microcredential-part-time-0812cm/,false,false,false,true,true,false,false,false,UNKNOWN_NOT_PUBLISHED,UNKNOWN_NOT_PUBLISHED,UNKNOWN_NOT_PUBLISHED,ACCEPTED_AVAILABLE,UNKNOWN_NOT_PUBLISHED,bcit_international_program_list_positive_flag,https://www.bcit.ca/programs/cybersecurity-analysis-for-network-administrators-microcredential-part-time-0812cm/,,,Refer to official program page,https://www.bcit.ca/programs/cybersecurity-analysis-for-network-administrators-microcredential-part-time-0812cm/,2026-09-08
0813CM,Advanced Forensic Nurse Examiner,Microcredential,Part-time,https://www.bcit.ca/programs/advanced-forensic-nurse-examiner-microcredential-part-time-0813cm/,false,false,false,true,true,false,false,false,UNKNOWN_NOT_PUBLISHED,UNKNOWN_NOT_PUBLISHED,UNKNOWN_NOT_PUBLISHED,ACCEPTED_AVAILABLE,UNKNOWN_NOT_PUBLISHED,bcit_international_program_list_positive_flag,https://www.bcit.ca/programs/advanced-forensic-nurse-examiner-microcredential-part-time-0813cm/,,,Refer to official program page,https://www.bcit.ca/programs/advanced-forensic-nurse-examiner-microcredential-part-time-0813cm/,2026-09-08
0814CM,Essential Field Skills for Environmental Professionals,Microcredential,Part-time,https://www.bcit.ca/programs/essential-field-skills-for-environmental-professionals-microcredential-part-time-0814cm/,false,false,false,false,false,false,false,false,UNKNOWN_NOT_PUBLISHED,UNKNOWN_NOT_PUBLISHED,UNKNOWN_NOT_PUBLISHED,UNKNOWN_NOT_PUBLISHED,UNKNOWN_NOT_PUBLISHED,no_explicit_governing_evidence,https://www.bcit.ca/programs/essential-field-skills-for-environmental-professionals-microcredential-part-time-0814cm/,,,Refer to official program page,https://www.bcit.ca/programs/essential-field-skills-for-environmental-professionals-microcredential-part-time-0814cm/,2026-09-08
0815CM,Supervising Net-Zero and Passive House Construction,Microcredential,Part-time,https://www.bcit.ca/programs/supervising-net-zero-and-passive-house-construction-microcredential-part-time-0815cm/,false,false,false,true,true,false,false,false,UNKNOWN_NOT_PUBLISHED,UNKNOWN_NOT_PUBLISHED,UNKNOWN_NOT_PUBLISHED,ACCEPTED_AVAILABLE,UNKNOWN_NOT_PUBLISHED,bcit_international_program_list_positive_flag,https://www.bcit.ca/programs/supervising-net-zero-and-passive-house-construction-microcredential-part-time-0815cm/,,,Refer to official program page,https://www.bcit.ca/programs/supervising-net-zero-and-passive-house-construction-microcredential-part-time-0815cm/,2026-09-08
0816CM,Applied Circular Economy: Zero Waste Buildings,Microcredential,Part-time,https://www.bcit.ca/programs/applied-circular-economy-zero-waste-buildings-microcredential-part-time-0816cm/,false,false,false,true,true,false,false,false,UNKNOWN_NOT_PUBLISHED,UNKNOWN_NOT_PUBLISHED,UNKNOWN_NOT_PUBLISHED,ACCEPTED_AVAILABLE,UNKNOWN_NOT_PUBLISHED,bcit_international_program_list_positive_flag,https://www.bcit.ca/programs/applied-circular-economy-zero-waste-buildings-microcredential-part-time-0816cm/,,True,,,
0817CM,Introduction to Forest Health Quantification with RPAS,Microcredential,Part-time,https://www.bcit.ca/programs/introduction-to-forest-health-quantification-with-rpas-microcredential-part-time-0817cm/,false,false,false,false,false,false,false,false,UNKNOWN_NOT_PUBLISHED,UNKNOWN_NOT_PUBLISHED,UNKNOWN_NOT_PUBLISHED,UNKNOWN_NOT_PUBLISHED,UNKNOWN_NOT_PUBLISHED,no_explicit_governing_evidence,https://www.bcit.ca/programs/introduction-to-forest-health-quantification-with-rpas-microcredential-part-time-0817cm/,,,Refer to official program page,https://www.bcit.ca/programs/introduction-to-forest-health-quantification-with-rpas-microcredential-part-time-0817cm/,2026-09-08
0819CM,Essentials of Net-Zero and Passive House Construction,Microcredential,Part-time,https://www.bcit.ca/programs/essentials-of-net-zero-and-passive-house-construction-microcredential-part-time-0819cm/,false,false,false,true,true,false,false,false,UNKNOWN_NOT_PUBLISHED,UNKNOWN_NOT_PUBLISHED,UNKNOWN_NOT_PUBLISHED,ACCEPTED_AVAILABLE,UNKNOWN_NOT_PUBLISHED,bcit_international_program_list_positive_flag,https://www.bcit.ca/programs/essentials-of-net-zero-and-passive-house-construction-microcredential-part-time-0819cm/,,,Refer to official program page,https://www.bcit.ca/programs/essentials-of-net-zero-and-passive-house-construction-microcredential-part-time-0819cm/,2026-09-08
0820CM,Cybersecurity Essentials for IT Professionals,Microcredential,Part-time,https://www.bcit.ca/programs/cybersecurity-essentials-for-it-professionals-microcredential-part-time-0820cm/,false,false,false,true,true,false,false,false,UNKNOWN_NOT_PUBLISHED,UNKNOWN_NOT_PUBLISHED,UNKNOWN_NOT_PUBLISHED,ACCEPTED_AVAILABLE,UNKNOWN_NOT_PUBLISHED,bcit_international_program_list_positive_flag,https://www.bcit.ca/programs/cybersecurity-essentials-for-it-professionals-microcredential-part-time-0820cm/,,,Refer to official program page,https://www.bcit.ca/programs/cybersecurity-essentials-for-it-professionals-microcredential-part-time-0820cm/,2026-09-08
0822CM,Food Safety Preventive Controls and HACCP Plans,Microcredential,Part-time,https://www.bcit.ca/programs/food-safety-preventive-controls-and-haccp-plans-microcredential-part-time-0822cm/,false,false,false,true,true,false,false,false,UNKNOWN_NOT_PUBLISHED,UNKNOWN_NOT_PUBLISHED,UNKNOWN_NOT_PUBLISHED,ACCEPTED_AVAILABLE,UNKNOWN_NOT_PUBLISHED,bcit_international_program_list_positive_flag,https://www.bcit.ca/programs/food-safety-preventive-controls-and-haccp-plans-microcredential-part-time-0822cm/,,,Refer to official program page,https://www.bcit.ca/programs/food-safety-preventive-controls-and-haccp-plans-microcredential-part-time-0822cm/,2026-09-08
0823CM,Food Safety Management,Microcredential,Part-time,https://www.bcit.ca/programs/food-safety-management-microcredential-part-time-0823cm/,false,false,false,false,false,false,false,false,UNKNOWN_NOT_PUBLISHED,UNKNOWN_NOT_PUBLISHED,UNKNOWN_NOT_PUBLISHED,UNKNOWN_NOT_PUBLISHED,UNKNOWN_NOT_PUBLISHED,no_explicit_governing_evidence,https://www.bcit.ca/programs/food-safety-management-microcredential-part-time-0823cm/,,,Refer to official program page,https://www.bcit.ca/programs/food-safety-management-microcredential-part-time-0823cm/,2026-09-08
0824CM,Animal Cell Culture,Microcredential,Part-time,https://www.bcit.ca/programs/animal-cell-culture-microcredential-part-time-0824cm/,false,false,false,false,false,false,false,false,UNKNOWN_NOT_PUBLISHED,UNKNOWN_NOT_PUBLISHED,UNKNOWN_NOT_PUBLISHED,UNKNOWN_NOT_PUBLISHED,UNKNOWN_NOT_PUBLISHED,no_explicit_governing_evidence,https://www.bcit.ca/programs/animal-cell-culture-microcredential-part-time-0824cm/,,,Refer to official program page,https://www.bcit.ca/programs/animal-cell-culture-microcredential-part-time-0824cm/,2026-09-08
0825CM,Canadian Employment Readiness (CER),Microcredential,Part-time,https://www.bcit.ca/programs/canadian-employment-readiness-cer-microcredential-part-time-0825cm/,false,false,false,true,true,false,false,false,UNKNOWN_NOT_PUBLISHED,UNKNOWN_NOT_PUBLISHED,UNKNOWN_NOT_PUBLISHED,ACCEPTED_AVAILABLE,UNKNOWN_NOT_PUBLISHED,bcit_international_program_list_positive_flag,https://www.bcit.ca/programs/canadian-employment-readiness-cer-microcredential-part-time-0825cm/,,,Refer to official program page,https://www.bcit.ca/programs/canadian-employment-readiness-cer-microcredential-part-time-0825cm/,2026-09-08
0826CM,Technical Communication Essentials,Microcredential,Part-time,https://www.bcit.ca/programs/technical-communication-essentials-microcredential-part-time-0826cm/,false,false,false,true,true,false,false,false,UNKNOWN_NOT_PUBLISHED,UNKNOWN_NOT_PUBLISHED,UNKNOWN_NOT_PUBLISHED,ACCEPTED_AVAILABLE,UNKNOWN_NOT_PUBLISHED,bcit_international_program_list_positive_flag,https://www.bcit.ca/programs/technical-communication-essentials-microcredential-part-time-0826cm/,,,Refer to official program page,https://www.bcit.ca/programs/technical-communication-essentials-microcredential-part-time-0826cm/,2026-09-07
0828CM,Student Mobility Preparedness,Microcredential,Part-time,https://www.bcit.ca/programs/student-mobility-preparedness-microcredential-part-time-0828cm/,false,false,false,true,true,false,false,false,UNKNOWN_NOT_PUBLISHED,UNKNOWN_NOT_PUBLISHED,UNKNOWN_NOT_PUBLISHED,ACCEPTED_AVAILABLE,UNKNOWN_NOT_PUBLISHED,bcit_international_program_list_positive_flag,https://www.bcit.ca/programs/student-mobility-preparedness-microcredential-part-time-0828cm/,,,Refer to official program page,https://www.bcit.ca/programs/student-mobility-preparedness-microcredential-part-time-0828cm/,2026-09-08
0829CM,Building Energy Modelling and Simulation,Microcredential,Part-time,https://www.bcit.ca/programs/building-energy-modelling-and-simulation-microcredential-part-time-0829cm/,false,false,false,true,true,false,false,false,UNKNOWN_NOT_PUBLISHED,UNKNOWN_NOT_PUBLISHED,UNKNOWN_NOT_PUBLISHED,ACCEPTED_AVAILABLE,UNKNOWN_NOT_PUBLISHED,bcit_international_program_list_positive_flag,https://www.bcit.ca/programs/building-energy-modelling-and-simulation-microcredential-part-time-0829cm/,,,Refer to official program page,https://www.bcit.ca/programs/building-energy-modelling-and-simulation-microcredential-part-time-0829cm/,2026-09-08
0830CM,Whole-Building Life Cycle Assessment Professional,Microcredential,Part-time,https://www.bcit.ca/programs/whole-building-life-cycle-assessment-professional-microcredential-part-time-0830cm/,false,false,false,true,true,false,false,false,UNKNOWN_NOT_PUBLISHED,UNKNOWN_NOT_PUBLISHED,UNKNOWN_NOT_PUBLISHED,ACCEPTED_AVAILABLE,UNKNOWN_NOT_PUBLISHED,bcit_international_program_list_positive_flag,https://www.bcit.ca/programs/whole-building-life-cycle-assessment-professional-microcredential-part-time-0830cm/,,,Refer to official program page,https://www.bcit.ca/programs/whole-building-life-cycle-assessment-professional-microcredential-part-time-0830cm/,2026-09-08
0831CM,Industrial Networking for Cybersecurity Professionals,Microcredential,Part-time,https://www.bcit.ca/programs/industrial-networking-for-cybersecurity-professionals-microcredential-part-time-0831cm/,false,false,false,false,false,false,false,false,UNKNOWN_NOT_PUBLISHED,UNKNOWN_NOT_PUBLISHED,UNKNOWN_NOT_PUBLISHED,UNKNOWN_NOT_PUBLISHED,UNKNOWN_NOT_PUBLISHED,no_explicit_governing_evidence,https://www.bcit.ca/programs/industrial-networking-for-cybersecurity-professionals-microcredential-part-time-0831cm/,,,Refer to official program page,https://www.bcit.ca/programs/industrial-networking-for-cybersecurity-professionals-microcredential-part-time-0831cm/,2026-09-08
0832CM,Cybersecurity Operations,Microcredential,Part-time,https://www.bcit.ca/programs/cybersecurity-operations-microcredential-part-time-0832cm/,false,false,false,true,true,false,false,false,UNKNOWN_NOT_PUBLISHED,UNKNOWN_NOT_PUBLISHED,UNKNOWN_NOT_PUBLISHED,ACCEPTED_AVAILABLE,UNKNOWN_NOT_PUBLISHED,bcit_international_program_list_positive_flag,https://www.bcit.ca/programs/cybersecurity-operations-microcredential-part-time-0832cm/,,,Refer to official program page,https://www.bcit.ca/programs/cybersecurity-operations-microcredential-part-time-0832cm/,2026-09-08
0833CM,Forensic Nurse Death Investigator,Microcredential,Part-time,https://www.bcit.ca/programs/forensic-nurse-death-investigator-microcredential-part-time-0833cm/,false,false,false,true,true,false,false,false,UNKNOWN_NOT_PUBLISHED,UNKNOWN_NOT_PUBLISHED,UNKNOWN_NOT_PUBLISHED,ACCEPTED_AVAILABLE,UNKNOWN_NOT_PUBLISHED,bcit_international_program_list_positive_flag,https://www.bcit.ca/programs/forensic-nurse-death-investigator-microcredential-part-time-0833cm/,,,Refer to official program page,https://www.bcit.ca/programs/forensic-nurse-death-investigator-microcredential-part-time-0833cm/,2026-09-08
0835CM,International Education Practitioner - Foundation,Microcredential,Part-time,https://www.bcit.ca/programs/international-education-practitioner-foundation-microcredential-part-time-0835cm/,false,false,false,true,true,false,false,false,UNKNOWN_NOT_PUBLISHED,UNKNOWN_NOT_PUBLISHED,UNKNOWN_NOT_PUBLISHED,ACCEPTED_AVAILABLE,UNKNOWN_NOT_PUBLISHED,bcit_international_program_list_positive_flag,https://www.bcit.ca/programs/international-education-practitioner-foundation-microcredential-part-time-0835cm/,,,Refer to official program page,https://www.bcit.ca/programs/international-education-practitioner-foundation-microcredential-part-time-0835cm/,2026-09-08
0836CM,Drone Applications for Environmental Risk Assessment,Microcredential,Part-time,https://www.bcit.ca/programs/drone-applications-for-environmental-risk-assessment-microcredential-part-time-0836cm/,false,false,false,false,false,false,false,false,UNKNOWN_NOT_PUBLISHED,UNKNOWN_NOT_PUBLISHED,UNKNOWN_NOT_PUBLISHED,UNKNOWN_NOT_PUBLISHED,UNKNOWN_NOT_PUBLISHED,no_explicit_governing_evidence,https://www.bcit.ca/programs/drone-applications-for-environmental-risk-assessment-microcredential-part-time-0836cm/,,,Refer to official program page,https://www.bcit.ca/programs/drone-applications-for-environmental-risk-assessment-microcredential-part-time-0836cm/,2026-09-08
0837CM,Foundational Digital Forensics Skills,Microcredential,Part-time,https://www.bcit.ca/programs/foundational-digital-forensics-skills-microcredential-part-time-0837cm/,false,false,false,true,true,false,false,false,UNKNOWN_NOT_PUBLISHED,UNKNOWN_NOT_PUBLISHED,UNKNOWN_NOT_PUBLISHED,ACCEPTED_AVAILABLE,UNKNOWN_NOT_PUBLISHED,bcit_international_program_list_positive_flag,https://www.bcit.ca/programs/foundational-digital-forensics-skills-microcredential-part-time-0837cm/,,,Refer to official program page,https://www.bcit.ca/programs/foundational-digital-forensics-skills-microcredential-part-time-0837cm/,2026-09-08
0838CM,Automotive Service Management Essentials,Microcredential,Part-time,https://www.bcit.ca/programs/automotive-service-management-essentials-microcredential-part-time-0838cm/,false,false,false,true,true,false,false,false,UNKNOWN_NOT_PUBLISHED,UNKNOWN_NOT_PUBLISHED,UNKNOWN_NOT_PUBLISHED,ACCEPTED_AVAILABLE,UNKNOWN_NOT_PUBLISHED,bcit_international_program_list_positive_flag,https://www.bcit.ca/programs/automotive-service-management-essentials-microcredential-part-time-0838cm/,,,Refer to official program page,https://www.bcit.ca/programs/automotive-service-management-essentials-microcredential-part-time-0838cm/,2026-09-08
0839CM,"Fiber Optics - Principles, Installation and Repair",Microcredential,Part-time,https://www.bcit.ca/programs/fiber-optics-principles-installation-and-repair-microcredential-part-time-0839cm/,false,false,false,false,false,false,false,false,UNKNOWN_NOT_PUBLISHED,UNKNOWN_NOT_PUBLISHED,UNKNOWN_NOT_PUBLISHED,UNKNOWN_NOT_PUBLISHED,UNKNOWN_NOT_PUBLISHED,no_explicit_governing_evidence,https://www.bcit.ca/programs/fiber-optics-principles-installation-and-repair-microcredential-part-time-0839cm/,,,Refer to official program page,https://www.bcit.ca/programs/fiber-optics-principles-installation-and-repair-microcredential-part-time-0839cm/,2026-09-08
0840CM,Introduction to Full-Stack Web Development,Microcredential,Part-time,https://www.bcit.ca/programs/introduction-to-full-stack-web-development-microcredential-part-time-0840cm/,false,false,false,true,true,false,false,false,UNKNOWN_NOT_PUBLISHED,UNKNOWN_NOT_PUBLISHED,UNKNOWN_NOT_PUBLISHED,ACCEPTED_AVAILABLE,UNKNOWN_NOT_PUBLISHED,bcit_international_program_list_positive_flag,https://www.bcit.ca/programs/introduction-to-full-stack-web-development-microcredential-part-time-0840cm/,,,Refer to official program page,https://www.bcit.ca/programs/introduction-to-full-stack-web-development-microcredential-part-time-0840cm/,2026-09-08
0841CM,Web Development Foundations (WDF),Microcredential,Part-time,https://www.bcit.ca/programs/web-development-foundations-wdf-microcredential-part-time-0841cm/,false,false,false,true,true,false,false,false,UNKNOWN_NOT_PUBLISHED,UNKNOWN_NOT_PUBLISHED,UNKNOWN_NOT_PUBLISHED,ACCEPTED_AVAILABLE,UNKNOWN_NOT_PUBLISHED,bcit_international_program_list_positive_flag,https://www.bcit.ca/programs/web-development-foundations-wdf-microcredential-part-time-0841cm/,,,Refer to official program page,https://www.bcit.ca/programs/web-development-foundations-wdf-microcredential-part-time-0841cm/,2026-09-08
0842CM,Data Visualization with MS Power BI,Microcredential,Part-time,https://www.bcit.ca/programs/data-visualization-with-ms-power-bi-microcredential-part-time-0842cm/,false,false,false,true,true,false,false,false,UNKNOWN_NOT_PUBLISHED,UNKNOWN_NOT_PUBLISHED,UNKNOWN_NOT_PUBLISHED,ACCEPTED_AVAILABLE,UNKNOWN_NOT_PUBLISHED,bcit_international_program_list_positive_flag,https://www.bcit.ca/programs/data-visualization-with-ms-power-bi-microcredential-part-time-0842cm/,,,Refer to official program page,https://www.bcit.ca/programs/data-visualization-with-ms-power-bi-microcredential-part-time-0842cm/,2026-09-08
0843CM,Spanish Language and Culture Fundamentals,Microcredential,Part-time,https://www.bcit.ca/programs/spanish-language-and-culture-fundamentals-microcredential-part-time-0843cm/,false,false,false,true,true,false,false,false,UNKNOWN_NOT_PUBLISHED,UNKNOWN_NOT_PUBLISHED,UNKNOWN_NOT_PUBLISHED,ACCEPTED_AVAILABLE,UNKNOWN_NOT_PUBLISHED,bcit_international_program_list_positive_flag,https://www.bcit.ca/programs/spanish-language-and-culture-fundamentals-microcredential-part-time-0843cm/,,,Refer to official program page,https://www.bcit.ca/programs/spanish-language-and-culture-fundamentals-microcredential-part-time-0843cm/,2026-09-08
0844CM,Fundamentals of Virtual Containers,Microcredential,Part-time,https://www.bcit.ca/programs/fundamentals-of-virtual-containers-microcredential-part-time-0844cm/,false,false,false,true,true,false,false,false,UNKNOWN_NOT_PUBLISHED,UNKNOWN_NOT_PUBLISHED,UNKNOWN_NOT_PUBLISHED,ACCEPTED_AVAILABLE,UNKNOWN_NOT_PUBLISHED,bcit_international_program_list_positive_flag,https://www.bcit.ca/programs/fundamentals-of-virtual-containers-microcredential-part-time-0844cm/,,,Refer to official program page,https://www.bcit.ca/programs/fundamentals-of-virtual-containers-microcredential-part-time-0844cm/,2026-09-08
0845CM,Network Switching and Routing,Microcredential,Part-time,https://www.bcit.ca/programs/network-switching-and-routing-microcredential-part-time-0845cm/,false,false,false,true,true,false,false,false,UNKNOWN_NOT_PUBLISHED,UNKNOWN_NOT_PUBLISHED,UNKNOWN_NOT_PUBLISHED,ACCEPTED_AVAILABLE,UNKNOWN_NOT_PUBLISHED,bcit_international_program_list_positive_flag,https://www.bcit.ca/programs/network-switching-and-routing-microcredential-part-time-0845cm/,,,Refer to official program page,https://www.bcit.ca/programs/network-switching-and-routing-microcredential-part-time-0845cm/,2026-09-08
0846CM,Sterile Field and the Aseptic Environment,Microcredential,Part-time,https://www.bcit.ca/programs/sterile-field-and-the-aseptic-environment-microcredential-part-time-0846cm/,false,false,false,false,false,false,false,false,UNKNOWN_NOT_PUBLISHED,UNKNOWN_NOT_PUBLISHED,UNKNOWN_NOT_PUBLISHED,UNKNOWN_NOT_PUBLISHED,UNKNOWN_NOT_PUBLISHED,no_explicit_governing_evidence,https://www.bcit.ca/programs/sterile-field-and-the-aseptic-environment-microcredential-part-time-0846cm/,,,Refer to official program page,https://www.bcit.ca/programs/sterile-field-and-the-aseptic-environment-microcredential-part-time-0846cm/,2026-09-08
0847CM,Wind Turbine Essentials,Microcredential,Part-time,https://www.bcit.ca/programs/wind-turbine-essentials-microcredential-part-time-0847cm/,false,false,false,true,true,false,false,false,UNKNOWN_NOT_PUBLISHED,UNKNOWN_NOT_PUBLISHED,UNKNOWN_NOT_PUBLISHED,ACCEPTED_AVAILABLE,UNKNOWN_NOT_PUBLISHED,bcit_international_program_list_positive_flag,https://www.bcit.ca/programs/wind-turbine-essentials-microcredential-part-time-0847cm/,,,Refer to official program page,https://www.bcit.ca/programs/wind-turbine-essentials-microcredential-part-time-0847cm/,2026-09-08
0848CM,Advanced Topics in Networking,Microcredential,Part-time,https://www.bcit.ca/programs/advanced-topics-in-networking-microcredential-part-time-0848cm/,false,false,false,true,true,false,false,false,UNKNOWN_NOT_PUBLISHED,UNKNOWN_NOT_PUBLISHED,UNKNOWN_NOT_PUBLISHED,ACCEPTED_AVAILABLE,UNKNOWN_NOT_PUBLISHED,bcit_international_program_list_positive_flag,https://www.bcit.ca/programs/advanced-topics-in-networking-microcredential-part-time-0848cm/,,,Refer to official program page,https://www.bcit.ca/programs/advanced-topics-in-networking-microcredential-part-time-0848cm/,2026-09-08
0849CM,Asbestos Awareness and Safety,Microcredential,Part-time,https://www.bcit.ca/programs/asbestos-awareness-and-safety-microcredential-part-time-0849cm/,false,false,false,true,true,false,false,false,UNKNOWN_NOT_PUBLISHED,UNKNOWN_NOT_PUBLISHED,UNKNOWN_NOT_PUBLISHED,ACCEPTED_AVAILABLE,UNKNOWN_NOT_PUBLISHED,bcit_international_program_list_positive_flag,https://www.bcit.ca/programs/asbestos-awareness-and-safety-microcredential-part-time-0849cm/,,,Refer to official program page,https://www.bcit.ca/programs/asbestos-awareness-and-safety-microcredential-part-time-0849cm/,2026-09-08
0850CM,Fraud and Financial Crime Investigation,Microcredential,Part-time,https://www.bcit.ca/programs/fraud-and-financial-crime-investigation-microcredential-part-time-0850cm/,false,false,false,true,true,false,false,false,UNKNOWN_NOT_PUBLISHED,UNKNOWN_NOT_PUBLISHED,UNKNOWN_NOT_PUBLISHED,ACCEPTED_AVAILABLE,UNKNOWN_NOT_PUBLISHED,bcit_international_program_list_positive_flag,https://www.bcit.ca/programs/fraud-and-financial-crime-investigation-microcredential-part-time-0850cm/,,,Refer to official program page,https://www.bcit.ca/programs/fraud-and-financial-crime-investigation-microcredential-part-time-0850cm/,2026-09-08
0851CM,Aircraft Defect Inspection and Reporting Techniques,Microcredential,Part-time,https://www.bcit.ca/programs/aircraft-defect-inspection-and-reporting-techniques-microcredential-part-time-0851cm/,false,false,false,false,false,false,false,false,UNKNOWN_NOT_PUBLISHED,UNKNOWN_NOT_PUBLISHED,UNKNOWN_NOT_PUBLISHED,UNKNOWN_NOT_PUBLISHED,UNKNOWN_NOT_PUBLISHED,no_explicit_governing_evidence,https://www.bcit.ca/programs/aircraft-defect-inspection-and-reporting-techniques-microcredential-part-time-0851cm/,,,Refer to official program page,https://www.bcit.ca/programs/aircraft-defect-inspection-and-reporting-techniques-microcredential-part-time-0851cm/,2026-09-08
0852CM,Canadian Engineering Professional Practice,Microcredential,Part-time,https://www.bcit.ca/programs/canadian-engineering-professional-practice-microcredential-part-time-0852cm/,false,false,false,true,true,false,false,false,UNKNOWN_NOT_PUBLISHED,UNKNOWN_NOT_PUBLISHED,UNKNOWN_NOT_PUBLISHED,ACCEPTED_AVAILABLE,UNKNOWN_NOT_PUBLISHED,bcit_international_program_list_positive_flag,https://www.bcit.ca/programs/canadian-engineering-professional-practice-microcredential-part-time-0852cm/,,,Refer to official program page,https://www.bcit.ca/programs/canadian-engineering-professional-practice-microcredential-part-time-0852cm/,2026-09-08
0853CM,Principles of Regenerative Building,Microcredential,Part-time,https://www.bcit.ca/programs/principles-of-regenerative-building-microcredential-part-time-0853cm/,false,false,false,false,false,false,false,false,UNKNOWN_NOT_PUBLISHED,UNKNOWN_NOT_PUBLISHED,UNKNOWN_NOT_PUBLISHED,UNKNOWN_NOT_PUBLISHED,UNKNOWN_NOT_PUBLISHED,no_explicit_governing_evidence,https://www.bcit.ca/programs/principles-of-regenerative-building-microcredential-part-time-0853cm/,,,Refer to official program page,https://www.bcit.ca/programs/principles-of-regenerative-building-microcredential-part-time-0853cm/,2026-09-08
0854CM,Essentials of Community Energy and Emissions Management,Microcredential,Part-time,https://www.bcit.ca/programs/essentials-of-community-energy-and-emissions-management-microcredential-part-time-0854cm/,false,false,false,true,true,false,false,false,UNKNOWN_NOT_PUBLISHED,UNKNOWN_NOT_PUBLISHED,UNKNOWN_NOT_PUBLISHED,ACCEPTED_AVAILABLE,UNKNOWN_NOT_PUBLISHED,bcit_international_program_list_positive_flag,https://www.bcit.ca/programs/essentials-of-community-energy-and-emissions-management-microcredential-part-time-0854cm/,,,Refer to official program page,https://www.bcit.ca/programs/essentials-of-community-energy-and-emissions-management-microcredential-part-time-0854cm/,2026-09-08
0855CM,Thermal Power Plant Simulation Proficiency,Microcredential,Part-time,https://www.bcit.ca/programs/thermal-power-plant-simulation-proficiency-microcredential-part-time-0855cm/,false,false,false,true,true,false,false,false,UNKNOWN_NOT_PUBLISHED,UNKNOWN_NOT_PUBLISHED,UNKNOWN_NOT_PUBLISHED,ACCEPTED_AVAILABLE,UNKNOWN_NOT_PUBLISHED,bcit_international_program_list_positive_flag,https://www.bcit.ca/programs/thermal-power-plant-simulation-proficiency-microcredential-part-time-0855cm/,,,Refer to official program page,https://www.bcit.ca/programs/thermal-power-plant-simulation-proficiency-microcredential-part-time-0855cm/,2026-09-08
0856CM,Retrofit Solutions for Rural Communities,Microcredential,Part-time,https://www.bcit.ca/programs/retrofit-solutions-for-rural-communities-microcredential-part-time-0856cm/,false,false,false,false,false,false,false,false,UNKNOWN_NOT_PUBLISHED,UNKNOWN_NOT_PUBLISHED,UNKNOWN_NOT_PUBLISHED,UNKNOWN_NOT_PUBLISHED,UNKNOWN_NOT_PUBLISHED,no_explicit_governing_evidence,https://www.bcit.ca/programs/retrofit-solutions-for-rural-communities-microcredential-part-time-0856cm/,,,Refer to official program page,https://www.bcit.ca/programs/retrofit-solutions-for-rural-communities-microcredential-part-time-0856cm/,2026-09-08
0857CM,Automotive Collision Estimator,Microcredential,Part-time,https://www.bcit.ca/programs/automotive-collision-estimator-microcredential-part-time-0857cm/,false,false,false,false,false,false,false,false,UNKNOWN_NOT_PUBLISHED,UNKNOWN_NOT_PUBLISHED,UNKNOWN_NOT_PUBLISHED,UNKNOWN_NOT_PUBLISHED,UNKNOWN_NOT_PUBLISHED,no_explicit_governing_evidence,https://www.bcit.ca/programs/automotive-collision-estimator-microcredential-part-time-0857cm/,,,Refer to official program page,https://www.bcit.ca/programs/automotive-collision-estimator-microcredential-part-time-0857cm/,2026-09-08
0859CM,Sexual and Reproductive Health Foundations,Microcredential,Part-time,https://www.bcit.ca/programs/sexual-and-reproductive-health-foundations-microcredential-part-time-0859cm/,false,false,false,true,true,false,false,false,UNKNOWN_NOT_PUBLISHED,UNKNOWN_NOT_PUBLISHED,UNKNOWN_NOT_PUBLISHED,ACCEPTED_AVAILABLE,UNKNOWN_NOT_PUBLISHED,bcit_international_program_list_positive_flag,https://www.bcit.ca/programs/sexual-and-reproductive-health-foundations-microcredential-part-time-0859cm/,,,Refer to official program page,https://www.bcit.ca/programs/sexual-and-reproductive-health-foundations-microcredential-part-time-0859cm/,2026-09-08
0860CM,Heat Pump Maintenance and Troubleshooting,Microcredential,Part-time,https://www.bcit.ca/programs/heat-pump-maintenance-and-troubleshooting-microcredential-part-time-0860cm/,false,false,false,false,false,false,false,false,UNKNOWN_NOT_PUBLISHED,UNKNOWN_NOT_PUBLISHED,UNKNOWN_NOT_PUBLISHED,UNKNOWN_NOT_PUBLISHED,UNKNOWN_NOT_PUBLISHED,no_explicit_governing_evidence,https://www.bcit.ca/programs/heat-pump-maintenance-and-troubleshooting-microcredential-part-time-0860cm/,,,Refer to official program page,https://www.bcit.ca/programs/heat-pump-maintenance-and-troubleshooting-microcredential-part-time-0860cm/,2026-09-08
0861CM,Climate Changemakers Leadership Training,Microcredential,Part-time,https://www.bcit.ca/programs/climate-changemakers-leadership-training-microcredential-part-time-0861cm/,false,false,false,true,true,false,false,false,UNKNOWN_NOT_PUBLISHED,UNKNOWN_NOT_PUBLISHED,UNKNOWN_NOT_PUBLISHED,ACCEPTED_AVAILABLE,UNKNOWN_NOT_PUBLISHED,bcit_international_program_list_positive_flag,https://www.bcit.ca/programs/climate-changemakers-leadership-training-microcredential-part-time-0861cm/,,,Refer to official program page,https://www.bcit.ca/programs/climate-changemakers-leadership-training-microcredential-part-time-0861cm/,2026-09-08
0862CM,Residential Air to Air Heat Pump Specialist,Microcredential,Part-time,https://www.bcit.ca/programs/residential-air-to-air-heat-pump-specialist-microcredential-part-time-0862cm/,false,false,false,false,false,false,false,false,UNKNOWN_NOT_PUBLISHED,UNKNOWN_NOT_PUBLISHED,UNKNOWN_NOT_PUBLISHED,UNKNOWN_NOT_PUBLISHED,UNKNOWN_NOT_PUBLISHED,no_explicit_governing_evidence,https://www.bcit.ca/programs/residential-air-to-air-heat-pump-specialist-microcredential-part-time-0862cm/,,,Refer to official program page,https://www.bcit.ca/programs/residential-air-to-air-heat-pump-specialist-microcredential-part-time-0862cm/,2026-09-08
0864CM,Marine Business Essentials,Microcredential,Part-time,https://www.bcit.ca/programs/marine-business-essentials-microcredential-part-time-0864cm/,false,false,false,true,true,false,false,false,UNKNOWN_NOT_PUBLISHED,UNKNOWN_NOT_PUBLISHED,UNKNOWN_NOT_PUBLISHED,ACCEPTED_AVAILABLE,UNKNOWN_NOT_PUBLISHED,bcit_international_program_list_positive_flag,https://www.bcit.ca/programs/marine-business-essentials-microcredential-part-time-0864cm/,,,Refer to official program page,https://www.bcit.ca/programs/marine-business-essentials-microcredential-part-time-0864cm/,2026-09-08
0865CM,Introduction to Power Systems Protection Design,Microcredential,Part-time,https://www.bcit.ca/programs/introduction-to-power-systems-protection-design-microcredential-part-time-0865cm/,false,false,false,false,false,false,false,false,UNKNOWN_NOT_PUBLISHED,UNKNOWN_NOT_PUBLISHED,UNKNOWN_NOT_PUBLISHED,UNKNOWN_NOT_PUBLISHED,UNKNOWN_NOT_PUBLISHED,no_explicit_governing_evidence,https://www.bcit.ca/programs/introduction-to-power-systems-protection-design-microcredential-part-time-0865cm/,,,Refer to official program page,https://www.bcit.ca/programs/introduction-to-power-systems-protection-design-microcredential-part-time-0865cm/,2026-09-08
0866CM,Distribution Design for Electrical Utilities,Microcredential,Part-time,https://www.bcit.ca/programs/distribution-design-for-electrical-utilities-microcredential-part-time-0866cm/,false,false,false,true,true,false,false,false,UNKNOWN_NOT_PUBLISHED,UNKNOWN_NOT_PUBLISHED,UNKNOWN_NOT_PUBLISHED,ACCEPTED_AVAILABLE,UNKNOWN_NOT_PUBLISHED,bcit_international_program_list_positive_flag,https://www.bcit.ca/programs/distribution-design-for-electrical-utilities-microcredential-part-time-0866cm/,,,Refer to official program page,https://www.bcit.ca/programs/distribution-design-for-electrical-utilities-microcredential-part-time-0866cm/,2026-09-08
0869CM,Occupational Health and Safety Essentials,Microcredential,Part-time,https://www.bcit.ca/programs/occupational-health-and-safety-essentials-microcredential-part-time-0869cm/,false,false,false,false,false,false,false,false,UNKNOWN_NOT_PUBLISHED,UNKNOWN_NOT_PUBLISHED,UNKNOWN_NOT_PUBLISHED,UNKNOWN_NOT_PUBLISHED,UNKNOWN_NOT_PUBLISHED,no_explicit_governing_evidence,https://www.bcit.ca/programs/occupational-health-and-safety-essentials-microcredential-part-time-0869cm/,,,Refer to official program page,https://www.bcit.ca/programs/occupational-health-and-safety-essentials-microcredential-part-time-0869cm/,2026-09-08
0870CM,Sexual Health Rehabilitation,Microcredential,Part-time,https://www.bcit.ca/programs/sexual-health-rehabilitation-microcredential-part-time-0870cm/,false,false,false,true,true,false,false,false,UNKNOWN_NOT_PUBLISHED,UNKNOWN_NOT_PUBLISHED,UNKNOWN_NOT_PUBLISHED,ACCEPTED_AVAILABLE,UNKNOWN_NOT_PUBLISHED,bcit_international_program_list_positive_flag,https://www.bcit.ca/programs/sexual-health-rehabilitation-microcredential-part-time-0870cm/,,,Refer to official program page,https://www.bcit.ca/programs/sexual-health-rehabilitation-microcredential-part-time-0870cm/,2026-09-08
0872CM,Techniques for Crime & Intelligence Analysts (TCIA),Microcredential,Part-time,https://www.bcit.ca/programs/techniques-for-crime-and-intelligence-analysts-tcia-microcredential-part-time-0872cm/,false,false,false,true,true,false,false,false,UNKNOWN_NOT_PUBLISHED,UNKNOWN_NOT_PUBLISHED,UNKNOWN_NOT_PUBLISHED,ACCEPTED_AVAILABLE,UNKNOWN_NOT_PUBLISHED,bcit_international_program_list_positive_flag,https://www.bcit.ca/programs/techniques-for-crime-and-intelligence-analysts-tcia-microcredential-part-time-0872cm/,,,Refer to official program page,https://www.bcit.ca/programs/techniques-for-crime-and-intelligence-analysts-tcia-microcredential-part-time-0872cm/,2026-09-08
0873CM,Fundamentals in Polytechnic Teaching,Microcredential,Part-time,https://www.bcit.ca/programs/fundamentals-in-polytechnic-teaching-microcredential-part-time-0873cm/,false,false,false,true,true,false,false,false,UNKNOWN_NOT_PUBLISHED,UNKNOWN_NOT_PUBLISHED,UNKNOWN_NOT_PUBLISHED,ACCEPTED_AVAILABLE,UNKNOWN_NOT_PUBLISHED,bcit_international_program_list_positive_flag,https://www.bcit.ca/programs/fundamentals-in-polytechnic-teaching-microcredential-part-time-0873cm/,,,Refer to official program page,https://www.bcit.ca/programs/fundamentals-in-polytechnic-teaching-microcredential-part-time-0873cm/,2026-09-08
0874CM,"Fundamentals in Architecture, Construction, and Engineering",Microcredential,Part-time,https://www.bcit.ca/programs/fundamentals-in-architecture-construction-and-engineering-microcredential-part-time-0874cm/,false,false,false,false,false,false,false,false,UNKNOWN_NOT_PUBLISHED,UNKNOWN_NOT_PUBLISHED,UNKNOWN_NOT_PUBLISHED,UNKNOWN_NOT_PUBLISHED,UNKNOWN_NOT_PUBLISHED,no_explicit_governing_evidence,https://www.bcit.ca/programs/fundamentals-in-architecture-construction-and-engineering-microcredential-part-time-0874cm/,,,Refer to official program page,https://www.bcit.ca/programs/fundamentals-in-architecture-construction-and-engineering-microcredential-part-time-0874cm/,2026-09-08
0875CM,Applied Additive Manufacturing,Microcredential,Part-time,https://www.bcit.ca/programs/applied-additive-manufacturing-microcredential-part-time-0875cm/,false,false,false,false,false,false,false,false,UNKNOWN_NOT_PUBLISHED,UNKNOWN_NOT_PUBLISHED,UNKNOWN_NOT_PUBLISHED,UNKNOWN_NOT_PUBLISHED,UNKNOWN_NOT_PUBLISHED,no_explicit_governing_evidence,https://www.bcit.ca/programs/applied-additive-manufacturing-microcredential-part-time-0875cm/,,,Refer to official program page,https://www.bcit.ca/programs/applied-additive-manufacturing-microcredential-part-time-0875cm/,2026-09-08
0876CM,Applied Mass Timber Engineering,Microcredential,Part-time,https://www.bcit.ca/programs/applied-mass-timber-engineering-microcredential-part-time-0876cm/,false,false,false,true,true,false,false,false,UNKNOWN_NOT_PUBLISHED,UNKNOWN_NOT_PUBLISHED,UNKNOWN_NOT_PUBLISHED,ACCEPTED_AVAILABLE,UNKNOWN_NOT_PUBLISHED,bcit_international_program_list_positive_flag,https://www.bcit.ca/programs/applied-mass-timber-engineering-microcredential-part-time-0876cm/,,,Refer to official program page,https://www.bcit.ca/programs/applied-mass-timber-engineering-microcredential-part-time-0876cm/,2026-09-08
100ADIPMA,Airline and Flight Operations Commercial Pilot (Fixed-Wing),Diploma,Full-time,https://www.bcit.ca/programs/airline-and-flight-operations-commercial-pilot-fixed-wing-diploma-full-time-100adipma/,true,true,true,false,false,false,true,false,UNKNOWN_NOT_PUBLISHED,UNKNOWN_NOT_PUBLISHED,UNKNOWN_NOT_PUBLISHED,ACCEPTED_AVAILABLE,ELIGIBLE_TO_APPLY,bcit_international_program_list_positive_flag,https://www.bcit.ca/programs/airline-and-flight-operations-commercial-pilot-fixed-wing-diploma-full-time-100adipma/,,,Refer to official program page,https://www.bcit.ca/programs/airline-and-flight-operations-commercial-pilot-fixed-wing-diploma-full-time-100adipma/,2026-09-08
100BDIPMA,Airline and Flight Operations Commercial Pilot (Rotary-Wing),Diploma,Full-time,https://www.bcit.ca/programs/airline-and-flight-operations-commercial-pilot-rotary-wing-diploma-full-time-100bdipma/,true,true,true,false,false,false,true,false,UNKNOWN_NOT_PUBLISHED,UNKNOWN_NOT_PUBLISHED,UNKNOWN_NOT_PUBLISHED,ACCEPTED_AVAILABLE,ELIGIBLE_TO_APPLY,bcit_international_program_list_positive_flag,https://www.bcit.ca/programs/airline-and-flight-operations-commercial-pilot-rotary-wing-diploma-full-time-100bdipma/,,,Refer to official program page,https://www.bcit.ca/programs/airline-and-flight-operations-commercial-pilot-rotary-wing-diploma-full-time-100bdipma/,2026-09-08
1030CERTTS,Aircraft Gas Turbine Technician,Certificate,Full-time,https://www.bcit.ca/programs/aircraft-gas-turbine-technician-certificate-full-time-1030certts/,true,true,true,false,false,false,true,false,UNKNOWN_NOT_PUBLISHED,UNKNOWN_NOT_PUBLISHED,UNKNOWN_NOT_PUBLISHED,ACCEPTED_AVAILABLE,ELIGIBLE_TO_APPLY,bcit_international_program_list_positive_flag,https://www.bcit.ca/programs/aircraft-gas-turbine-technician-certificate-full-time-1030certts/,,,Refer to official program page,https://www.bcit.ca/programs/aircraft-gas-turbine-technician-certificate-full-time-1030certts/,2026-09-08
1070ACERT,Airport Operations,Associate Certificate,Part-time,https://www.bcit.ca/programs/airport-operations-associate-certificate-part-time-1070acert/,false,false,false,true,true,false,false,false,UNKNOWN_NOT_PUBLISHED,UNKNOWN_NOT_PUBLISHED,UNKNOWN_NOT_PUBLISHED,ACCEPTED_AVAILABLE,UNKNOWN_NOT_PUBLISHED,bcit_international_program_list_positive_flag,https://www.bcit.ca/programs/airport-operations-associate-certificate-part-time-1070acert/,,,Refer to official program page,https://www.bcit.ca/programs/airport-operations-associate-certificate-part-time-1070acert/,2026-09-08
1155ACERT,Construction Drawings,Associate Certificate,Part-time,https://www.bcit.ca/programs/construction-drawings-associate-certificate-part-time-1155acert/,false,false,false,true,true,false,true,false,UNKNOWN_NOT_PUBLISHED,UNKNOWN_NOT_PUBLISHED,UNKNOWN_NOT_PUBLISHED,ACCEPTED_AVAILABLE,UNKNOWN_NOT_PUBLISHED,bcit_international_program_list_positive_flag,https://www.bcit.ca/programs/construction-drawings-associate-certificate-part-time-1155acert/,,,Refer to official program page,https://www.bcit.ca/programs/construction-drawings-associate-certificate-part-time-1155acert/,2026-09-08
1165DIPMA,Aircraft Maintenance Engineer Category ‘E’ (Electronics),Diploma,Full-time,https://www.bcit.ca/programs/aircraft-maintenance-engineer-category-e-electronics-diploma-full-time-1165dipma/,true,true,true,false,false,false,true,false,UNKNOWN_NOT_PUBLISHED,UNKNOWN_NOT_PUBLISHED,UNKNOWN_NOT_PUBLISHED,ACCEPTED_AVAILABLE,ELIGIBLE_TO_APPLY,bcit_international_program_list_positive_flag,https://www.bcit.ca/programs/aircraft-maintenance-engineer-category-e-electronics-diploma-full-time-1165dipma/,,True,Available to international applicants,https://www.bcit.ca/programs/aircraft-maintenance-engineer-category-e-electronics-diploma-full-time-1165dipma/,2026-09-06
1175DIPMA,Aviation Management and Operations,Diploma,Full-time,https://www.bcit.ca/programs/aviation-management-and-operations-diploma-full-time-1175dipma/,true,true,true,false,false,false,true,false,UNKNOWN_NOT_PUBLISHED,UNKNOWN_NOT_PUBLISHED,UNKNOWN_NOT_PUBLISHED,ACCEPTED_AVAILABLE,ELIGIBLE_TO_APPLY,bcit_international_program_list_positive_flag,https://www.bcit.ca/programs/aviation-management-and-operations-diploma-full-time-1175dipma/,,,Refer to official program page,https://www.bcit.ca/programs/aviation-management-and-operations-diploma-full-time-1175dipma/,2026-09-08
1180ACERT,Trades Discovery General,Associate Certificate,Full-time,https://www.bcit.ca/programs/trades-discovery-general-associate-certificate-full-time-1180acert/,false,false,false,false,false,false,false,false,UNKNOWN_NOT_PUBLISHED,UNKNOWN_NOT_PUBLISHED,UNKNOWN_NOT_PUBLISHED,UNKNOWN_NOT_PUBLISHED,UNKNOWN_NOT_PUBLISHED,no_explicit_governing_evidence,https://www.bcit.ca/programs/trades-discovery-general-associate-certificate-full-time-1180acert/,,,Refer to official program page,https://www.bcit.ca/programs/trades-discovery-general-associate-certificate-full-time-1180acert/,2026-09-08
1190ACERT,Trades Discovery for Women,Associate Certificate,Full-time,https://www.bcit.ca/programs/trades-discovery-for-women-associate-certificate-full-time-1190acert/,false,false,false,false,false,false,false,false,UNKNOWN_NOT_PUBLISHED,UNKNOWN_NOT_PUBLISHED,UNKNOWN_NOT_PUBLISHED,UNKNOWN_NOT_PUBLISHED,UNKNOWN_NOT_PUBLISHED,no_explicit_governing_evidence,https://www.bcit.ca/programs/trades-discovery-for-women-associate-certificate-full-time-1190acert/,,,Refer to official program page,https://www.bcit.ca/programs/trades-discovery-for-women-associate-certificate-full-time-1190acert/,2026-09-08
1195IPCERT,Advanced Gas Turbine,BCIT/Industry Partnership Certificate,Full-time,https://www.bcit.ca/programs/advanced-gas-turbine-bcit-industry-partnership-certificate-full-time-1195ipcert/,false,false,false,false,false,false,false,false,UNKNOWN_NOT_PUBLISHED,UNKNOWN_NOT_PUBLISHED,UNKNOWN_NOT_PUBLISHED,UNKNOWN_NOT_PUBLISHED,UNKNOWN_NOT_PUBLISHED,no_explicit_governing_evidence,https://www.bcit.ca/programs/advanced-gas-turbine-bcit-industry-partnership-certificate-full-time-1195ipcert/,,,Refer to official program page,https://www.bcit.ca/programs/advanced-gas-turbine-bcit-industry-partnership-certificate-full-time-1195ipcert/,2026-09-08
1205DIPMA,Aircraft Maintenance Engineer Category 'S' (Structures),Diploma,Full-time,https://www.bcit.ca/programs/aircraft-maintenance-engineer-category-s-structures-diploma-full-time-1205dipma/,true,true,true,false,false,false,true,false,UNKNOWN_NOT_PUBLISHED,UNKNOWN_NOT_PUBLISHED,UNKNOWN_NOT_PUBLISHED,ACCEPTED_AVAILABLE,ELIGIBLE_TO_APPLY,bcit_international_program_list_positive_flag,https://www.bcit.ca/programs/aircraft-maintenance-engineer-category-s-structures-diploma-full-time-1205dipma/,,True,Available to international applicants,https://www.bcit.ca/programs/aircraft-maintenance-engineer-category-s-structures-diploma-full-time-1205dipma/,2026-09-06
1230DIPMA,Aircraft Maintenance Engineer Category 'M' (Maintenance),Diploma,Full-time,https://www.bcit.ca/programs/aircraft-maintenance-engineer-category-m-maintenance-diploma-full-time-1230dipma/,true,true,true,false,false,false,true,false,UNKNOWN_NOT_PUBLISHED,UNKNOWN_NOT_PUBLISHED,UNKNOWN_NOT_PUBLISHED,ACCEPTED_AVAILABLE,ELIGIBLE_TO_APPLY,bcit_international_program_list_positive_flag,https://www.bcit.ca/programs/aircraft-maintenance-engineer-category-m-maintenance-diploma-full-time-1230dipma/,,True,Available to international applicants,https://www.bcit.ca/programs/aircraft-maintenance-engineer-category-m-maintenance-diploma-full-time-1230dipma/,2026-09-06
1255CERT,Auto Body Repair and Refinishing Technician Foundation,Certificate,Full-time,https://www.bcit.ca/programs/auto-body-repair-and-refinishing-technician-foundation-certificate-full-time-1255cert/,false,false,false,false,false,false,true,false,UNKNOWN_NOT_PUBLISHED,UNKNOWN_NOT_PUBLISHED,UNKNOWN_NOT_PUBLISHED,UNKNOWN_NOT_PUBLISHED,UNKNOWN_NOT_PUBLISHED,no_explicit_governing_evidence,https://www.bcit.ca/programs/auto-body-repair-and-refinishing-technician-foundation-certificate-full-time-1255cert/,,,Refer to official program page,https://www.bcit.ca/programs/auto-body-repair-and-refinishing-technician-foundation-certificate-full-time-1255cert/,2026-09-08
1320ADCERT,Automated Controls Installation and Maintenance,Advanced Certificate,Part-time,https://www.bcit.ca/programs/automated-controls-installation-and-maintenance-advanced-certificate-part-time-1320adcert/,false,false,false,true,true,false,true,false,UNKNOWN_NOT_PUBLISHED,UNKNOWN_NOT_PUBLISHED,UNKNOWN_NOT_PUBLISHED,ACCEPTED_AVAILABLE,UNKNOWN_NOT_PUBLISHED,bcit_international_program_list_positive_flag,https://www.bcit.ca/programs/automated-controls-installation-and-maintenance-advanced-certificate-part-time-1320adcert/,,,Refer to official program page,https://www.bcit.ca/programs/automated-controls-installation-and-maintenance-advanced-certificate-part-time-1320adcert/,2026-09-08
1355TTCERT,Automotive Technician Foundation,Certificate,Full-time,https://www.bcit.ca/programs/automotive-technician-foundation-certificate-full-time-1355ttcert/,false,false,false,false,false,false,true,false,UNKNOWN_NOT_PUBLISHED,UNKNOWN_NOT_PUBLISHED,UNKNOWN_NOT_PUBLISHED,UNKNOWN_NOT_PUBLISHED,UNKNOWN_NOT_PUBLISHED,no_explicit_governing_evidence,https://www.bcit.ca/programs/automotive-technician-foundation-certificate-full-time-1355ttcert/,,,Refer to official program page,https://www.bcit.ca/programs/automotive-technician-foundation-certificate-full-time-1355ttcert/,2026-09-08
1360CERT,Automotive Technician (Honda/Acura Foundation),Certificate,Full-time,https://www.bcit.ca/programs/automotive-technician-honda-acura-foundation-certificate-full-time-1360cert/,false,false,false,false,false,false,true,false,UNKNOWN_NOT_PUBLISHED,UNKNOWN_NOT_PUBLISHED,UNKNOWN_NOT_PUBLISHED,UNKNOWN_NOT_PUBLISHED,UNKNOWN_NOT_PUBLISHED,no_explicit_governing_evidence,https://www.bcit.ca/programs/automotive-technician-honda-acura-foundation-certificate-full-time-1360cert/,,,Refer to official program page,https://www.bcit.ca/programs/automotive-technician-honda-acura-foundation-certificate-full-time-1360cert/,2026-09-08
1375TTCERT,Automotive Technician (Toyota Foundation),Certificate,Full-time,https://www.bcit.ca/programs/automotive-technician-toyota-foundation-certificate-full-time-1375ttcert/,false,false,false,false,false,false,true,false,UNKNOWN_NOT_PUBLISHED,UNKNOWN_NOT_PUBLISHED,UNKNOWN_NOT_PUBLISHED,UNKNOWN_NOT_PUBLISHED,UNKNOWN_NOT_PUBLISHED,no_explicit_governing_evidence,https://www.bcit.ca/programs/automotive-technician-toyota-foundation-certificate-full-time-1375ttcert/,,,Refer to official program page,https://www.bcit.ca/programs/automotive-technician-toyota-foundation-certificate-full-time-1375ttcert/,2026-09-08
1430DIPMA,Automotive Service Technician and Operations,Diploma,Full-time,https://www.bcit.ca/programs/automotive-service-technician-and-operations-diploma-full-time-1430dipma/,true,true,false,false,false,false,true,false,UNKNOWN_NOT_PUBLISHED,UNKNOWN_NOT_PUBLISHED,UNKNOWN_NOT_PUBLISHED,ACCEPTED_AVAILABLE,UNKNOWN_NOT_PUBLISHED,bcit_international_program_list_positive_flag,https://www.bcit.ca/programs/automotive-service-technician-and-operations-diploma-full-time-1430dipma/,,,Refer to official program page,https://www.bcit.ca/programs/automotive-service-technician-and-operations-diploma-full-time-1430dipma/,2026-09-08
143ADIPMA,Automotive Service Technician and Operations (Ford ASSET Option),Diploma,Full-time,https://www.bcit.ca/programs/automotive-service-technician-and-operations-ford-asset-option-diploma-full-time-143adipma/,false,false,false,false,false,false,false,false,UNKNOWN_NOT_PUBLISHED,UNKNOWN_NOT_PUBLISHED,UNKNOWN_NOT_PUBLISHED,UNKNOWN_NOT_PUBLISHED,UNKNOWN_NOT_PUBLISHED,no_explicit_governing_evidence,https://www.bcit.ca/programs/automotive-service-technician-and-operations-ford-asset-option-diploma-full-time-143adipma/,,,Refer to official program page,https://www.bcit.ca/programs/automotive-service-technician-and-operations-ford-asset-option-diploma-full-time-143adipma/,2026-09-08
143BDIPMA,Automotive Service Technician and Operations - Non-Co-op Option,Diploma,Full-time,https://www.bcit.ca/programs/automotive-service-technician-and-operations-non-co-op-option-diploma-full-time-143bdipma/,true,true,false,false,false,false,false,false,UNKNOWN_NOT_PUBLISHED,UNKNOWN_NOT_PUBLISHED,UNKNOWN_NOT_PUBLISHED,ACCEPTED_AVAILABLE,UNKNOWN_NOT_PUBLISHED,bcit_international_program_list_positive_flag,https://www.bcit.ca/programs/automotive-service-technician-and-operations-non-co-op-option-diploma-full-time-143bdipma/,,,Refer to official program page,https://www.bcit.ca/programs/automotive-service-technician-and-operations-non-co-op-option-diploma-full-time-143bdipma/,2026-09-08
1450TTCERT,Boilermaker Foundation,Certificate,Full-time,https://www.bcit.ca/programs/boilermaker-foundation-certificate-full-time-1450ttcert/,false,false,false,false,false,false,true,false,UNKNOWN_NOT_PUBLISHED,UNKNOWN_NOT_PUBLISHED,UNKNOWN_NOT_PUBLISHED,UNKNOWN_NOT_PUBLISHED,UNKNOWN_NOT_PUBLISHED,no_explicit_governing_evidence,https://www.bcit.ca/programs/boilermaker-foundation-certificate-full-time-1450ttcert/,,,Refer to official program page,https://www.bcit.ca/programs/boilermaker-foundation-certificate-full-time-1450ttcert/,2026-09-08
1525TTDIPL,CNC Machinist Technician,Diploma,Full-time,https://www.bcit.ca/programs/cnc-machinist-technician-diploma-full-time-1525ttdipl/,false,false,false,false,false,false,true,false,UNKNOWN_NOT_PUBLISHED,UNKNOWN_NOT_PUBLISHED,UNKNOWN_NOT_PUBLISHED,UNKNOWN_NOT_PUBLISHED,UNKNOWN_NOT_PUBLISHED,no_explicit_governing_evidence,https://www.bcit.ca/programs/cnc-machinist-technician-diploma-full-time-1525ttdipl/,,,Refer to official program page,https://www.bcit.ca/programs/cnc-machinist-technician-diploma-full-time-1525ttdipl/,2026-09-08
1645CERT,Carpentry Framing and Forming Foundation,Certificate,Full-time,https://www.bcit.ca/programs/carpentry-framing-and-forming-foundation-certificate-full-time-1645cert/,true,true,false,false,false,false,true,false,UNKNOWN_NOT_PUBLISHED,UNKNOWN_NOT_PUBLISHED,UNKNOWN_NOT_PUBLISHED,ACCEPTED_AVAILABLE,UNKNOWN_NOT_PUBLISHED,bcit_international_program_list_positive_flag,https://www.bcit.ca/programs/carpentry-framing-and-forming-foundation-certificate-full-time-1645cert/,,,Refer to official program page,https://www.bcit.ca/programs/carpentry-framing-and-forming-foundation-certificate-full-time-1645cert/,2026-09-08
1685ACERT,Railway Conductor and Operations,Associate Certificate,Part-time,https://www.bcit.ca/programs/railway-conductor-and-operations-associate-certificate-part-time-1685acert/,false,false,false,false,false,false,true,false,UNKNOWN_NOT_PUBLISHED,UNKNOWN_NOT_PUBLISHED,UNKNOWN_NOT_PUBLISHED,UNKNOWN_NOT_PUBLISHED,UNKNOWN_NOT_PUBLISHED,no_explicit_governing_evidence,https://www.bcit.ca/programs/railway-conductor-and-operations-associate-certificate-part-time-1685acert/,,,Refer to official program page,https://www.bcit.ca/programs/railway-conductor-and-operations-associate-certificate-part-time-1685acert/,2026-09-08
1710CERTTS,Architectural and Structural CADD and Graphics Technician (Structural Option),Certificate,Full-time,https://www.bcit.ca/programs/architectural-and-structural-cadd-and-graphics-technician-structural-option-certificate-full-time-1710certts/,true,true,false,false,false,false,true,false,UNKNOWN_NOT_PUBLISHED,UNKNOWN_NOT_PUBLISHED,UNKNOWN_NOT_PUBLISHED,ACCEPTED_AVAILABLE,UNKNOWN_NOT_PUBLISHED,bcit_international_program_list_positive_flag,https://www.bcit.ca/programs/architectural-and-structural-cadd-and-graphics-technician-structural-option-certificate-full-time-1710certts/,,,Refer to official program page,https://www.bcit.ca/programs/architectural-and-structural-cadd-and-graphics-technician-structural-option-certificate-full-time-1710certts/,2026-09-08
1720CERTTS,Architectural and Structural CADD and Graphics Technician (Architectural Option),Certificate,Full-time,https://www.bcit.ca/programs/architectural-and-structural-cadd-and-graphics-technician-architectural-option-certificate-full-time-1720certts/,true,true,false,false,false,false,true,false,UNKNOWN_NOT_PUBLISHED,UNKNOWN_NOT_PUBLISHED,UNKNOWN_NOT_PUBLISHED,ACCEPTED_AVAILABLE,UNKNOWN_NOT_PUBLISHED,bcit_international_program_list_positive_flag,https://www.bcit.ca/programs/architectural-and-structural-cadd-and-graphics-technician-architectural-option-certificate-full-time-1720certts/,,,Refer to official program page,https://www.bcit.ca/programs/architectural-and-structural-cadd-and-graphics-technician-architectural-option-certificate-full-time-1720certts/,2026-09-08
1780CERT,Electrical Foundation,Certificate,Full-time,https://www.bcit.ca/programs/electrical-foundation-certificate-full-time-1780cert/,false,false,false,false,false,false,true,false,UNKNOWN_NOT_PUBLISHED,UNKNOWN_NOT_PUBLISHED,UNKNOWN_NOT_PUBLISHED,UNKNOWN_NOT_PUBLISHED,UNKNOWN_NOT_PUBLISHED,no_explicit_governing_evidence,https://www.bcit.ca/programs/electrical-foundation-certificate-full-time-1780cert/,,,Refer to official program page,https://www.bcit.ca/programs/electrical-foundation-certificate-full-time-1780cert/,2026-09-08
1790ACERT,Hydronic Technician,Associate Certificate,Part-time,https://www.bcit.ca/programs/hydronic-technician-associate-certificate-part-time-1790acert/,false,false,false,true,true,false,false,false,UNKNOWN_NOT_PUBLISHED,UNKNOWN_NOT_PUBLISHED,UNKNOWN_NOT_PUBLISHED,ACCEPTED_AVAILABLE,UNKNOWN_NOT_PUBLISHED,bcit_international_program_list_positive_flag,https://www.bcit.ca/programs/hydronic-technician-associate-certificate-part-time-1790acert/,,,Refer to official program page,https://www.bcit.ca/programs/hydronic-technician-associate-certificate-part-time-1790acert/,2026-09-08
1855DIPMA,Heavy Duty Truck Technology,Diploma,Full-time,https://www.bcit.ca/programs/heavy-duty-truck-technology-diploma-full-time-1855dipma/,true,true,false,false,false,false,true,false,UNKNOWN_NOT_PUBLISHED,UNKNOWN_NOT_PUBLISHED,UNKNOWN_NOT_PUBLISHED,ACCEPTED_AVAILABLE,UNKNOWN_NOT_PUBLISHED,bcit_international_program_list_positive_flag,https://www.bcit.ca/programs/heavy-duty-truck-technology-diploma-full-time-1855dipma/,,,Refer to official program page,https://www.bcit.ca/programs/heavy-duty-truck-technology-diploma-full-time-1855dipma/,2026-09-08
1885ACERTS,Network Administrator Technician,Associate Certificate,Part-time,https://www.bcit.ca/programs/network-administrator-technician-associate-certificate-part-time-1885acerts/,false,false,false,false,false,false,true,false,UNKNOWN_NOT_PUBLISHED,UNKNOWN_NOT_PUBLISHED,UNKNOWN_NOT_PUBLISHED,UNKNOWN_NOT_PUBLISHED,UNKNOWN_NOT_PUBLISHED,no_explicit_governing_evidence,https://www.bcit.ca/programs/network-administrator-technician-associate-certificate-part-time-1885acerts/,,,Refer to official program page,https://www.bcit.ca/programs/network-administrator-technician-associate-certificate-part-time-1885acerts/,2026-09-08
1920CERT,Marine Mechanical Technician Foundation,Certificate,Full-time,https://www.bcit.ca/programs/marine-mechanical-technician-foundation-certificate-full-time-1920cert/,false,false,false,false,false,false,true,false,UNKNOWN_NOT_PUBLISHED,UNKNOWN_NOT_PUBLISHED,UNKNOWN_NOT_PUBLISHED,UNKNOWN_NOT_PUBLISHED,UNKNOWN_NOT_PUBLISHED,no_explicit_governing_evidence,https://www.bcit.ca/programs/marine-mechanical-technician-foundation-certificate-full-time-1920cert/,,,Refer to official program page,https://www.bcit.ca/programs/marine-mechanical-technician-foundation-certificate-full-time-1920cert/,2026-09-08
1930DIPMA,Computer Information Systems Administration,Diploma,Full-time,https://www.bcit.ca/programs/computer-information-systems-administration-diploma-full-time-1930dipma/,true,true,true,false,false,false,true,false,UNKNOWN_NOT_PUBLISHED,UNKNOWN_NOT_PUBLISHED,UNKNOWN_NOT_PUBLISHED,ACCEPTED_AVAILABLE,ELIGIBLE_TO_APPLY,bcit_international_program_list_positive_flag,https://www.bcit.ca/programs/computer-information-systems-administration-diploma-full-time-1930dipma/,,,Refer to official program page,https://www.bcit.ca/programs/computer-information-systems-administration-diploma-full-time-1930dipma/,2026-09-08
1940CERT,Heavy Mechanical Trades Foundation,Certificate,Full-time,https://www.bcit.ca/programs/heavy-mechanical-trades-foundation-certificate-full-time-1940cert/,true,true,true,false,false,false,true,false,UNKNOWN_NOT_PUBLISHED,UNKNOWN_NOT_PUBLISHED,UNKNOWN_NOT_PUBLISHED,ACCEPTED_AVAILABLE,ELIGIBLE_TO_APPLY,bcit_international_program_list_positive_flag,https://www.bcit.ca/programs/heavy-mechanical-trades-foundation-certificate-full-time-1940cert/,,,Refer to official program page,https://www.bcit.ca/programs/heavy-mechanical-trades-foundation-certificate-full-time-1940cert/,2026-09-08
2000TTCERT,Ironworker Foundation,Certificate,Full-time,https://www.bcit.ca/programs/ironworker-foundation-certificate-full-time-2000ttcert/,false,false,false,false,false,false,true,false,UNKNOWN_NOT_PUBLISHED,UNKNOWN_NOT_PUBLISHED,UNKNOWN_NOT_PUBLISHED,UNKNOWN_NOT_PUBLISHED,UNKNOWN_NOT_PUBLISHED,no_explicit_governing_evidence,https://www.bcit.ca/programs/ironworker-foundation-certificate-full-time-2000ttcert/,,,Refer to official program page,https://www.bcit.ca/programs/ironworker-foundation-certificate-full-time-2000ttcert/,2026-09-08
2020CERTTS,Chief Mate,Certificate,Part-time,https://www.bcit.ca/programs/chief-mate-certificate-part-time-2020certts/,false,false,false,false,false,false,false,false,UNKNOWN_NOT_PUBLISHED,UNKNOWN_NOT_PUBLISHED,UNKNOWN_NOT_PUBLISHED,UNKNOWN_NOT_PUBLISHED,UNKNOWN_NOT_PUBLISHED,no_explicit_governing_evidence,https://www.bcit.ca/programs/chief-mate-certificate-part-time-2020certts/,,,Refer to official program page,https://www.bcit.ca/programs/chief-mate-certificate-part-time-2020certts/,2026-09-08
2060CERT,Cabinetmaker (Joiner) Foundation,Certificate,Full-time,https://www.bcit.ca/programs/cabinetmaker-joiner-foundation-certificate-full-time-2060cert/,true,true,false,false,false,false,true,false,UNKNOWN_NOT_PUBLISHED,UNKNOWN_NOT_PUBLISHED,UNKNOWN_NOT_PUBLISHED,ACCEPTED_AVAILABLE,UNKNOWN_NOT_PUBLISHED,bcit_international_program_list_positive_flag,https://www.bcit.ca/programs/cabinetmaker-joiner-foundation-certificate-full-time-2060cert/,,,Refer to official program page,https://www.bcit.ca/programs/cabinetmaker-joiner-foundation-certificate-full-time-2060cert/,2026-09-08
2175TTCERT,Machinist Foundation,Certificate,Full-time,https://www.bcit.ca/programs/machinist-foundation-certificate-full-time-2175ttcert/,true,true,false,false,false,false,true,false,UNKNOWN_NOT_PUBLISHED,UNKNOWN_NOT_PUBLISHED,UNKNOWN_NOT_PUBLISHED,ACCEPTED_AVAILABLE,UNKNOWN_NOT_PUBLISHED,bcit_international_program_list_positive_flag,https://www.bcit.ca/programs/machinist-foundation-certificate-full-time-2175ttcert/,,,Refer to official program page,https://www.bcit.ca/programs/machinist-foundation-certificate-full-time-2175ttcert/,2026-09-08
2230CERT,Millwright Foundation,Certificate,Full-time,https://www.bcit.ca/programs/millwright-foundation-certificate-full-time-2230cert/,false,false,false,false,false,false,true,false,UNKNOWN_NOT_PUBLISHED,UNKNOWN_NOT_PUBLISHED,UNKNOWN_NOT_PUBLISHED,UNKNOWN_NOT_PUBLISHED,UNKNOWN_NOT_PUBLISHED,no_explicit_governing_evidence,https://www.bcit.ca/programs/millwright-foundation-certificate-full-time-2230cert/,,,Refer to official program page,https://www.bcit.ca/programs/millwright-foundation-certificate-full-time-2230cert/,2026-09-08
2365CERT,Motorcycle Technician Foundation,Certificate,Full-time,https://www.bcit.ca/programs/motorcycle-technician-foundation-certificate-full-time-2365cert/,false,false,false,false,false,false,true,false,UNKNOWN_NOT_PUBLISHED,UNKNOWN_NOT_PUBLISHED,UNKNOWN_NOT_PUBLISHED,UNKNOWN_NOT_PUBLISHED,UNKNOWN_NOT_PUBLISHED,no_explicit_governing_evidence,https://www.bcit.ca/programs/motorcycle-technician-foundation-certificate-full-time-2365cert/,,,Refer to official program page,https://www.bcit.ca/programs/motorcycle-technician-foundation-certificate-full-time-2365cert/,2026-09-08
2410TTCERT,Power Engineering (General Program),Certificate,Full-time,https://www.bcit.ca/programs/power-engineering-general-program-certificate-full-time-2410ttcert/,true,true,true,false,false,false,true,false,UNKNOWN_NOT_PUBLISHED,UNKNOWN_NOT_PUBLISHED,UNKNOWN_NOT_PUBLISHED,ACCEPTED_AVAILABLE,ELIGIBLE_TO_APPLY,bcit_international_program_list_positive_flag,https://www.bcit.ca/programs/power-engineering-general-program-certificate-full-time-2410ttcert/,,,Refer to official program page,https://www.bcit.ca/programs/power-engineering-general-program-certificate-full-time-2410ttcert/,2026-09-08
2425CERT,Refrigeration and Air Conditioning Mechanic Foundation,Certificate,Full-time,https://www.bcit.ca/programs/refrigeration-and-air-conditioning-mechanic-foundation-certificate-full-time-2425cert/,true,true,false,false,false,false,true,false,UNKNOWN_NOT_PUBLISHED,UNKNOWN_NOT_PUBLISHED,UNKNOWN_NOT_PUBLISHED,ACCEPTED_AVAILABLE,UNKNOWN_NOT_PUBLISHED,bcit_international_program_list_positive_flag,https://www.bcit.ca/programs/refrigeration-and-air-conditioning-mechanic-foundation-certificate-full-time-2425cert/,,,Refer to official program page,https://www.bcit.ca/programs/refrigeration-and-air-conditioning-mechanic-foundation-certificate-full-time-2425cert/,2026-09-08
2430DIPMA,Power and Process Engineering,Diploma,Full-time,https://www.bcit.ca/programs/power-and-process-engineering-diploma-full-time-2430dipma/,true,true,true,false,false,false,true,false,UNKNOWN_NOT_PUBLISHED,UNKNOWN_NOT_PUBLISHED,UNKNOWN_NOT_PUBLISHED,ACCEPTED_AVAILABLE,ELIGIBLE_TO_APPLY,bcit_international_program_list_positive_flag,https://www.bcit.ca/programs/power-and-process-engineering-diploma-full-time-2430dipma/,,,Refer to official program page,https://www.bcit.ca/programs/power-and-process-engineering-diploma-full-time-2430dipma/,2026-09-08
2440CERT,Piping Foundation,Certificate,Full-time,https://www.bcit.ca/programs/piping-foundation-certificate-full-time-2440cert/,true,true,false,false,false,false,true,false,UNKNOWN_NOT_PUBLISHED,UNKNOWN_NOT_PUBLISHED,UNKNOWN_NOT_PUBLISHED,ACCEPTED_AVAILABLE,UNKNOWN_NOT_PUBLISHED,bcit_international_program_list_positive_flag,https://www.bcit.ca/programs/piping-foundation-certificate-full-time-2440cert/,,,Refer to official program page,https://www.bcit.ca/programs/piping-foundation-certificate-full-time-2440cert/,2026-09-08
2505ACERTS,Master 150GT Domestic,Associate Certificate,Part-time,https://www.bcit.ca/programs/master-150gt-domestic-associate-certificate-part-time-2505acerts/,false,false,false,false,false,false,false,false,UNKNOWN_NOT_PUBLISHED,UNKNOWN_NOT_PUBLISHED,UNKNOWN_NOT_PUBLISHED,UNKNOWN_NOT_PUBLISHED,UNKNOWN_NOT_PUBLISHED,no_explicit_governing_evidence,https://www.bcit.ca/programs/master-150gt-domestic-associate-certificate-part-time-2505acerts/,,,Refer to official program page,https://www.bcit.ca/programs/master-150gt-domestic-associate-certificate-part-time-2505acerts/,2026-09-08
2515ACERTS,Master 500GT Domestic,Associate Certificate,Part-time,https://www.bcit.ca/programs/master-500gt-domestic-associate-certificate-part-time-2515acerts/,false,false,false,false,false,false,false,false,UNKNOWN_NOT_PUBLISHED,UNKNOWN_NOT_PUBLISHED,UNKNOWN_NOT_PUBLISHED,UNKNOWN_NOT_PUBLISHED,UNKNOWN_NOT_PUBLISHED,no_explicit_governing_evidence,https://www.bcit.ca/programs/master-500gt-domestic-associate-certificate-part-time-2515acerts/,,,Refer to official program page,https://www.bcit.ca/programs/master-500gt-domestic-associate-certificate-part-time-2515acerts/,2026-09-08
2522CERTTS,Master 3000GT Domestic,Certificate,Part-time,https://www.bcit.ca/programs/master-3000gt-domestic-certificate-part-time-2522certts/,false,false,false,false,false,false,false,false,UNKNOWN_NOT_PUBLISHED,UNKNOWN_NOT_PUBLISHED,UNKNOWN_NOT_PUBLISHED,UNKNOWN_NOT_PUBLISHED,UNKNOWN_NOT_PUBLISHED,no_explicit_governing_evidence,https://www.bcit.ca/programs/master-3000gt-domestic-certificate-part-time-2522certts/,,,Refer to official program page,https://www.bcit.ca/programs/master-3000gt-domestic-certificate-part-time-2522certts/,2026-09-08
2536DIPMA,Nautical Sciences,Diploma,Full-time,https://www.bcit.ca/programs/nautical-sciences-diploma-full-time-2536dipma/,false,false,false,false,false,false,true,false,UNKNOWN_NOT_PUBLISHED,UNKNOWN_NOT_PUBLISHED,UNKNOWN_NOT_PUBLISHED,UNKNOWN_NOT_PUBLISHED,UNKNOWN_NOT_PUBLISHED,no_explicit_governing_evidence,https://www.bcit.ca/programs/nautical-sciences-diploma-full-time-2536dipma/,,,Refer to official program page,https://www.bcit.ca/programs/nautical-sciences-diploma-full-time-2536dipma/,2026-09-08
2542CERTTS,Watchkeeping Mate Near Coastal (WKMNC),Certificate,Part-time,https://www.bcit.ca/programs/watchkeeping-mate-near-coastal-wkmnc-certificate-part-time-2542certts/,false,false,false,false,false,false,false,false,UNKNOWN_NOT_PUBLISHED,UNKNOWN_NOT_PUBLISHED,UNKNOWN_NOT_PUBLISHED,UNKNOWN_NOT_PUBLISHED,UNKNOWN_NOT_PUBLISHED,no_explicit_governing_evidence,https://www.bcit.ca/programs/watchkeeping-mate-near-coastal-wkmnc-certificate-part-time-2542certts/,,,Refer to official program page,https://www.bcit.ca/programs/watchkeeping-mate-near-coastal-wkmnc-certificate-part-time-2542certts/,2026-09-08
2645CERT,Sheet Metal Worker Foundation,Certificate,Full-time,https://www.bcit.ca/programs/sheet-metal-worker-foundation-certificate-full-time-2645cert/,true,true,false,false,false,false,true,false,UNKNOWN_NOT_PUBLISHED,UNKNOWN_NOT_PUBLISHED,UNKNOWN_NOT_PUBLISHED,ACCEPTED_AVAILABLE,UNKNOWN_NOT_PUBLISHED,bcit_international_program_list_positive_flag,https://www.bcit.ca/programs/sheet-metal-worker-foundation-certificate-full-time-2645cert/,,,Refer to official program page,https://www.bcit.ca/programs/sheet-metal-worker-foundation-certificate-full-time-2645cert/,2026-09-08
2825CERT,Metal Fabricator Foundation,Certificate,Full-time,https://www.bcit.ca/programs/metal-fabricator-foundation-certificate-full-time-2825cert/,true,true,false,false,false,false,true,false,UNKNOWN_NOT_PUBLISHED,UNKNOWN_NOT_PUBLISHED,UNKNOWN_NOT_PUBLISHED,ACCEPTED_AVAILABLE,UNKNOWN_NOT_PUBLISHED,bcit_international_program_list_positive_flag,https://www.bcit.ca/programs/metal-fabricator-foundation-certificate-full-time-2825cert/,,,Refer to official program page,https://www.bcit.ca/programs/metal-fabricator-foundation-certificate-full-time-2825cert/,2026-09-08
2847CERT,Welder Foundation,Certificate,Full-time,https://www.bcit.ca/programs/welder-foundation-certificate-full-time-2847cert/,false,false,false,false,false,false,true,false,UNKNOWN_NOT_PUBLISHED,UNKNOWN_NOT_PUBLISHED,UNKNOWN_NOT_PUBLISHED,UNKNOWN_NOT_PUBLISHED,UNKNOWN_NOT_PUBLISHED,no_explicit_governing_evidence,https://www.bcit.ca/programs/welder-foundation-certificate-full-time-2847cert/,,,Refer to official program page,https://www.bcit.ca/programs/welder-foundation-certificate-full-time-2847cert/,2026-09-08
2860TTCERT,"Welding, Level B",Certificate,Full-time,https://www.bcit.ca/programs/welding-level-b-certificate-full-time-2860ttcert/,false,false,false,false,false,false,false,false,UNKNOWN_NOT_PUBLISHED,UNKNOWN_NOT_PUBLISHED,UNKNOWN_NOT_PUBLISHED,UNKNOWN_NOT_PUBLISHED,UNKNOWN_NOT_PUBLISHED,no_explicit_governing_evidence,https://www.bcit.ca/programs/welding-level-b-certificate-full-time-2860ttcert/,,,Refer to official program page,https://www.bcit.ca/programs/welding-level-b-certificate-full-time-2860ttcert/,2026-09-08
2870TTCERT,"Welding, Level A",Certificate,Full-time,https://www.bcit.ca/programs/welding-level-a-certificate-full-time-2870ttcert/,false,false,false,false,false,false,false,false,UNKNOWN_NOT_PUBLISHED,UNKNOWN_NOT_PUBLISHED,UNKNOWN_NOT_PUBLISHED,UNKNOWN_NOT_PUBLISHED,UNKNOWN_NOT_PUBLISHED,no_explicit_governing_evidence,https://www.bcit.ca/programs/welding-level-a-certificate-full-time-2870ttcert/,,,Refer to official program page,https://www.bcit.ca/programs/welding-level-a-certificate-full-time-2870ttcert/,2026-09-08
2885ADVDIP,Marine Engineering,Advanced Diploma,Full-time,https://www.bcit.ca/programs/marine-engineering-advanced-diploma-full-time-2885advdip/,false,false,false,false,false,false,true,false,UNKNOWN_NOT_PUBLISHED,UNKNOWN_NOT_PUBLISHED,UNKNOWN_NOT_PUBLISHED,UNKNOWN_NOT_PUBLISHED,UNKNOWN_NOT_PUBLISHED,no_explicit_governing_evidence,https://www.bcit.ca/programs/marine-engineering-advanced-diploma-full-time-2885advdip/,,,Refer to official program page,https://www.bcit.ca/programs/marine-engineering-advanced-diploma-full-time-2885advdip/,2026-09-08
2915CERT,Security Systems Technician,Certificate,Full-time,https://www.bcit.ca/programs/security-systems-technician-certificate-full-time-2915cert/,true,true,false,false,false,false,true,false,UNKNOWN_NOT_PUBLISHED,UNKNOWN_NOT_PUBLISHED,UNKNOWN_NOT_PUBLISHED,ACCEPTED_AVAILABLE,UNKNOWN_NOT_PUBLISHED,bcit_international_program_list_positive_flag,https://www.bcit.ca/programs/security-systems-technician-certificate-full-time-2915cert/,,,Refer to official program page,https://www.bcit.ca/programs/security-systems-technician-certificate-full-time-2915cert/,2026-09-08
2933ACERT,Bridge Watch Rating,Associate Certificate,Full-time,https://www.bcit.ca/programs/bridge-watch-rating-associate-certificate-full-time-2933acert/,false,false,false,false,false,false,true,false,UNKNOWN_NOT_PUBLISHED,UNKNOWN_NOT_PUBLISHED,UNKNOWN_NOT_PUBLISHED,UNKNOWN_NOT_PUBLISHED,UNKNOWN_NOT_PUBLISHED,no_explicit_governing_evidence,https://www.bcit.ca/programs/bridge-watch-rating-associate-certificate-full-time-2933acert/,,,Refer to official program page,https://www.bcit.ca/programs/bridge-watch-rating-associate-certificate-full-time-2933acert/,2026-09-08
2942DIPMA,Marine Engineering,Diploma,Full-time,https://www.bcit.ca/programs/marine-engineering-diploma-full-time-2942dipma/,false,false,false,false,false,false,true,false,UNKNOWN_NOT_PUBLISHED,UNKNOWN_NOT_PUBLISHED,UNKNOWN_NOT_PUBLISHED,UNKNOWN_NOT_PUBLISHED,UNKNOWN_NOT_PUBLISHED,no_explicit_governing_evidence,https://www.bcit.ca/programs/marine-engineering-diploma-full-time-2942dipma/,,,Refer to official program page,https://www.bcit.ca/programs/marine-engineering-diploma-full-time-2942dipma/,2026-09-08
2945DIPMA,Industrial Instrumentation and Process Control Technician,Diploma,Full-time,https://www.bcit.ca/programs/industrial-instrumentation-and-process-control-technician-diploma-full-time-2945dipma/,true,true,true,false,false,false,true,false,UNKNOWN_NOT_PUBLISHED,UNKNOWN_NOT_PUBLISHED,UNKNOWN_NOT_PUBLISHED,ACCEPTED_AVAILABLE,ELIGIBLE_TO_APPLY,bcit_international_program_list_positive_flag,https://www.bcit.ca/programs/industrial-instrumentation-and-process-control-technician-diploma-full-time-2945dipma/,,,Refer to official program page,https://www.bcit.ca/programs/industrial-instrumentation-and-process-control-technician-diploma-full-time-2945dipma/,2026-09-08
2958CERT,"Heating, Ventilation, Air Conditioning and Refrigeration Technician",Certificate,Full-time,https://www.bcit.ca/programs/heating-ventilation-air-conditioning-and-refrigeration-technician-certificate-full-time-2958cert/,false,false,false,false,false,false,true,false,UNKNOWN_NOT_PUBLISHED,UNKNOWN_NOT_PUBLISHED,UNKNOWN_NOT_PUBLISHED,UNKNOWN_NOT_PUBLISHED,UNKNOWN_NOT_PUBLISHED,no_explicit_governing_evidence,https://www.bcit.ca/programs/heating-ventilation-air-conditioning-and-refrigeration-technician-certificate-full-time-2958cert/,,,Refer to official program page,https://www.bcit.ca/programs/heating-ventilation-air-conditioning-and-refrigeration-technician-certificate-full-time-2958cert/,2026-09-08
2992DIPMA,"Heating, Ventilation, Air Conditioning and Refrigeration Technician",Diploma,Full-time,https://www.bcit.ca/programs/heating-ventilation-air-conditioning-and-refrigeration-technician-diploma-full-time-2992dipma/,false,false,false,false,false,false,true,false,UNKNOWN_NOT_PUBLISHED,UNKNOWN_NOT_PUBLISHED,UNKNOWN_NOT_PUBLISHED,UNKNOWN_NOT_PUBLISHED,UNKNOWN_NOT_PUBLISHED,no_explicit_governing_evidence,https://www.bcit.ca/programs/heating-ventilation-air-conditioning-and-refrigeration-technician-diploma-full-time-2992dipma/,,,Refer to official program page,https://www.bcit.ca/programs/heating-ventilation-air-conditioning-and-refrigeration-technician-diploma-full-time-2992dipma/,2026-09-08
5063DIPMA,Biomedical Engineering Technology,Diploma,Full-time,https://www.bcit.ca/programs/biomedical-engineering-technology-diploma-full-time-5063dipma/,true,true,true,false,false,false,true,false,UNKNOWN_NOT_PUBLISHED,UNKNOWN_NOT_PUBLISHED,UNKNOWN_NOT_PUBLISHED,ACCEPTED_AVAILABLE,ELIGIBLE_TO_APPLY,bcit_international_program_list_positive_flag,https://www.bcit.ca/programs/biomedical-engineering-technology-diploma-full-time-5063dipma/,,,Refer to official program page,https://www.bcit.ca/programs/biomedical-engineering-technology-diploma-full-time-5063dipma/,2026-09-08
5077CERT,Event Marketing and Management Strategy,Certificate,Part-time,https://www.bcit.ca/programs/event-marketing-and-management-strategy-certificate-part-time-5077cert/,false,false,false,true,true,false,true,false,UNKNOWN_NOT_PUBLISHED,UNKNOWN_NOT_PUBLISHED,UNKNOWN_NOT_PUBLISHED,ACCEPTED_AVAILABLE,UNKNOWN_NOT_PUBLISHED,bcit_international_program_list_positive_flag,https://www.bcit.ca/programs/event-marketing-and-management-strategy-certificate-part-time-5077cert/,,,Refer to official program page,https://www.bcit.ca/programs/event-marketing-and-management-strategy-certificate-part-time-5077cert/,2026-09-08
5085ACERT,Project Management,Associate Certificate,Part-time,https://www.bcit.ca/programs/project-management-associate-certificate-part-time-5085acert/,false,false,false,true,true,false,true,false,UNKNOWN_NOT_PUBLISHED,UNKNOWN_NOT_PUBLISHED,UNKNOWN_NOT_PUBLISHED,ACCEPTED_AVAILABLE,UNKNOWN_NOT_PUBLISHED,bcit_international_program_list_positive_flag,https://www.bcit.ca/programs/project-management-associate-certificate-part-time-5085acert/,,,Refer to official program page,https://www.bcit.ca/programs/project-management-associate-certificate-part-time-5085acert/,2026-09-08
5105DIPMA,Digital Communications and Wireless Technologies,Diploma,Full-time,https://www.bcit.ca/programs/digital-communications-and-wireless-technologies-diploma-full-time-5105dipma/,true,true,true,false,false,false,true,false,UNKNOWN_NOT_PUBLISHED,UNKNOWN_NOT_PUBLISHED,UNKNOWN_NOT_PUBLISHED,ACCEPTED_AVAILABLE,ELIGIBLE_TO_APPLY,bcit_international_program_list_positive_flag,https://www.bcit.ca/programs/digital-communications-and-wireless-technologies-diploma-full-time-5105dipma/,,,Refer to official program page,https://www.bcit.ca/programs/digital-communications-and-wireless-technologies-diploma-full-time-5105dipma/,2026-09-08
5115ACERT,Music Business,Associate Certificate,Part-time,https://www.bcit.ca/programs/music-business-associate-certificate-part-time-5115acert/,false,false,false,true,true,false,true,false,UNKNOWN_NOT_PUBLISHED,UNKNOWN_NOT_PUBLISHED,UNKNOWN_NOT_PUBLISHED,ACCEPTED_AVAILABLE,UNKNOWN_NOT_PUBLISHED,bcit_international_program_list_positive_flag,https://www.bcit.ca/programs/music-business-associate-certificate-part-time-5115acert/,,,Refer to official program page,https://www.bcit.ca/programs/music-business-associate-certificate-part-time-5115acert/,2026-09-08
5125ACERT,Business of Sawmilling,Associate Certificate,Part-time,https://www.bcit.ca/programs/business-of-sawmilling-associate-certificate-part-time-5125acert/,false,false,false,false,false,false,false,false,UNKNOWN_NOT_PUBLISHED,UNKNOWN_NOT_PUBLISHED,UNKNOWN_NOT_PUBLISHED,UNKNOWN_NOT_PUBLISHED,UNKNOWN_NOT_PUBLISHED,no_explicit_governing_evidence,https://www.bcit.ca/programs/business-of-sawmilling-associate-certificate-part-time-5125acert/,,,Refer to official program page,https://www.bcit.ca/programs/business-of-sawmilling-associate-certificate-part-time-5125acert/,2026-09-08
5140ACERT,Business Administration,Associate Certificate,Part-time,https://www.bcit.ca/programs/business-administration-associate-certificate-part-time-5140acert/,false,false,false,true,true,false,true,false,UNKNOWN_NOT_PUBLISHED,UNKNOWN_NOT_PUBLISHED,UNKNOWN_NOT_PUBLISHED,ACCEPTED_AVAILABLE,UNKNOWN_NOT_PUBLISHED,bcit_international_program_list_positive_flag,https://www.bcit.ca/programs/business-administration-associate-certificate-part-time-5140acert/,,,Refer to official program page,https://www.bcit.ca/programs/business-administration-associate-certificate-part-time-5140acert/,2026-09-08
5145ADCERT,Sustainable Business,Advanced Certificate,Part-time,https://www.bcit.ca/programs/sustainable-business-advanced-certificate-part-time-5145adcert/,false,false,false,false,false,false,true,true,UNKNOWN_NOT_PUBLISHED,UNKNOWN_NOT_PUBLISHED,UNKNOWN_NOT_PUBLISHED,UNKNOWN_NOT_PUBLISHED,UNKNOWN_NOT_PUBLISHED,no_explicit_governing_evidence,https://www.bcit.ca/programs/sustainable-business-advanced-certificate-part-time-5145adcert/,,,Refer to official program page,https://www.bcit.ca/programs/sustainable-business-advanced-certificate-part-time-5145adcert/,2026-09-08
5155DIPMA,"Food Processing, Safety, and Quality",Diploma,Full-time,https://www.bcit.ca/programs/food-processing-safety-and-quality-diploma-full-time-5155dipma/,true,true,true,false,false,false,true,false,UNKNOWN_NOT_PUBLISHED,UNKNOWN_NOT_PUBLISHED,UNKNOWN_NOT_PUBLISHED,ACCEPTED_AVAILABLE,ELIGIBLE_TO_APPLY,bcit_international_program_list_positive_flag,https://www.bcit.ca/programs/food-processing-safety-and-quality-diploma-full-time-5155dipma/,,,Refer to official program page,https://www.bcit.ca/programs/food-processing-safety-and-quality-diploma-full-time-5155dipma/,2026-09-08
515GACERT,Building Construction Technology,Associate Certificate,Part-time,https://www.bcit.ca/programs/building-construction-technology-associate-certificate-part-time-515gacert/,false,false,false,false,false,false,true,false,UNKNOWN_NOT_PUBLISHED,UNKNOWN_NOT_PUBLISHED,UNKNOWN_NOT_PUBLISHED,UNKNOWN_NOT_PUBLISHED,UNKNOWN_NOT_PUBLISHED,no_explicit_governing_evidence,https://www.bcit.ca/programs/building-construction-technology-associate-certificate-part-time-515gacert/,,,Refer to official program page,https://www.bcit.ca/programs/building-construction-technology-associate-certificate-part-time-515gacert/,2026-09-08
515HACERT,Building Design and Architectural CAD,Associate Certificate,Part-time,https://www.bcit.ca/programs/building-design-and-architectural-cad-associate-certificate-part-time-515hacert/,false,false,false,false,false,false,true,false,UNKNOWN_NOT_PUBLISHED,UNKNOWN_NOT_PUBLISHED,UNKNOWN_NOT_PUBLISHED,UNKNOWN_NOT_PUBLISHED,UNKNOWN_NOT_PUBLISHED,no_explicit_governing_evidence,https://www.bcit.ca/programs/building-design-and-architectural-cad-associate-certificate-part-time-515hacert/,,,Refer to official program page,https://www.bcit.ca/programs/building-design-and-architectural-cad-associate-certificate-part-time-515hacert/,2026-09-08
5160ACERT,Industrial Wood Processing,Associate Certificate,Part-time,https://www.bcit.ca/programs/industrial-wood-processing-associate-certificate-part-time-5160acert/,false,false,false,false,false,false,false,false,UNKNOWN_NOT_PUBLISHED,UNKNOWN_NOT_PUBLISHED,UNKNOWN_NOT_PUBLISHED,UNKNOWN_NOT_PUBLISHED,UNKNOWN_NOT_PUBLISHED,no_explicit_governing_evidence,https://www.bcit.ca/programs/industrial-wood-processing-associate-certificate-part-time-5160acert/,,,Refer to official program page,https://www.bcit.ca/programs/industrial-wood-processing-associate-certificate-part-time-5160acert/,2026-09-08
5165ADCERT,Digital Health,Advanced Certificate,Part-time,https://www.bcit.ca/programs/digital-health-advanced-certificate-part-time-5165adcert/,false,false,false,true,true,false,true,true,UNKNOWN_NOT_PUBLISHED,UNKNOWN_NOT_PUBLISHED,UNKNOWN_NOT_PUBLISHED,ACCEPTED_AVAILABLE,UNKNOWN_NOT_PUBLISHED,bcit_international_program_list_positive_flag,https://www.bcit.ca/programs/digital-health-advanced-certificate-part-time-5165adcert/,,,Refer to official program page,https://www.bcit.ca/programs/digital-health-advanced-certificate-part-time-5165adcert/,2026-09-08
5170ACERT,Healthcare Unit Clerk,Associate Certificate,Part-time,https://www.bcit.ca/programs/healthcare-unit-clerk-associate-certificate-part-time-5170acert/,false,false,false,true,true,false,true,false,UNKNOWN_NOT_PUBLISHED,UNKNOWN_NOT_PUBLISHED,UNKNOWN_NOT_PUBLISHED,ACCEPTED_AVAILABLE,UNKNOWN_NOT_PUBLISHED,bcit_international_program_list_positive_flag,https://www.bcit.ca/programs/healthcare-unit-clerk-associate-certificate-part-time-5170acert/,,,Refer to official program page,https://www.bcit.ca/programs/healthcare-unit-clerk-associate-certificate-part-time-5170acert/,2026-09-08
5175ACERT,Polytechnic Teaching,Associate Certificate,Part-time,https://www.bcit.ca/programs/polytechnic-teaching-associate-certificate-part-time-5175acert/,false,false,false,true,true,false,true,false,UNKNOWN_NOT_PUBLISHED,UNKNOWN_NOT_PUBLISHED,UNKNOWN_NOT_PUBLISHED,ACCEPTED_AVAILABLE,UNKNOWN_NOT_PUBLISHED,bcit_international_program_list_positive_flag,https://www.bcit.ca/programs/polytechnic-teaching-associate-certificate-part-time-5175acert/,,,Refer to official program page,https://www.bcit.ca/programs/polytechnic-teaching-associate-certificate-part-time-5175acert/,2026-09-08
5180ADVDIP,Sustainable Business Leadership,Advanced Diploma,Full-time,https://www.bcit.ca/programs/sustainable-business-leadership-advanced-diploma-full-time-5180advdip/,true,true,true,false,false,false,true,true,UNKNOWN_NOT_PUBLISHED,UNKNOWN_NOT_PUBLISHED,UNKNOWN_NOT_PUBLISHED,ACCEPTED_AVAILABLE,ELIGIBLE_TO_APPLY,bcit_international_program_list_positive_flag,https://www.bcit.ca/programs/sustainable-business-leadership-advanced-diploma-full-time-5180advdip/,,,Refer to official program page,https://www.bcit.ca/programs/sustainable-business-leadership-advanced-diploma-full-time-5180advdip/,2026-09-08
5180PADVDIP,Sustainable Business Leadership,Advanced Diploma,Part-time,https://www.bcit.ca/programs/sustainable-business-leadership-advanced-diploma-part-time-5180padvdip/,false,false,false,true,false,false,false,false,UNKNOWN_NOT_PUBLISHED,UNKNOWN_NOT_PUBLISHED,UNKNOWN_NOT_PUBLISHED,UNKNOWN_NOT_PUBLISHED,UNKNOWN_NOT_PUBLISHED,no_explicit_governing_evidence,https://www.bcit.ca/programs/sustainable-business-leadership-advanced-diploma-part-time-5180padvdip/,,,Refer to official program page,https://www.bcit.ca/programs/sustainable-business-leadership-advanced-diploma-part-time-5180padvdip/,2026-09-08
5205ACERT,Business Analysis,Associate Certificate,Part-time,https://www.bcit.ca/programs/business-analysis-associate-certificate-part-time-5205acert/,false,false,false,false,false,false,true,false,UNKNOWN_NOT_PUBLISHED,UNKNOWN_NOT_PUBLISHED,UNKNOWN_NOT_PUBLISHED,UNKNOWN_NOT_PUBLISHED,UNKNOWN_NOT_PUBLISHED,no_explicit_governing_evidence,https://www.bcit.ca/programs/business-analysis-associate-certificate-part-time-5205acert/,,,Refer to official program page,https://www.bcit.ca/programs/business-analysis-associate-certificate-part-time-5205acert/,2026-09-08
5225ACERT,Construction of Mass Timber Structures,Associate Certificate,Part-time,https://www.bcit.ca/programs/construction-of-mass-timber-structures-associate-certificate-part-time-5225acert/,false,false,false,false,false,false,false,false,UNKNOWN_NOT_PUBLISHED,UNKNOWN_NOT_PUBLISHED,UNKNOWN_NOT_PUBLISHED,UNKNOWN_NOT_PUBLISHED,UNKNOWN_NOT_PUBLISHED,no_explicit_governing_evidence,https://www.bcit.ca/programs/construction-of-mass-timber-structures-associate-certificate-part-time-5225acert/,,,Refer to official program page,https://www.bcit.ca/programs/construction-of-mass-timber-structures-associate-certificate-part-time-5225acert/,2026-09-08
5235ADCERT,Building Energy Modelling and Performance Analysis,Advanced Certificate,Part-time,https://www.bcit.ca/programs/building-energy-modelling-and-performance-analysis-advanced-certificate-part-time-5235adcert/,false,false,false,true,true,false,true,true,UNKNOWN_NOT_PUBLISHED,UNKNOWN_NOT_PUBLISHED,UNKNOWN_NOT_PUBLISHED,ACCEPTED_AVAILABLE,UNKNOWN_NOT_PUBLISHED,bcit_international_program_list_positive_flag,https://www.bcit.ca/programs/building-energy-modelling-and-performance-analysis-advanced-certificate-part-time-5235adcert/,,,Refer to official program page,https://www.bcit.ca/programs/building-energy-modelling-and-performance-analysis-advanced-certificate-part-time-5235adcert/,2026-09-08
5240ADVDIP,Technical Arts,Advanced Diploma,Full-time,https://www.bcit.ca/programs/technical-arts-advanced-diploma-full-time-5240advdip/,true,true,true,false,false,false,true,false,UNKNOWN_NOT_PUBLISHED,UNKNOWN_NOT_PUBLISHED,UNKNOWN_NOT_PUBLISHED,ACCEPTED_AVAILABLE,ELIGIBLE_TO_APPLY,bcit_international_program_list_positive_flag,https://www.bcit.ca/programs/technical-arts-advanced-diploma-full-time-5240advdip/,,,Refer to official program page,https://www.bcit.ca/programs/technical-arts-advanced-diploma-full-time-5240advdip/,2026-09-08
5245ACERT,Artificial Intelligence Management,Associate Certificate,Part-time,https://www.bcit.ca/programs/artificial-intelligence-management-associate-certificate-part-time-5245acert/,false,false,false,false,false,false,true,false,UNKNOWN_NOT_PUBLISHED,UNKNOWN_NOT_PUBLISHED,UNKNOWN_NOT_PUBLISHED,UNKNOWN_NOT_PUBLISHED,UNKNOWN_NOT_PUBLISHED,no_explicit_governing_evidence,https://www.bcit.ca/programs/artificial-intelligence-management-associate-certificate-part-time-5245acert/,,,Refer to official program page,https://www.bcit.ca/programs/artificial-intelligence-management-associate-certificate-part-time-5245acert/,2026-09-08
5265DIPMA,Industrial Network Cybersecurity,Diploma,Full-time,https://www.bcit.ca/programs/industrial-network-cybersecurity-diploma-full-time-5265dipma/,true,true,true,false,false,false,true,false,UNKNOWN_NOT_PUBLISHED,UNKNOWN_NOT_PUBLISHED,UNKNOWN_NOT_PUBLISHED,ACCEPTED_AVAILABLE,ELIGIBLE_TO_APPLY,bcit_international_program_list_positive_flag,https://www.bcit.ca/programs/industrial-network-cybersecurity-diploma-full-time-5265dipma/,,,Refer to official program page,https://www.bcit.ca/programs/industrial-network-cybersecurity-diploma-full-time-5265dipma/,2026-09-08
5275ACERT,Business Intelligence,Associate Certificate,Part-time,https://www.bcit.ca/programs/business-intelligence-associate-certificate-part-time-5275acert/,false,false,false,false,false,false,true,false,UNKNOWN_NOT_PUBLISHED,UNKNOWN_NOT_PUBLISHED,UNKNOWN_NOT_PUBLISHED,UNKNOWN_NOT_PUBLISHED,UNKNOWN_NOT_PUBLISHED,no_explicit_governing_evidence,https://www.bcit.ca/programs/business-intelligence-associate-certificate-part-time-5275acert/,,,Refer to official program page,https://www.bcit.ca/programs/business-intelligence-associate-certificate-part-time-5275acert/,2026-09-08
528AADCERT,Forensic Investigation (Crime and Intelligence Analysis Option),Advanced Certificate,Part-time,https://www.bcit.ca/programs/forensic-investigation-crime-and-intelligence-analysis-option-advanced-certificate-part-time-528aadcert/,false,false,false,true,true,false,true,true,UNKNOWN_NOT_PUBLISHED,UNKNOWN_NOT_PUBLISHED,UNKNOWN_NOT_PUBLISHED,ACCEPTED_AVAILABLE,UNKNOWN_NOT_PUBLISHED,bcit_international_program_list_positive_flag,https://www.bcit.ca/programs/forensic-investigation-crime-and-intelligence-analysis-option-advanced-certificate-part-time-528aadcert/,,,Refer to official program page,https://www.bcit.ca/programs/forensic-investigation-crime-and-intelligence-analysis-option-advanced-certificate-part-time-528aadcert/,2026-09-08
528BADCERT,Forensic Investigation (Forensic Science Option),Advanced Certificate,Part-time,https://www.bcit.ca/programs/forensic-investigation-forensic-science-option-advanced-certificate-part-time-528badcert/,false,false,false,true,true,false,true,true,UNKNOWN_NOT_PUBLISHED,UNKNOWN_NOT_PUBLISHED,UNKNOWN_NOT_PUBLISHED,ACCEPTED_AVAILABLE,UNKNOWN_NOT_PUBLISHED,bcit_international_program_list_positive_flag,https://www.bcit.ca/programs/forensic-investigation-forensic-science-option-advanced-certificate-part-time-528badcert/,,,Refer to official program page,https://www.bcit.ca/programs/forensic-investigation-forensic-science-option-advanced-certificate-part-time-528badcert/,2026-09-08
528CADCERT,Forensic Investigation (Digital Forensics and Cybersecurity Option),Advanced Certificate,Part-time,https://www.bcit.ca/programs/forensic-investigation-digital-forensics-and-cybersecurity-option-advanced-certificate-part-time-528cadcert/,false,false,false,true,true,false,true,true,UNKNOWN_NOT_PUBLISHED,UNKNOWN_NOT_PUBLISHED,UNKNOWN_NOT_PUBLISHED,ACCEPTED_AVAILABLE,UNKNOWN_NOT_PUBLISHED,bcit_international_program_list_positive_flag,https://www.bcit.ca/programs/forensic-investigation-digital-forensics-and-cybersecurity-option-advanced-certificate-part-time-528cadcert/,,,Refer to official program page,https://www.bcit.ca/programs/forensic-investigation-digital-forensics-and-cybersecurity-option-advanced-certificate-part-time-528cadcert/,2026-09-08
5290ADVDIP,Professional Accounting,Advanced Diploma,Full-time/Part-time,https://www.bcit.ca/programs/professional-accounting-advanced-diploma-full-time-part-time-5290advdip/,true,true,false,true,true,false,true,true,UNKNOWN_NOT_PUBLISHED,UNKNOWN_NOT_PUBLISHED,UNKNOWN_NOT_PUBLISHED,ACCEPTED_AVAILABLE,UNKNOWN_NOT_PUBLISHED,bcit_international_program_list_positive_flag,https://www.bcit.ca/programs/professional-accounting-advanced-diploma-full-time-part-time-5290advdip/,,,Refer to official program page,https://www.bcit.ca/programs/professional-accounting-advanced-diploma-full-time-part-time-5290advdip/,2026-09-08
5295ACERT,Business Data Management,Associate Certificate,Part-time,https://www.bcit.ca/programs/business-data-management-associate-certificate-part-time-5295acert/,false,false,false,false,false,false,true,false,UNKNOWN_NOT_PUBLISHED,UNKNOWN_NOT_PUBLISHED,UNKNOWN_NOT_PUBLISHED,UNKNOWN_NOT_PUBLISHED,UNKNOWN_NOT_PUBLISHED,no_explicit_governing_evidence,https://www.bcit.ca/programs/business-data-management-associate-certificate-part-time-5295acert/,,,Refer to official program page,https://www.bcit.ca/programs/business-data-management-associate-certificate-part-time-5295acert/,2026-09-08
530ADIPLT,Cardiology Technology,Diploma,Part-time,https://www.bcit.ca/programs/cardiology-technology-diploma-part-time-530adiplt/,false,false,false,false,false,false,true,false,UNKNOWN_NOT_PUBLISHED,UNKNOWN_NOT_PUBLISHED,UNKNOWN_NOT_PUBLISHED,UNKNOWN_NOT_PUBLISHED,UNKNOWN_NOT_PUBLISHED,no_explicit_governing_evidence,https://www.bcit.ca/programs/cardiology-technology-diploma-part-time-530adiplt/,,,Refer to official program page,https://www.bcit.ca/programs/cardiology-technology-diploma-part-time-530adiplt/,2026-09-08
5310ADCERT,Cardiac Sciences (Cardiovascular Technology Option),Advanced Certificate,Part-time,https://www.bcit.ca/programs/cardiac-sciences-cardiovascular-technology-option-advanced-certificate-part-time-5310adcert/,false,false,false,false,false,false,true,false,UNKNOWN_NOT_PUBLISHED,UNKNOWN_NOT_PUBLISHED,UNKNOWN_NOT_PUBLISHED,UNKNOWN_NOT_PUBLISHED,UNKNOWN_NOT_PUBLISHED,no_explicit_governing_evidence,https://www.bcit.ca/programs/cardiac-sciences-cardiovascular-technology-option-advanced-certificate-part-time-5310adcert/,,,Refer to official program page,https://www.bcit.ca/programs/cardiac-sciences-cardiovascular-technology-option-advanced-certificate-part-time-5310adcert/,2026-09-08
5312ADVDIP,Business Management - Advanced Diploma,Advanced Diploma,Full-time/Part-time,https://www.bcit.ca/programs/business-management-advanced-diploma-advanced-diploma-full-time-part-time-5312advdip/,true,true,false,true,true,false,true,true,UNKNOWN_NOT_PUBLISHED,UNKNOWN_NOT_PUBLISHED,UNKNOWN_NOT_PUBLISHED,ACCEPTED_AVAILABLE,UNKNOWN_NOT_PUBLISHED,bcit_international_program_list_positive_flag,https://www.bcit.ca/programs/business-management-advanced-diploma-advanced-diploma-full-time-part-time-5312advdip/,,,Refer to official program page,https://www.bcit.ca/programs/business-management-advanced-diploma-advanced-diploma-full-time-part-time-5312advdip/,2026-09-08
5320ADCERT,Cardiac Sciences (Electrophysiology Technology Option),Advanced Certificate,Part-time,https://www.bcit.ca/programs/cardiac-sciences-electrophysiology-technology-option-advanced-certificate-part-time-5320adcert/,false,false,false,false,false,false,true,false,UNKNOWN_NOT_PUBLISHED,UNKNOWN_NOT_PUBLISHED,UNKNOWN_NOT_PUBLISHED,UNKNOWN_NOT_PUBLISHED,UNKNOWN_NOT_PUBLISHED,no_explicit_governing_evidence,https://www.bcit.ca/programs/cardiac-sciences-electrophysiology-technology-option-advanced-certificate-part-time-5320adcert/,,,Refer to official program page,https://www.bcit.ca/programs/cardiac-sciences-electrophysiology-technology-option-advanced-certificate-part-time-5320adcert/,2026-09-08
5325ACERT,Foundations in Occupational Health and Safety,Associate Certificate,Part-time,https://www.bcit.ca/programs/foundations-in-occupational-health-and-safety-associate-certificate-part-time-5325acert/,false,false,false,true,true,false,true,false,UNKNOWN_NOT_PUBLISHED,UNKNOWN_NOT_PUBLISHED,UNKNOWN_NOT_PUBLISHED,ACCEPTED_AVAILABLE,UNKNOWN_NOT_PUBLISHED,bcit_international_program_list_positive_flag,https://www.bcit.ca/programs/foundations-in-occupational-health-and-safety-associate-certificate-part-time-5325acert/,,,Refer to official program page,https://www.bcit.ca/programs/foundations-in-occupational-health-and-safety-associate-certificate-part-time-5325acert/,2026-09-08
5330ADCERT,Cardiac Sciences (Cardiac Rhythm Device Technology Option),Advanced Certificate,Part-time,https://www.bcit.ca/programs/cardiac-sciences-cardiac-rhythm-device-technology-option-advanced-certificate-part-time-5330adcert/,false,false,false,false,false,false,true,false,UNKNOWN_NOT_PUBLISHED,UNKNOWN_NOT_PUBLISHED,UNKNOWN_NOT_PUBLISHED,UNKNOWN_NOT_PUBLISHED,UNKNOWN_NOT_PUBLISHED,no_explicit_governing_evidence,https://www.bcit.ca/programs/cardiac-sciences-cardiac-rhythm-device-technology-option-advanced-certificate-part-time-5330adcert/,,,Refer to official program page,https://www.bcit.ca/programs/cardiac-sciences-cardiac-rhythm-device-technology-option-advanced-certificate-part-time-5330adcert/,2026-09-08
534ADIPMA,Electrical and Computer Engineering Technology (Automation and Instrumentation Option),Diploma,Full-time,https://www.bcit.ca/programs/electrical-and-computer-engineering-technology-automation-and-instrumentation-option-diploma-full-time-534adipma/,true,true,true,false,false,false,false,false,UNKNOWN_NOT_PUBLISHED,UNKNOWN_NOT_PUBLISHED,UNKNOWN_NOT_PUBLISHED,ACCEPTED_AVAILABLE,ELIGIBLE_TO_APPLY,bcit_international_program_list_positive_flag,https://www.bcit.ca/programs/electrical-and-computer-engineering-technology-automation-and-instrumentation-option-diploma-full-time-534adipma/,,,Refer to official program page,https://www.bcit.ca/programs/electrical-and-computer-engineering-technology-automation-and-instrumentation-option-diploma-full-time-534adipma/,2026-09-08
534BDIPMA,Electrical and Computer Engineering Technology (Electrical Power and Industrial Control Option),Diploma,Full-time,https://www.bcit.ca/programs/electrical-and-computer-engineering-technology-electrical-power-and-industrial-control-option-diploma-full-time-534bdipma/,true,true,true,false,false,false,false,false,UNKNOWN_NOT_PUBLISHED,UNKNOWN_NOT_PUBLISHED,UNKNOWN_NOT_PUBLISHED,ACCEPTED_AVAILABLE,ELIGIBLE_TO_APPLY,bcit_international_program_list_positive_flag,https://www.bcit.ca/programs/electrical-and-computer-engineering-technology-electrical-power-and-industrial-control-option-diploma-full-time-534bdipma/,,,Refer to official program page,https://www.bcit.ca/programs/electrical-and-computer-engineering-technology-electrical-power-and-industrial-control-option-diploma-full-time-534bdipma/,2026-09-08
534CDIPMA,Electrical and Computer Engineering Technology (Telecommunications and Networks Option),Diploma,Full-time,https://www.bcit.ca/programs/electrical-and-computer-engineering-technology-telecommunications-and-networks-option-diploma-full-time-534cdipma/,true,true,true,false,false,false,false,false,UNKNOWN_NOT_PUBLISHED,UNKNOWN_NOT_PUBLISHED,UNKNOWN_NOT_PUBLISHED,ACCEPTED_AVAILABLE,ELIGIBLE_TO_APPLY,bcit_international_program_list_positive_flag,https://www.bcit.ca/programs/electrical-and-computer-engineering-technology-telecommunications-and-networks-option-diploma-full-time-534cdipma/,,,Refer to official program page,https://www.bcit.ca/programs/electrical-and-computer-engineering-technology-telecommunications-and-networks-option-diploma-full-time-534cdipma/,2026-09-08
5365ACERT,Digital Media Foundations,Associate Certificate,Part-time,https://www.bcit.ca/programs/digital-media-foundations-associate-certificate-part-time-5365acert/,false,false,false,false,false,false,false,false,UNKNOWN_NOT_PUBLISHED,UNKNOWN_NOT_PUBLISHED,UNKNOWN_NOT_PUBLISHED,UNKNOWN_NOT_PUBLISHED,UNKNOWN_NOT_PUBLISHED,no_explicit_governing_evidence,https://www.bcit.ca/programs/digital-media-foundations-associate-certificate-part-time-5365acert/,,,Refer to official program page,https://www.bcit.ca/programs/digital-media-foundations-associate-certificate-part-time-5365acert/,2026-09-08
5375DIPMA,Chemical and Environmental Engineering Technology,Diploma,Full-time,https://www.bcit.ca/programs/chemical-and-environmental-engineering-technology-diploma-full-time-5375dipma/,true,true,false,false,false,false,true,false,UNKNOWN_NOT_PUBLISHED,UNKNOWN_NOT_PUBLISHED,UNKNOWN_NOT_PUBLISHED,ACCEPTED_AVAILABLE,UNKNOWN_NOT_PUBLISHED,bcit_international_program_list_positive_flag,https://www.bcit.ca/programs/chemical-and-environmental-engineering-technology-diploma-full-time-5375dipma/,,,Refer to official program page,https://www.bcit.ca/programs/chemical-and-environmental-engineering-technology-diploma-full-time-5375dipma/,2026-09-08
5410DIPLT,Civil Engineering Diploma,Diploma,Full-time,https://www.bcit.ca/programs/civil-engineering-diploma-full-time-5410diplt/#overview,true,true,true,false,false,false,false,false,UNKNOWN_NOT_PUBLISHED,UNKNOWN_NOT_PUBLISHED,UNKNOWN_NOT_PUBLISHED,ACCEPTED_AVAILABLE,ELIGIBLE_TO_APPLY,bcit_international_program_list_positive_flag,https://www.bcit.ca/programs/civil-engineering-diploma-full-time-5410diplt/,,,,,
5430ACERT,Civil Technology,Associate Certificate,Part-time,https://www.bcit.ca/programs/civil-technology-associate-certificate-part-time-5430acert/,false,false,false,true,false,false,true,true,UNKNOWN_NOT_PUBLISHED,UNKNOWN_NOT_PUBLISHED,UNKNOWN_NOT_PUBLISHED,UNKNOWN_NOT_PUBLISHED,UNKNOWN_NOT_PUBLISHED,no_explicit_governing_evidence,https://www.bcit.ca/programs/civil-technology-associate-certificate-part-time-5430acert/,,,Refer to official program page,https://www.bcit.ca/programs/civil-technology-associate-certificate-part-time-5430acert/,2026-09-08
5430CERT,Civil Technology,Certificate,Part-time,https://www.bcit.ca/programs/civil-technology-certificate-part-time-5430cert/,false,false,false,true,false,false,true,true,UNKNOWN_NOT_PUBLISHED,UNKNOWN_NOT_PUBLISHED,UNKNOWN_NOT_PUBLISHED,UNKNOWN_NOT_PUBLISHED,UNKNOWN_NOT_PUBLISHED,no_explicit_governing_evidence,https://www.bcit.ca/programs/civil-technology-certificate-part-time-5430cert/,,,Refer to official program page,https://www.bcit.ca/programs/civil-technology-certificate-part-time-5430cert/,2026-09-08
5440ADCERT,Geographic Information Systems,Advanced Certificate,Part-time,https://www.bcit.ca/programs/geographic-information-systems-advanced-certificate-part-time-5440adcert/,false,false,false,true,true,false,true,true,UNKNOWN_NOT_PUBLISHED,UNKNOWN_NOT_PUBLISHED,UNKNOWN_NOT_PUBLISHED,ACCEPTED_AVAILABLE,UNKNOWN_NOT_PUBLISHED,bcit_international_program_list_positive_flag,https://www.bcit.ca/programs/geographic-information-systems-advanced-certificate-part-time-5440adcert/,,,Refer to official program page,https://www.bcit.ca/programs/geographic-information-systems-advanced-certificate-part-time-5440adcert/,2026-09-08
5500CERT,Computer Systems,Certificate,Part-time,https://www.bcit.ca/programs/computer-systems-certificate-part-time-5500cert/,false,false,false,true,true,true,true,false,UNKNOWN_NOT_PUBLISHED,UNKNOWN_NOT_PUBLISHED,UNKNOWN_NOT_PUBLISHED,ACCEPTED_AVAILABLE,ELIGIBLE_TO_APPLY,bcit_international_program_list_positive_flag,https://www.bcit.ca/programs/computer-systems-certificate-part-time-5500cert/,,,Refer to official program page,https://www.bcit.ca/programs/computer-systems-certificate-part-time-5500cert/,2026-09-08
5500DIPMA,Computer Systems Technology,Diploma,Full-time,https://www.bcit.ca/programs/computer-systems-technology-diploma-full-time-5500dipma/,true,true,true,false,false,false,true,true,UNKNOWN_NOT_PUBLISHED,UNKNOWN_NOT_PUBLISHED,UNKNOWN_NOT_PUBLISHED,ACCEPTED_AVAILABLE,ELIGIBLE_TO_APPLY,bcit_international_program_list_positive_flag,https://www.bcit.ca/programs/computer-systems-technology-diploma-full-time-5500dipma/,,,Refer to official program page,https://www.bcit.ca/programs/computer-systems-technology-diploma-full-time-5500dipma/,2026-09-07
5500PDIPLT,Computer Systems,Diploma,Part-time,https://www.bcit.ca/programs/computer-systems-diploma-part-time-5500pdiplt/,false,false,false,true,true,true,false,false,UNKNOWN_NOT_PUBLISHED,UNKNOWN_NOT_PUBLISHED,UNKNOWN_NOT_PUBLISHED,ACCEPTED_AVAILABLE,ELIGIBLE_TO_APPLY,bcit_international_program_list_positive_flag,https://www.bcit.ca/programs/computer-systems-diploma-part-time-5500pdiplt/,,,Refer to official program page,https://www.bcit.ca/programs/computer-systems-diploma-part-time-5500pdiplt/,2026-09-07
5512CERT,Applied Data Analytics,Certificate,Part-time,https://www.bcit.ca/programs/applied-data-analytics-certificate-part-time-5512cert/,false,false,false,true,true,true,true,false,UNKNOWN_NOT_PUBLISHED,UNKNOWN_NOT_PUBLISHED,UNKNOWN_NOT_PUBLISHED,ACCEPTED_AVAILABLE,ELIGIBLE_TO_APPLY,bcit_international_program_list_positive_flag,https://www.bcit.ca/programs/applied-data-analytics-certificate-part-time-5512cert/,,,Refer to official program page,https://www.bcit.ca/programs/applied-data-analytics-certificate-part-time-5512cert/,2026-09-08
5515ACERT,Applied Network Administration and Design,Associate Certificate,Part-time,https://www.bcit.ca/programs/applied-network-administration-and-design-associate-certificate-part-time-5515acert/,false,false,false,false,false,false,false,false,UNKNOWN_NOT_PUBLISHED,UNKNOWN_NOT_PUBLISHED,UNKNOWN_NOT_PUBLISHED,UNKNOWN_NOT_PUBLISHED,UNKNOWN_NOT_PUBLISHED,no_explicit_governing_evidence,https://www.bcit.ca/programs/applied-network-administration-and-design-associate-certificate-part-time-5515acert/,,,Refer to official program page,https://www.bcit.ca/programs/applied-network-administration-and-design-associate-certificate-part-time-5515acert/,2026-09-08
5530ACERT,Agile Development,Associate Certificate,Part-time,https://www.bcit.ca/programs/agile-development-associate-certificate-part-time-5530acert/,false,false,false,false,false,false,true,false,UNKNOWN_NOT_PUBLISHED,UNKNOWN_NOT_PUBLISHED,UNKNOWN_NOT_PUBLISHED,UNKNOWN_NOT_PUBLISHED,UNKNOWN_NOT_PUBLISHED,no_explicit_governing_evidence,https://www.bcit.ca/programs/agile-development-associate-certificate-part-time-5530acert/,,,Refer to official program page,https://www.bcit.ca/programs/agile-development-associate-certificate-part-time-5530acert/,2026-09-08
5540DIPMA,Computer Information Technology,Diploma,Full-time,https://www.bcit.ca/programs/computer-information-technology-diploma-full-time-5540dipma/,true,true,true,false,false,false,true,false,UNKNOWN_NOT_PUBLISHED,UNKNOWN_NOT_PUBLISHED,UNKNOWN_NOT_PUBLISHED,ACCEPTED_AVAILABLE,ELIGIBLE_TO_APPLY,bcit_international_program_list_positive_flag,https://www.bcit.ca/programs/computer-information-technology-diploma-full-time-5540dipma/,,,Refer to official program page,https://www.bcit.ca/programs/computer-information-technology-diploma-full-time-5540dipma/,2026-09-08
5570ACERT,Computer Aided Design (CAD) Technology,Associate Certificate,Part-time,https://www.bcit.ca/programs/computer-aided-design-cad-technology-associate-certificate-part-time-5570acert/,false,false,false,false,false,false,true,false,UNKNOWN_NOT_PUBLISHED,UNKNOWN_NOT_PUBLISHED,UNKNOWN_NOT_PUBLISHED,UNKNOWN_NOT_PUBLISHED,UNKNOWN_NOT_PUBLISHED,no_explicit_governing_evidence,https://www.bcit.ca/programs/computer-aided-design-cad-technology-associate-certificate-part-time-5570acert/,,,Refer to official program page,https://www.bcit.ca/programs/computer-aided-design-cad-technology-associate-certificate-part-time-5570acert/,2026-09-08
5670ADVDIP,Clinical Genetics Technology,Advanced Diploma,Full-time,https://www.bcit.ca/programs/clinical-genetics-technology-advanced-diploma-full-time-5670advdip/,false,false,false,false,false,false,true,false,UNKNOWN_NOT_PUBLISHED,UNKNOWN_NOT_PUBLISHED,UNKNOWN_NOT_PUBLISHED,UNKNOWN_NOT_PUBLISHED,UNKNOWN_NOT_PUBLISHED,no_explicit_governing_evidence,https://www.bcit.ca/programs/clinical-genetics-technology-advanced-diploma-full-time-5670advdip/,,,Refer to official program page,https://www.bcit.ca/programs/clinical-genetics-technology-advanced-diploma-full-time-5670advdip/,2026-09-08
5725ACERT,Computerized Accounting,Associate Certificate,Part-time,https://www.bcit.ca/programs/computerized-accounting-associate-certificate-part-time-5725acert/,false,false,false,true,true,false,true,true,UNKNOWN_NOT_PUBLISHED,UNKNOWN_NOT_PUBLISHED,UNKNOWN_NOT_PUBLISHED,ACCEPTED_AVAILABLE,UNKNOWN_NOT_PUBLISHED,bcit_international_program_list_positive_flag,https://www.bcit.ca/programs/computerized-accounting-associate-certificate-part-time-5725acert/,,,Refer to official program page,https://www.bcit.ca/programs/computerized-accounting-associate-certificate-part-time-5725acert/,2026-09-08
5755ACERT,Occupational Health and Safety Practitioners,Associate Certificate,Part-time,https://www.bcit.ca/programs/occupational-health-and-safety-practitioners-associate-certificate-part-time-5755acert/,false,false,false,false,false,false,true,false,UNKNOWN_NOT_PUBLISHED,UNKNOWN_NOT_PUBLISHED,UNKNOWN_NOT_PUBLISHED,UNKNOWN_NOT_PUBLISHED,UNKNOWN_NOT_PUBLISHED,no_explicit_governing_evidence,https://www.bcit.ca/programs/occupational-health-and-safety-practitioners-associate-certificate-part-time-5755acert/,,,Refer to official program page,https://www.bcit.ca/programs/occupational-health-and-safety-practitioners-associate-certificate-part-time-5755acert/,2026-09-08
576ADIPMA,Diagnostic Medical Sonography (General Sonography Option),Diploma,Full-time,https://www.bcit.ca/programs/diagnostic-medical-sonography-general-sonography-option-diploma-full-time-576adipma/,false,false,false,false,false,false,true,false,UNKNOWN_NOT_PUBLISHED,UNKNOWN_NOT_PUBLISHED,UNKNOWN_NOT_PUBLISHED,UNKNOWN_NOT_PUBLISHED,UNKNOWN_NOT_PUBLISHED,no_explicit_governing_evidence,https://www.bcit.ca/programs/diagnostic-medical-sonography-general-sonography-option-diploma-full-time-576adipma/,,,Refer to official program page,https://www.bcit.ca/programs/diagnostic-medical-sonography-general-sonography-option-diploma-full-time-576adipma/,2026-09-08
576BDIPMA,Diagnostic Medical Sonography (Cardiac Sonography Option),Diploma,Full-time,https://www.bcit.ca/programs/diagnostic-medical-sonography-cardiac-sonography-option-diploma-full-time-576bdipma/,false,false,false,false,false,false,false,false,UNKNOWN_NOT_PUBLISHED,UNKNOWN_NOT_PUBLISHED,UNKNOWN_NOT_PUBLISHED,UNKNOWN_NOT_PUBLISHED,UNKNOWN_NOT_PUBLISHED,no_explicit_governing_evidence,https://www.bcit.ca/programs/diagnostic-medical-sonography-cardiac-sonography-option-diploma-full-time-576bdipma/,,,Refer to official program page,https://www.bcit.ca/programs/diagnostic-medical-sonography-cardiac-sonography-option-diploma-full-time-576bdipma/,2026-09-08
576CDIPMA,Diagnostic Medical Sonography (General and Cardiac Sonography Option),Diploma,Full-time,https://www.bcit.ca/programs/diagnostic-medical-sonography-general-and-cardiac-sonography-option-diploma-full-time-576cdipma/,false,false,false,false,false,false,true,false,UNKNOWN_NOT_PUBLISHED,UNKNOWN_NOT_PUBLISHED,UNKNOWN_NOT_PUBLISHED,UNKNOWN_NOT_PUBLISHED,UNKNOWN_NOT_PUBLISHED,no_explicit_governing_evidence,https://www.bcit.ca/programs/diagnostic-medical-sonography-general-and-cardiac-sonography-option-diploma-full-time-576cdipma/,,,Refer to official program page,https://www.bcit.ca/programs/diagnostic-medical-sonography-general-and-cardiac-sonography-option-diploma-full-time-576cdipma/,2026-09-08
5810DIPMA,Electroneurophysiology,Diploma,Full-time,https://www.bcit.ca/programs/electroneurophysiology-diploma-full-time-5810dipma/,false,false,false,false,false,false,true,false,UNKNOWN_NOT_PUBLISHED,UNKNOWN_NOT_PUBLISHED,UNKNOWN_NOT_PUBLISHED,UNKNOWN_NOT_PUBLISHED,UNKNOWN_NOT_PUBLISHED,no_explicit_governing_evidence,https://www.bcit.ca/programs/electroneurophysiology-diploma-full-time-5810dipma/,,,Refer to official program page,https://www.bcit.ca/programs/electroneurophysiology-diploma-full-time-5810dipma/,2026-09-08
585CMCERT,Financial Management (Finance Option),Certificate,Part-time,https://www.bcit.ca/programs/financial-management-finance-option-certificate-part-time-585cmcert/,false,false,false,true,true,false,true,true,UNKNOWN_NOT_PUBLISHED,UNKNOWN_NOT_PUBLISHED,UNKNOWN_NOT_PUBLISHED,ACCEPTED_AVAILABLE,UNKNOWN_NOT_PUBLISHED,bcit_international_program_list_positive_flag,https://www.bcit.ca/programs/financial-management-finance-option-certificate-part-time-585cmcert/,,,Refer to official program page,https://www.bcit.ca/programs/financial-management-finance-option-certificate-part-time-585cmcert/,2026-09-08
585FMCERT,Financial Management (Professional Accounting Option),Certificate,Part-time,https://www.bcit.ca/programs/financial-management-professional-accounting-option-certificate-part-time-585fmcert/,false,false,false,true,true,false,true,true,UNKNOWN_NOT_PUBLISHED,UNKNOWN_NOT_PUBLISHED,UNKNOWN_NOT_PUBLISHED,ACCEPTED_AVAILABLE,UNKNOWN_NOT_PUBLISHED,bcit_international_program_list_positive_flag,https://www.bcit.ca/programs/financial-management-professional-accounting-option-certificate-part-time-585fmcert/,,,Refer to official program page,https://www.bcit.ca/programs/financial-management-professional-accounting-option-certificate-part-time-585fmcert/,2026-09-08
585IACERT,Financial Management (Financial Planning),Associate Certificate,Part-time,https://www.bcit.ca/programs/financial-management-financial-planning-associate-certificate-part-time-585iacert/,false,false,false,true,true,false,true,true,UNKNOWN_NOT_PUBLISHED,UNKNOWN_NOT_PUBLISHED,UNKNOWN_NOT_PUBLISHED,ACCEPTED_AVAILABLE,UNKNOWN_NOT_PUBLISHED,bcit_international_program_list_positive_flag,https://www.bcit.ca/programs/financial-management-financial-planning-associate-certificate-part-time-585iacert/,,,Refer to official program page,https://www.bcit.ca/programs/financial-management-financial-planning-associate-certificate-part-time-585iacert/,2026-09-08
5880DIPLT,General Insurance and Risk Management,Diploma,Full-time,https://www.bcit.ca/programs/general-insurance-and-risk-management-diploma-full-time-5880diplt/,true,true,true,false,false,false,true,false,UNKNOWN_NOT_PUBLISHED,UNKNOWN_NOT_PUBLISHED,UNKNOWN_NOT_PUBLISHED,ACCEPTED_AVAILABLE,ELIGIBLE_TO_APPLY,bcit_international_program_list_positive_flag,https://www.bcit.ca/programs/general-insurance-and-risk-management-diploma-full-time-5880diplt/,,,Refer to official program page,https://www.bcit.ca/programs/general-insurance-and-risk-management-diploma-full-time-5880diplt/,2026-09-08
5985ACERT,User Interface (UI) and User Experience (UX) Design,Associate Certificate,Part-time,https://www.bcit.ca/programs/user-interface-ui-and-user-experience-ux-design-associate-certificate-part-time-5985acert/,false,false,false,true,true,false,true,false,UNKNOWN_NOT_PUBLISHED,UNKNOWN_NOT_PUBLISHED,UNKNOWN_NOT_PUBLISHED,ACCEPTED_AVAILABLE,UNKNOWN_NOT_PUBLISHED,bcit_international_program_list_positive_flag,https://www.bcit.ca/programs/user-interface-ui-and-user-experience-ux-design-associate-certificate-part-time-5985acert/,,,Refer to official program page,https://www.bcit.ca/programs/user-interface-ui-and-user-experience-ux-design-associate-certificate-part-time-5985acert/,2026-09-08
6005ACERT,Payroll and Human Resources,Associate Certificate,Part-time,https://www.bcit.ca/programs/payroll-and-human-resources-associate-certificate-part-time-6005acert/,false,false,false,true,true,false,true,true,UNKNOWN_NOT_PUBLISHED,UNKNOWN_NOT_PUBLISHED,UNKNOWN_NOT_PUBLISHED,ACCEPTED_AVAILABLE,UNKNOWN_NOT_PUBLISHED,bcit_international_program_list_positive_flag,https://www.bcit.ca/programs/payroll-and-human-resources-associate-certificate-part-time-6005acert/,,,Refer to official program page,https://www.bcit.ca/programs/payroll-and-human-resources-associate-certificate-part-time-6005acert/,2026-09-08
6008CERT,Payroll Administration,Certificate,Part-time,https://www.bcit.ca/programs/payroll-administration-certificate-part-time-6008cert/,false,false,false,true,true,false,true,true,UNKNOWN_NOT_PUBLISHED,UNKNOWN_NOT_PUBLISHED,UNKNOWN_NOT_PUBLISHED,ACCEPTED_AVAILABLE,UNKNOWN_NOT_PUBLISHED,bcit_international_program_list_positive_flag,https://www.bcit.ca/programs/payroll-administration-certificate-part-time-6008cert/,,,Refer to official program page,https://www.bcit.ca/programs/payroll-administration-certificate-part-time-6008cert/,2026-09-08
6030CERT,Architectural and Building Technology,Certificate,Part-time,https://www.bcit.ca/programs/architectural-and-building-technology-certificate-part-time-6030cert/,false,false,false,true,true,true,true,false,UNKNOWN_NOT_PUBLISHED,UNKNOWN_NOT_PUBLISHED,UNKNOWN_NOT_PUBLISHED,ACCEPTED_AVAILABLE,ELIGIBLE_TO_APPLY,bcit_international_program_list_positive_flag,https://www.bcit.ca/programs/architectural-and-building-technology-certificate-part-time-6030cert/,,,Refer to official program page,https://www.bcit.ca/programs/architectural-and-building-technology-certificate-part-time-6030cert/,2026-09-08
6035DIPMA,Accounting,Diploma,Full-time,https://www.bcit.ca/programs/accounting-diploma-full-time-6035dipma/,true,true,false,false,false,false,false,false,UNKNOWN_NOT_PUBLISHED,UNKNOWN_NOT_PUBLISHED,UNKNOWN_NOT_PUBLISHED,ACCEPTED_AVAILABLE,UNKNOWN_NOT_PUBLISHED,bcit_international_program_list_positive_flag,https://www.bcit.ca/programs/accounting-diploma-full-time-6035dipma/,,,Refer to official program page,https://www.bcit.ca/programs/accounting-diploma-full-time-6035dipma/,2026-09-08
6035PDIPMA,Accounting,Diploma,Part-time,https://www.bcit.ca/programs/accounting-diploma-part-time-6035pdipma/,false,false,false,true,true,false,false,false,UNKNOWN_NOT_PUBLISHED,UNKNOWN_NOT_PUBLISHED,UNKNOWN_NOT_PUBLISHED,ACCEPTED_AVAILABLE,UNKNOWN_NOT_PUBLISHED,bcit_international_program_list_positive_flag,https://www.bcit.ca/programs/accounting-diploma-part-time-6035pdipma/,,,Refer to official program page,https://www.bcit.ca/programs/accounting-diploma-part-time-6035pdipma/,2026-09-08
6040ACERT,Fundamentals of Water and Wastewater Operations,Associate Certificate,Part-time,https://www.bcit.ca/programs/fundamentals-of-water-and-wastewater-operations-associate-certificate-part-time-6040acert/,false,false,false,false,false,false,false,false,UNKNOWN_NOT_PUBLISHED,UNKNOWN_NOT_PUBLISHED,UNKNOWN_NOT_PUBLISHED,UNKNOWN_NOT_PUBLISHED,UNKNOWN_NOT_PUBLISHED,no_explicit_governing_evidence,https://www.bcit.ca/programs/fundamentals-of-water-and-wastewater-operations-associate-certificate-part-time-6040acert/,,,Refer to official program page,https://www.bcit.ca/programs/fundamentals-of-water-and-wastewater-operations-associate-certificate-part-time-6040acert/,2026-09-08
6045DIPMA,Finance,Diploma,Full-time,https://www.bcit.ca/programs/finance-diploma-full-time-6045dipma/,true,true,false,false,false,false,false,false,UNKNOWN_NOT_PUBLISHED,UNKNOWN_NOT_PUBLISHED,UNKNOWN_NOT_PUBLISHED,ACCEPTED_AVAILABLE,UNKNOWN_NOT_PUBLISHED,bcit_international_program_list_positive_flag,https://www.bcit.ca/programs/finance-diploma-full-time-6045dipma/,,,Refer to official program page,https://www.bcit.ca/programs/finance-diploma-full-time-6045dipma/,2026-09-08
6045PDIPMA,Finance,Diploma,Part-time,https://www.bcit.ca/programs/finance-diploma-part-time-6045pdipma/,false,false,false,true,true,false,false,false,UNKNOWN_NOT_PUBLISHED,UNKNOWN_NOT_PUBLISHED,UNKNOWN_NOT_PUBLISHED,ACCEPTED_AVAILABLE,UNKNOWN_NOT_PUBLISHED,bcit_international_program_list_positive_flag,https://www.bcit.ca/programs/finance-diploma-part-time-6045pdipma/,,,Refer to official program page,https://www.bcit.ca/programs/finance-diploma-part-time-6045pdipma/,2026-09-07
6055DIPMA,Financial Planning,Diploma,Full-time,https://www.bcit.ca/programs/financial-planning-diploma-full-time-6055dipma/,true,true,false,false,false,false,false,false,UNKNOWN_NOT_PUBLISHED,UNKNOWN_NOT_PUBLISHED,UNKNOWN_NOT_PUBLISHED,ACCEPTED_AVAILABLE,UNKNOWN_NOT_PUBLISHED,bcit_international_program_list_positive_flag,https://www.bcit.ca/programs/financial-planning-diploma-full-time-6055dipma/,,,Refer to official program page,https://www.bcit.ca/programs/financial-planning-diploma-full-time-6055dipma/,2026-09-08
6055PDIPMA,Financial Planning,Diploma,Part-time,https://www.bcit.ca/programs/financial-planning-diploma-part-time-6055pdipma/,false,false,false,true,true,false,false,false,UNKNOWN_NOT_PUBLISHED,UNKNOWN_NOT_PUBLISHED,UNKNOWN_NOT_PUBLISHED,ACCEPTED_AVAILABLE,UNKNOWN_NOT_PUBLISHED,bcit_international_program_list_positive_flag,https://www.bcit.ca/programs/financial-planning-diploma-part-time-6055pdipma/,,,Refer to official program page,https://www.bcit.ca/programs/financial-planning-diploma-part-time-6055pdipma/,2026-09-08
605DDIPMA,Technology Teacher Education,Diploma,Full-time,https://www.bcit.ca/programs/technology-teacher-education-diploma-full-time-605ddipma/,false,false,false,false,false,false,true,false,UNKNOWN_NOT_PUBLISHED,UNKNOWN_NOT_PUBLISHED,UNKNOWN_NOT_PUBLISHED,UNKNOWN_NOT_PUBLISHED,UNKNOWN_NOT_PUBLISHED,no_explicit_governing_evidence,https://www.bcit.ca/programs/technology-teacher-education-diploma-full-time-605ddipma/,,,Refer to official program page,https://www.bcit.ca/programs/technology-teacher-education-diploma-full-time-605ddipma/,2026-09-08
6090CERT,"Essential Technical Skills for Architecture, Construction, and Engineering",Certificate,Part-time,https://www.bcit.ca/programs/essential-technical-skills-for-architecture-construction-and-engineering-certificate-part-time-6090cert/,false,false,false,false,false,false,false,false,UNKNOWN_NOT_PUBLISHED,UNKNOWN_NOT_PUBLISHED,UNKNOWN_NOT_PUBLISHED,UNKNOWN_NOT_PUBLISHED,UNKNOWN_NOT_PUBLISHED,no_explicit_governing_evidence,https://www.bcit.ca/programs/essential-technical-skills-for-architecture-construction-and-engineering-certificate-part-time-6090cert/,,,Refer to official program page,https://www.bcit.ca/programs/essential-technical-skills-for-architecture-construction-and-engineering-certificate-part-time-6090cert/,2026-09-08
6110DIPMA,Radio Arts and Entertainment,Diploma,Full-time,https://www.bcit.ca/programs/radio-arts-and-entertainment-diploma-full-time-6110dipma/,true,true,false,false,false,false,true,false,UNKNOWN_NOT_PUBLISHED,UNKNOWN_NOT_PUBLISHED,UNKNOWN_NOT_PUBLISHED,ACCEPTED_AVAILABLE,UNKNOWN_NOT_PUBLISHED,bcit_international_program_list_positive_flag,https://www.bcit.ca/programs/radio-arts-and-entertainment-diploma-full-time-6110dipma/,,,Refer to official program page,https://www.bcit.ca/programs/radio-arts-and-entertainment-diploma-full-time-6110dipma/,2026-09-08
6115ACERT,Broadcast and Digital Journalism,Associate Certificate,Part-time,https://www.bcit.ca/programs/broadcast-and-digital-journalism-associate-certificate-part-time-6115acert/,false,false,false,true,true,false,true,false,UNKNOWN_NOT_PUBLISHED,UNKNOWN_NOT_PUBLISHED,UNKNOWN_NOT_PUBLISHED,ACCEPTED_AVAILABLE,UNKNOWN_NOT_PUBLISHED,bcit_international_program_list_positive_flag,https://www.bcit.ca/programs/broadcast-and-digital-journalism-associate-certificate-part-time-6115acert/,,,Refer to official program page,https://www.bcit.ca/programs/broadcast-and-digital-journalism-associate-certificate-part-time-6115acert/,2026-09-08
6120ACERT,Video Production and Editing,Associate Certificate,Part-time,https://www.bcit.ca/programs/video-production-and-editing-associate-certificate-part-time-6120acert/,false,false,false,true,true,false,true,false,UNKNOWN_NOT_PUBLISHED,UNKNOWN_NOT_PUBLISHED,UNKNOWN_NOT_PUBLISHED,ACCEPTED_AVAILABLE,UNKNOWN_NOT_PUBLISHED,bcit_international_program_list_positive_flag,https://www.bcit.ca/programs/video-production-and-editing-associate-certificate-part-time-6120acert/,,,Refer to official program page,https://www.bcit.ca/programs/video-production-and-editing-associate-certificate-part-time-6120acert/,2026-09-08
6125ACERT,Radio Arts and Entertainment,Associate Certificate,Part-time,https://www.bcit.ca/programs/radio-arts-and-entertainment-associate-certificate-part-time-6125acert/,false,false,false,true,true,false,true,false,UNKNOWN_NOT_PUBLISHED,UNKNOWN_NOT_PUBLISHED,UNKNOWN_NOT_PUBLISHED,ACCEPTED_AVAILABLE,UNKNOWN_NOT_PUBLISHED,bcit_international_program_list_positive_flag,https://www.bcit.ca/programs/radio-arts-and-entertainment-associate-certificate-part-time-6125acert/,,,Refer to official program page,https://www.bcit.ca/programs/radio-arts-and-entertainment-associate-certificate-part-time-6125acert/,2026-09-08
6130DIPMA,Television & Video Production,Diploma,Full-time,https://www.bcit.ca/programs/television-and-video-production-diploma-full-time-6130dipma/,true,true,false,false,false,false,true,false,UNKNOWN_NOT_PUBLISHED,UNKNOWN_NOT_PUBLISHED,UNKNOWN_NOT_PUBLISHED,ACCEPTED_AVAILABLE,UNKNOWN_NOT_PUBLISHED,bcit_international_program_list_positive_flag,https://www.bcit.ca/programs/television-and-video-production-diploma-full-time-6130dipma/,,,Refer to official program page,https://www.bcit.ca/programs/television-and-video-production-diploma-full-time-6130dipma/,2026-09-08
6135DIPMA,Broadcast and Online Journalism,Diploma,Full-time,https://www.bcit.ca/programs/broadcast-and-online-journalism-diploma-full-time-6135dipma/,true,true,false,false,false,false,true,false,UNKNOWN_NOT_PUBLISHED,UNKNOWN_NOT_PUBLISHED,UNKNOWN_NOT_PUBLISHED,ACCEPTED_AVAILABLE,UNKNOWN_NOT_PUBLISHED,bcit_international_program_list_positive_flag,https://www.bcit.ca/programs/broadcast-and-online-journalism-diploma-full-time-6135dipma/,,,Refer to official program page,https://www.bcit.ca/programs/broadcast-and-online-journalism-diploma-full-time-6135dipma/,2026-09-08
6140DIPMA,Residential Interiors,Diploma,Part-time,https://www.bcit.ca/programs/residential-interiors-diploma-part-time-6140dipma/,false,false,false,true,true,false,true,true,UNKNOWN_NOT_PUBLISHED,UNKNOWN_NOT_PUBLISHED,UNKNOWN_NOT_PUBLISHED,ACCEPTED_AVAILABLE,UNKNOWN_NOT_PUBLISHED,bcit_international_program_list_positive_flag,https://www.bcit.ca/programs/residential-interiors-diploma-part-time-6140dipma/,,,Refer to official program page,https://www.bcit.ca/programs/residential-interiors-diploma-part-time-6140dipma/,2026-09-08
6185ADCERT,Renewable Energy Electrical Systems Installation & Maintenance,Advanced Certificate,Part-time,https://www.bcit.ca/programs/renewable-energy-electrical-systems-installation-and-maintenance-advanced-certificate-part-time-6185adcert/,false,false,false,true,true,false,true,true,UNKNOWN_NOT_PUBLISHED,UNKNOWN_NOT_PUBLISHED,UNKNOWN_NOT_PUBLISHED,ACCEPTED_AVAILABLE,UNKNOWN_NOT_PUBLISHED,bcit_international_program_list_positive_flag,https://www.bcit.ca/programs/renewable-energy-electrical-systems-installation-and-maintenance-advanced-certificate-part-time-6185adcert/,,,Refer to official program page,https://www.bcit.ca/programs/renewable-energy-electrical-systems-installation-and-maintenance-advanced-certificate-part-time-6185adcert/,2026-09-08
6195CERT,Interior Design Fundamentals,Certificate,Full-time/Part-time,https://www.bcit.ca/programs/interior-design-fundamentals-certificate-full-time-part-time-6195cert/,true,true,false,true,true,false,true,true,UNKNOWN_NOT_PUBLISHED,UNKNOWN_NOT_PUBLISHED,UNKNOWN_NOT_PUBLISHED,ACCEPTED_AVAILABLE,UNKNOWN_NOT_PUBLISHED,bcit_international_program_list_positive_flag,https://www.bcit.ca/programs/interior-design-fundamentals-certificate-full-time-part-time-6195cert/,,,Refer to official program page,https://www.bcit.ca/programs/interior-design-fundamentals-certificate-full-time-part-time-6195cert/,2026-09-08
6220FDIPMA,Interior Design,Diploma,Full-time,https://www.bcit.ca/programs/interior-design-diploma-full-time-6220fdipma/,true,true,false,false,false,false,false,false,UNKNOWN_NOT_PUBLISHED,UNKNOWN_NOT_PUBLISHED,UNKNOWN_NOT_PUBLISHED,ACCEPTED_AVAILABLE,UNKNOWN_NOT_PUBLISHED,bcit_international_program_list_positive_flag,https://www.bcit.ca/programs/interior-design-diploma-full-time-6220fdipma/,,,Refer to official program page,https://www.bcit.ca/programs/interior-design-diploma-full-time-6220fdipma/,2026-09-07
6220PDIPMA,Interior Design,Diploma,Part-time,https://www.bcit.ca/programs/interior-design-diploma-part-time-6220pdipma/,false,false,false,true,true,false,false,false,UNKNOWN_NOT_PUBLISHED,UNKNOWN_NOT_PUBLISHED,UNKNOWN_NOT_PUBLISHED,ACCEPTED_AVAILABLE,UNKNOWN_NOT_PUBLISHED,bcit_international_program_list_positive_flag,https://www.bcit.ca/programs/interior-design-diploma-part-time-6220pdipma/,,,Refer to official program page,https://www.bcit.ca/programs/interior-design-diploma-part-time-6220pdipma/,2026-09-08
6225ACERT,Global Business Studies,Associate Certificate,Part-time,https://www.bcit.ca/programs/global-business-studies-associate-certificate-part-time-6225acert/,false,false,false,true,true,false,true,false,UNKNOWN_NOT_PUBLISHED,UNKNOWN_NOT_PUBLISHED,UNKNOWN_NOT_PUBLISHED,ACCEPTED_AVAILABLE,UNKNOWN_NOT_PUBLISHED,bcit_international_program_list_positive_flag,https://www.bcit.ca/programs/global-business-studies-associate-certificate-part-time-6225acert/,,,Refer to official program page,https://www.bcit.ca/programs/global-business-studies-associate-certificate-part-time-6225acert/,2026-09-08
6235DIPMA,Business Information Technology Management,Diploma,Full-time,https://www.bcit.ca/programs/business-information-technology-management-diploma-full-time-6235dipma/,true,true,true,false,false,false,false,false,UNKNOWN_NOT_PUBLISHED,UNKNOWN_NOT_PUBLISHED,UNKNOWN_NOT_PUBLISHED,ACCEPTED_AVAILABLE,ELIGIBLE_TO_APPLY,bcit_international_program_list_positive_flag,https://www.bcit.ca/programs/business-information-technology-management-diploma-full-time-6235dipma/,,,Refer to official program page,https://www.bcit.ca/programs/business-information-technology-management-diploma-full-time-6235dipma/,2026-09-08
623ADIPMA,Business Information Technology Management (Artificial Intelligence Management Option),Diploma,Full-time,https://www.bcit.ca/programs/business-information-technology-management-artificial-intelligence-management-option-diploma-full-time-623adipma/,true,true,true,false,false,false,false,false,UNKNOWN_NOT_PUBLISHED,UNKNOWN_NOT_PUBLISHED,UNKNOWN_NOT_PUBLISHED,ACCEPTED_AVAILABLE,ELIGIBLE_TO_APPLY,bcit_international_program_list_positive_flag,https://www.bcit.ca/programs/business-information-technology-management-artificial-intelligence-management-option-diploma-full-time-623adipma/,,,Refer to official program page,https://www.bcit.ca/programs/business-information-technology-management-artificial-intelligence-management-option-diploma-full-time-623adipma/,2026-09-08
623BDIPMA,Business Information Technology Management (Enterprise Systems Management Option),Diploma,Full-time,https://www.bcit.ca/programs/business-information-technology-management-enterprise-systems-management-option-diploma-full-time-623bdipma/,true,true,true,false,false,false,false,false,UNKNOWN_NOT_PUBLISHED,UNKNOWN_NOT_PUBLISHED,UNKNOWN_NOT_PUBLISHED,ACCEPTED_AVAILABLE,ELIGIBLE_TO_APPLY,bcit_international_program_list_positive_flag,https://www.bcit.ca/programs/business-information-technology-management-enterprise-systems-management-option-diploma-full-time-623bdipma/,,,Refer to official program page,https://www.bcit.ca/programs/business-information-technology-management-enterprise-systems-management-option-diploma-full-time-623bdipma/,2026-09-08
623CDIPMA,Business Information Technology Management (Analytics Data Management Option),Diploma,Full-time,https://www.bcit.ca/programs/business-information-technology-management-analytics-data-management-option-diploma-full-time-623cdipma/,true,true,true,false,false,false,false,false,UNKNOWN_NOT_PUBLISHED,UNKNOWN_NOT_PUBLISHED,UNKNOWN_NOT_PUBLISHED,ACCEPTED_AVAILABLE,ELIGIBLE_TO_APPLY,bcit_international_program_list_positive_flag,https://www.bcit.ca/programs/business-information-technology-management-analytics-data-management-option-diploma-full-time-623cdipma/,,,Refer to official program page,https://www.bcit.ca/programs/business-information-technology-management-analytics-data-management-option-diploma-full-time-623cdipma/,2026-09-08
6245DIPLT,Business Management,Diploma,Full-time,https://www.bcit.ca/programs/business-management-diploma-full-time-6245diplt/,true,true,false,false,false,false,true,false,UNKNOWN_NOT_PUBLISHED,UNKNOWN_NOT_PUBLISHED,UNKNOWN_NOT_PUBLISHED,ACCEPTED_AVAILABLE,UNKNOWN_NOT_PUBLISHED,bcit_international_program_list_positive_flag,https://www.bcit.ca/programs/business-management-diploma-full-time-6245diplt/,,,Refer to official program page,https://www.bcit.ca/programs/business-management-diploma-full-time-6245diplt/,2026-09-08
6245MCERT,Business Management,Certificate,Part-time,https://www.bcit.ca/programs/business-management-certificate-part-time-6245mcert/,false,false,false,true,true,false,true,false,UNKNOWN_NOT_PUBLISHED,UNKNOWN_NOT_PUBLISHED,UNKNOWN_NOT_PUBLISHED,ACCEPTED_AVAILABLE,UNKNOWN_NOT_PUBLISHED,bcit_international_program_list_positive_flag,https://www.bcit.ca/programs/business-management-certificate-part-time-6245mcert/,,,Refer to official program page,https://www.bcit.ca/programs/business-management-certificate-part-time-6245mcert/,2026-09-08
6247DIPMA,Graphic Communications,Diploma,Full-time,https://www.bcit.ca/programs/graphic-communications-diploma-full-time-6247dipma/,true,true,false,false,false,false,true,false,UNKNOWN_NOT_PUBLISHED,UNKNOWN_NOT_PUBLISHED,UNKNOWN_NOT_PUBLISHED,ACCEPTED_AVAILABLE,UNKNOWN_NOT_PUBLISHED,bcit_international_program_list_positive_flag,https://www.bcit.ca/programs/graphic-communications-diploma-full-time-6247dipma/,,,Refer to official program page,https://www.bcit.ca/programs/graphic-communications-diploma-full-time-6247dipma/,2026-09-08
625AMCERT,Human Resource Management,Certificate,Part-time,https://www.bcit.ca/programs/human-resource-management-certificate-part-time-625amcert/,false,false,false,true,true,false,true,false,UNKNOWN_NOT_PUBLISHED,UNKNOWN_NOT_PUBLISHED,UNKNOWN_NOT_PUBLISHED,ACCEPTED_AVAILABLE,UNKNOWN_NOT_PUBLISHED,bcit_international_program_list_positive_flag,https://www.bcit.ca/programs/human-resource-management-certificate-part-time-625amcert/,,,Refer to official program page,https://www.bcit.ca/programs/human-resource-management-certificate-part-time-625amcert/,2026-09-08
6265ACERT,Lean Six Sigma Principles,Associate Certificate,Part-time,https://www.bcit.ca/programs/lean-six-sigma-principles-associate-certificate-part-time-6265acert/,false,false,false,true,true,false,true,false,UNKNOWN_NOT_PUBLISHED,UNKNOWN_NOT_PUBLISHED,UNKNOWN_NOT_PUBLISHED,ACCEPTED_AVAILABLE,UNKNOWN_NOT_PUBLISHED,bcit_international_program_list_positive_flag,https://www.bcit.ca/programs/lean-six-sigma-principles-associate-certificate-part-time-6265acert/,,,Refer to official program page,https://www.bcit.ca/programs/lean-six-sigma-principles-associate-certificate-part-time-6265acert/,2026-09-08
6285CERT,Fire Service Industry Leadership,Certificate,Part-time,https://www.bcit.ca/programs/fire-service-industry-leadership-certificate-part-time-6285cert/,false,false,false,false,false,false,false,false,UNKNOWN_NOT_PUBLISHED,UNKNOWN_NOT_PUBLISHED,UNKNOWN_NOT_PUBLISHED,UNKNOWN_NOT_PUBLISHED,UNKNOWN_NOT_PUBLISHED,no_explicit_governing_evidence,https://www.bcit.ca/programs/fire-service-industry-leadership-certificate-part-time-6285cert/,,,Refer to official program page,https://www.bcit.ca/programs/fire-service-industry-leadership-certificate-part-time-6285cert/,2026-09-08
6290DIPMA,Strategic Human Resources Management,Diploma,Full-time,https://www.bcit.ca/programs/strategic-human-resources-management-diploma-full-time-6290dipma/,true,true,false,false,false,false,true,false,UNKNOWN_NOT_PUBLISHED,UNKNOWN_NOT_PUBLISHED,UNKNOWN_NOT_PUBLISHED,ACCEPTED_AVAILABLE,UNKNOWN_NOT_PUBLISHED,bcit_international_program_list_positive_flag,https://www.bcit.ca/programs/strategic-human-resources-management-diploma-full-time-6290dipma/,,,Refer to official program page,https://www.bcit.ca/programs/strategic-human-resources-management-diploma-full-time-6290dipma/,2026-09-08
6300MCERT,Marketing Management,Certificate,Part-time,https://www.bcit.ca/programs/marketing-management-certificate-part-time-6300mcert/,false,false,false,true,true,false,true,false,UNKNOWN_NOT_PUBLISHED,UNKNOWN_NOT_PUBLISHED,UNKNOWN_NOT_PUBLISHED,ACCEPTED_AVAILABLE,UNKNOWN_NOT_PUBLISHED,bcit_international_program_list_positive_flag,https://www.bcit.ca/programs/marketing-management-certificate-part-time-6300mcert/,,,Refer to official program page,https://www.bcit.ca/programs/marketing-management-certificate-part-time-6300mcert/,2026-09-08
630DACERT,Marketing Management - Marketing Communications,Associate Certificate,Part-time,https://www.bcit.ca/programs/marketing-management-marketing-communications-associate-certificate-part-time-630dacert/,false,false,false,true,true,false,true,false,UNKNOWN_NOT_PUBLISHED,UNKNOWN_NOT_PUBLISHED,UNKNOWN_NOT_PUBLISHED,ACCEPTED_AVAILABLE,UNKNOWN_NOT_PUBLISHED,bcit_international_program_list_positive_flag,https://www.bcit.ca/programs/marketing-management-marketing-communications-associate-certificate-part-time-630dacert/,,,Refer to official program page,https://www.bcit.ca/programs/marketing-management-marketing-communications-associate-certificate-part-time-630dacert/,2026-09-08
630DMCERT,Marketing Management (Marketing Communications Option),Certificate,Part-time,https://www.bcit.ca/programs/marketing-management-marketing-communications-option-certificate-part-time-630dmcert/,false,false,false,true,true,false,true,false,UNKNOWN_NOT_PUBLISHED,UNKNOWN_NOT_PUBLISHED,UNKNOWN_NOT_PUBLISHED,ACCEPTED_AVAILABLE,UNKNOWN_NOT_PUBLISHED,bcit_international_program_list_positive_flag,https://www.bcit.ca/programs/marketing-management-marketing-communications-option-certificate-part-time-630dmcert/,,,Refer to official program page,https://www.bcit.ca/programs/marketing-management-marketing-communications-option-certificate-part-time-630dmcert/,2026-09-08
630HACERT,Marketing Management - Entrepreneurship,Associate Certificate,Part-time,https://www.bcit.ca/programs/marketing-management-entrepreneurship-associate-certificate-part-time-630hacert/,false,false,false,true,true,false,true,false,UNKNOWN_NOT_PUBLISHED,UNKNOWN_NOT_PUBLISHED,UNKNOWN_NOT_PUBLISHED,ACCEPTED_AVAILABLE,UNKNOWN_NOT_PUBLISHED,bcit_international_program_list_positive_flag,https://www.bcit.ca/programs/marketing-management-entrepreneurship-associate-certificate-part-time-630hacert/,,,Refer to official program page,https://www.bcit.ca/programs/marketing-management-entrepreneurship-associate-certificate-part-time-630hacert/,2026-09-08
630MACERT,Marketing Management - Sales Skills,Associate Certificate,Part-time,https://www.bcit.ca/programs/marketing-management-sales-skills-associate-certificate-part-time-630macert/,false,false,false,true,true,false,true,false,UNKNOWN_NOT_PUBLISHED,UNKNOWN_NOT_PUBLISHED,UNKNOWN_NOT_PUBLISHED,ACCEPTED_AVAILABLE,UNKNOWN_NOT_PUBLISHED,bcit_international_program_list_positive_flag,https://www.bcit.ca/programs/marketing-management-sales-skills-associate-certificate-part-time-630macert/,,,Refer to official program page,https://www.bcit.ca/programs/marketing-management-sales-skills-associate-certificate-part-time-630macert/,2026-09-08
630PMCERT,Media Techniques and Marketing Communications,Certificate,Part-time,https://www.bcit.ca/programs/media-techniques-and-marketing-communications-certificate-part-time-630pmcert/,false,false,false,true,true,true,true,false,UNKNOWN_NOT_PUBLISHED,UNKNOWN_NOT_PUBLISHED,UNKNOWN_NOT_PUBLISHED,ACCEPTED_AVAILABLE,ELIGIBLE_TO_APPLY,bcit_international_program_list_positive_flag,https://www.bcit.ca/programs/media-techniques-and-marketing-communications-certificate-part-time-630pmcert/,,,Refer to official program page,https://www.bcit.ca/programs/media-techniques-and-marketing-communications-certificate-part-time-630pmcert/,2026-09-08
630VMCERT,Marketing Management (Professional Sales Option),Certificate,Part-time,https://www.bcit.ca/programs/marketing-management-professional-sales-option-certificate-part-time-630vmcert/,false,false,false,true,true,false,true,false,UNKNOWN_NOT_PUBLISHED,UNKNOWN_NOT_PUBLISHED,UNKNOWN_NOT_PUBLISHED,ACCEPTED_AVAILABLE,UNKNOWN_NOT_PUBLISHED,bcit_international_program_list_positive_flag,https://www.bcit.ca/programs/marketing-management-professional-sales-option-certificate-part-time-630vmcert/,,,Refer to official program page,https://www.bcit.ca/programs/marketing-management-professional-sales-option-certificate-part-time-630vmcert/,2026-09-08
630WACERT,Marketing Management - Customer Relationship Marketing,Associate Certificate,Part-time,https://www.bcit.ca/programs/marketing-management-customer-relationship-marketing-associate-certificate-part-time-630wacert/,false,false,false,true,true,false,true,false,UNKNOWN_NOT_PUBLISHED,UNKNOWN_NOT_PUBLISHED,UNKNOWN_NOT_PUBLISHED,ACCEPTED_AVAILABLE,UNKNOWN_NOT_PUBLISHED,bcit_international_program_list_positive_flag,https://www.bcit.ca/programs/marketing-management-customer-relationship-marketing-associate-certificate-part-time-630wacert/,,,Refer to official program page,https://www.bcit.ca/programs/marketing-management-customer-relationship-marketing-associate-certificate-part-time-630wacert/,2026-09-08
630XACERT,Marketing Management - Public Relations,Associate Certificate,Part-time,https://www.bcit.ca/programs/marketing-management-public-relations-associate-certificate-part-time-630xacert/,false,false,false,true,true,false,true,false,UNKNOWN_NOT_PUBLISHED,UNKNOWN_NOT_PUBLISHED,UNKNOWN_NOT_PUBLISHED,ACCEPTED_AVAILABLE,UNKNOWN_NOT_PUBLISHED,bcit_international_program_list_positive_flag,https://www.bcit.ca/programs/marketing-management-public-relations-associate-certificate-part-time-630xacert/,,,Refer to official program page,https://www.bcit.ca/programs/marketing-management-public-relations-associate-certificate-part-time-630xacert/,2026-09-08
6310ACERT,Nonprofit Management,Associate Certificate,Part-time,https://www.bcit.ca/programs/nonprofit-management-associate-certificate-part-time-6310acert/,false,false,false,true,true,false,true,false,UNKNOWN_NOT_PUBLISHED,UNKNOWN_NOT_PUBLISHED,UNKNOWN_NOT_PUBLISHED,ACCEPTED_AVAILABLE,UNKNOWN_NOT_PUBLISHED,bcit_international_program_list_positive_flag,https://www.bcit.ca/programs/nonprofit-management-associate-certificate-part-time-6310acert/,,,Refer to official program page,https://www.bcit.ca/programs/nonprofit-management-associate-certificate-part-time-6310acert/,2026-09-08
6315ACERT,Event Marketing and Planning Foundations,Associate Certificate,Part-time,https://www.bcit.ca/programs/event-marketing-and-planning-foundations-associate-certificate-part-time-6315acert/,false,false,false,false,false,false,true,false,UNKNOWN_NOT_PUBLISHED,UNKNOWN_NOT_PUBLISHED,UNKNOWN_NOT_PUBLISHED,UNKNOWN_NOT_PUBLISHED,UNKNOWN_NOT_PUBLISHED,no_explicit_governing_evidence,https://www.bcit.ca/programs/event-marketing-and-planning-foundations-associate-certificate-part-time-6315acert/,,,Refer to official program page,https://www.bcit.ca/programs/event-marketing-and-planning-foundations-associate-certificate-part-time-6315acert/,2026-09-08
635CDIPLT,Mechanical Engineering Technology (Mechanical Systems Option),Diploma,Full-time,https://www.bcit.ca/programs/mechanical-engineering-technology-mechanical-systems-option-diploma-full-time-635cdiplt/,true,true,true,false,false,false,false,false,UNKNOWN_NOT_PUBLISHED,UNKNOWN_NOT_PUBLISHED,UNKNOWN_NOT_PUBLISHED,ACCEPTED_AVAILABLE,ELIGIBLE_TO_APPLY,bcit_international_program_list_positive_flag,https://www.bcit.ca/programs/mechanical-engineering-technology-mechanical-systems-option-diploma-full-time-635cdiplt/,,,Refer to official program page,https://www.bcit.ca/programs/mechanical-engineering-technology-mechanical-systems-option-diploma-full-time-635cdiplt/,2026-09-08
635DDIPLT,Mechanical Engineering Technology (Mechanical Design Option),Diploma,Full-time,https://www.bcit.ca/programs/mechanical-engineering-technology-mechanical-design-option-diploma-full-time-635ddiplt/,true,true,true,false,false,false,false,false,UNKNOWN_NOT_PUBLISHED,UNKNOWN_NOT_PUBLISHED,UNKNOWN_NOT_PUBLISHED,ACCEPTED_AVAILABLE,ELIGIBLE_TO_APPLY,bcit_international_program_list_positive_flag,https://www.bcit.ca/programs/mechanical-engineering-technology-mechanical-design-option-diploma-full-time-635ddiplt/,,,Refer to official program page,https://www.bcit.ca/programs/mechanical-engineering-technology-mechanical-design-option-diploma-full-time-635ddiplt/,2026-09-07
635EDIPLT,Mechanical Engineering Technology (Mechanical Manufacturing Option),Diploma,Full-time,https://www.bcit.ca/programs/mechanical-engineering-technology-mechanical-manufacturing-option-diploma-full-time-635ediplt/,true,true,true,false,false,false,false,false,UNKNOWN_NOT_PUBLISHED,UNKNOWN_NOT_PUBLISHED,UNKNOWN_NOT_PUBLISHED,ACCEPTED_AVAILABLE,ELIGIBLE_TO_APPLY,bcit_international_program_list_positive_flag,https://www.bcit.ca/programs/mechanical-engineering-technology-mechanical-manufacturing-option-diploma-full-time-635ediplt/,,,Refer to official program page,https://www.bcit.ca/programs/mechanical-engineering-technology-mechanical-manufacturing-option-diploma-full-time-635ediplt/,2026-09-08
6365ACERT,Food Safety,Associate Certificate,Part-time,https://www.bcit.ca/programs/food-safety-associate-certificate-part-time-6365acert/,false,false,false,false,false,false,true,false,UNKNOWN_NOT_PUBLISHED,UNKNOWN_NOT_PUBLISHED,UNKNOWN_NOT_PUBLISHED,UNKNOWN_NOT_PUBLISHED,UNKNOWN_NOT_PUBLISHED,no_explicit_governing_evidence,https://www.bcit.ca/programs/food-safety-associate-certificate-part-time-6365acert/,,,Refer to official program page,https://www.bcit.ca/programs/food-safety-associate-certificate-part-time-6365acert/,2026-09-08
6375ACERT,Digital Marketing Foundations,Associate Certificate,Part-time,https://www.bcit.ca/programs/digital-marketing-foundations-associate-certificate-part-time-6375acert/,false,false,false,true,true,false,true,false,UNKNOWN_NOT_PUBLISHED,UNKNOWN_NOT_PUBLISHED,UNKNOWN_NOT_PUBLISHED,ACCEPTED_AVAILABLE,UNKNOWN_NOT_PUBLISHED,bcit_international_program_list_positive_flag,https://www.bcit.ca/programs/digital-marketing-foundations-associate-certificate-part-time-6375acert/,,,Refer to official program page,https://www.bcit.ca/programs/digital-marketing-foundations-associate-certificate-part-time-6375acert/,2026-09-08
6385ACERT,Digital Marketing Strategy,Associate Certificate,Part-time,https://www.bcit.ca/programs/digital-marketing-strategy-associate-certificate-part-time-6385acert/,false,false,false,true,true,true,true,false,UNKNOWN_NOT_PUBLISHED,UNKNOWN_NOT_PUBLISHED,UNKNOWN_NOT_PUBLISHED,ACCEPTED_AVAILABLE,ELIGIBLE_TO_APPLY,bcit_international_program_list_positive_flag,https://www.bcit.ca/programs/digital-marketing-strategy-associate-certificate-part-time-6385acert/,,,Refer to official program page,https://www.bcit.ca/programs/digital-marketing-strategy-associate-certificate-part-time-6385acert/,2026-09-08
6390ACERT,Marketing Management - Fundraising Management,Associate Certificate,Part-time,https://www.bcit.ca/programs/marketing-management-fundraising-management-associate-certificate-part-time-6390acert/,false,false,false,true,true,false,true,false,UNKNOWN_NOT_PUBLISHED,UNKNOWN_NOT_PUBLISHED,UNKNOWN_NOT_PUBLISHED,ACCEPTED_AVAILABLE,UNKNOWN_NOT_PUBLISHED,bcit_international_program_list_positive_flag,https://www.bcit.ca/programs/marketing-management-fundraising-management-associate-certificate-part-time-6390acert/,,,Refer to official program page,https://www.bcit.ca/programs/marketing-management-fundraising-management-associate-certificate-part-time-6390acert/,2026-09-08
6422DIPMA,Marketing Management,Diploma,Full-time,https://www.bcit.ca/programs/marketing-management-diploma-full-time-6422dipma/,true,true,false,false,false,false,true,false,UNKNOWN_NOT_PUBLISHED,UNKNOWN_NOT_PUBLISHED,UNKNOWN_NOT_PUBLISHED,ACCEPTED_AVAILABLE,UNKNOWN_NOT_PUBLISHED,bcit_international_program_list_positive_flag,https://www.bcit.ca/programs/marketing-management-diploma-full-time-6422dipma/,,,Refer to official program page,https://www.bcit.ca/programs/marketing-management-diploma-full-time-6422dipma/,2026-09-08
6425ACERT,Technical Writing,Associate Certificate,Part-time,https://www.bcit.ca/programs/technical-writing-associate-certificate-part-time-6425acert/,false,false,false,true,true,false,true,false,UNKNOWN_NOT_PUBLISHED,UNKNOWN_NOT_PUBLISHED,UNKNOWN_NOT_PUBLISHED,ACCEPTED_AVAILABLE,UNKNOWN_NOT_PUBLISHED,bcit_international_program_list_positive_flag,https://www.bcit.ca/programs/technical-writing-associate-certificate-part-time-6425acert/,,,Refer to official program page,https://www.bcit.ca/programs/technical-writing-associate-certificate-part-time-6425acert/,2026-09-08
642ADIPMA,Marketing Management (Digital Marketing and Brand Strategy Option),Diploma,Full-time,https://www.bcit.ca/programs/marketing-management-digital-marketing-and-brand-strategy-option-diploma-full-time-642adipma/,true,true,true,false,false,false,false,false,UNKNOWN_NOT_PUBLISHED,UNKNOWN_NOT_PUBLISHED,UNKNOWN_NOT_PUBLISHED,ACCEPTED_AVAILABLE,ELIGIBLE_TO_APPLY,bcit_international_program_list_positive_flag,https://www.bcit.ca/programs/marketing-management-digital-marketing-and-brand-strategy-option-diploma-full-time-642adipma/,,,Refer to official program page,https://www.bcit.ca/programs/marketing-management-digital-marketing-and-brand-strategy-option-diploma-full-time-642adipma/,2026-09-08
642BDIPMA,Marketing Management (Professional Sales Option),Diploma,Full-time,https://www.bcit.ca/programs/marketing-management-professional-sales-option-diploma-full-time-642bdipma/,true,true,false,false,false,false,false,false,UNKNOWN_NOT_PUBLISHED,UNKNOWN_NOT_PUBLISHED,UNKNOWN_NOT_PUBLISHED,ACCEPTED_AVAILABLE,UNKNOWN_NOT_PUBLISHED,bcit_international_program_list_positive_flag,https://www.bcit.ca/programs/marketing-management-professional-sales-option-diploma-full-time-642bdipma/,,,Refer to official program page,https://www.bcit.ca/programs/marketing-management-professional-sales-option-diploma-full-time-642bdipma/,2026-09-08
642CDIPMA,Marketing Management (Entrepreneurship Option),Diploma,Full-time,https://www.bcit.ca/programs/marketing-management-entrepreneurship-option-diploma-full-time-642cdipma/,true,true,false,false,false,false,false,false,UNKNOWN_NOT_PUBLISHED,UNKNOWN_NOT_PUBLISHED,UNKNOWN_NOT_PUBLISHED,ACCEPTED_AVAILABLE,UNKNOWN_NOT_PUBLISHED,bcit_international_program_list_positive_flag,https://www.bcit.ca/programs/marketing-management-entrepreneurship-option-diploma-full-time-642cdipma/,,,Refer to official program page,https://www.bcit.ca/programs/marketing-management-entrepreneurship-option-diploma-full-time-642cdipma/,2026-09-08
642DDIPMA,Marketing Management (Professional Real Estate Option),Diploma,Full-time,https://www.bcit.ca/programs/marketing-management-professional-real-estate-option-diploma-full-time-642ddipma/,true,true,false,false,false,false,false,false,UNKNOWN_NOT_PUBLISHED,UNKNOWN_NOT_PUBLISHED,UNKNOWN_NOT_PUBLISHED,ACCEPTED_AVAILABLE,UNKNOWN_NOT_PUBLISHED,bcit_international_program_list_positive_flag,https://www.bcit.ca/programs/marketing-management-professional-real-estate-option-diploma-full-time-642ddipma/,,,Refer to official program page,https://www.bcit.ca/programs/marketing-management-professional-real-estate-option-diploma-full-time-642ddipma/,2026-09-08
642EDIPMA,Marketing Management (Tourism Marketing and Sales Option),Diploma,Full-time,https://www.bcit.ca/programs/marketing-management-tourism-marketing-and-sales-option-diploma-full-time-642edipma/,true,true,false,false,false,false,false,false,UNKNOWN_NOT_PUBLISHED,UNKNOWN_NOT_PUBLISHED,UNKNOWN_NOT_PUBLISHED,ACCEPTED_AVAILABLE,UNKNOWN_NOT_PUBLISHED,bcit_international_program_list_positive_flag,https://www.bcit.ca/programs/marketing-management-tourism-marketing-and-sales-option-diploma-full-time-642edipma/,,,Refer to official program page,https://www.bcit.ca/programs/marketing-management-tourism-marketing-and-sales-option-diploma-full-time-642edipma/,2026-09-08
6450MCERT,Media Techniques for Business,Certificate,Part-time,https://www.bcit.ca/programs/media-techniques-for-business-certificate-part-time-6450mcert/,false,false,false,true,true,false,true,false,UNKNOWN_NOT_PUBLISHED,UNKNOWN_NOT_PUBLISHED,UNKNOWN_NOT_PUBLISHED,ACCEPTED_AVAILABLE,UNKNOWN_NOT_PUBLISHED,bcit_international_program_list_positive_flag,https://www.bcit.ca/programs/media-techniques-for-business-certificate-part-time-6450mcert/,,,Refer to official program page,https://www.bcit.ca/programs/media-techniques-for-business-certificate-part-time-6450mcert/,2026-09-08
6465ACERT,Web and Mobile Application Development,Associate Certificate,Part-time,https://www.bcit.ca/programs/web-and-mobile-application-development-associate-certificate-part-time-6465acert/,false,false,false,false,false,false,true,false,UNKNOWN_NOT_PUBLISHED,UNKNOWN_NOT_PUBLISHED,UNKNOWN_NOT_PUBLISHED,UNKNOWN_NOT_PUBLISHED,UNKNOWN_NOT_PUBLISHED,no_explicit_governing_evidence,https://www.bcit.ca/programs/web-and-mobile-application-development-associate-certificate-part-time-6465acert/,,,Refer to official program page,https://www.bcit.ca/programs/web-and-mobile-application-development-associate-certificate-part-time-6465acert/,2026-09-08
6505ACERT,Graphic Design Foundations,Associate Certificate,Part-time,https://www.bcit.ca/programs/graphic-design-foundations-associate-certificate-part-time-6505acert/,false,false,false,true,true,false,true,false,UNKNOWN_NOT_PUBLISHED,UNKNOWN_NOT_PUBLISHED,UNKNOWN_NOT_PUBLISHED,ACCEPTED_AVAILABLE,UNKNOWN_NOT_PUBLISHED,bcit_international_program_list_positive_flag,https://www.bcit.ca/programs/graphic-design-foundations-associate-certificate-part-time-6505acert/,,,Refer to official program page,https://www.bcit.ca/programs/graphic-design-foundations-associate-certificate-part-time-6505acert/,2026-09-08
6515DIPMA,Digital Design and Development,Diploma,Full-time,https://www.bcit.ca/programs/digital-design-and-development-diploma-full-time-6515dipma/,true,true,true,false,false,false,true,false,UNKNOWN_NOT_PUBLISHED,UNKNOWN_NOT_PUBLISHED,UNKNOWN_NOT_PUBLISHED,ACCEPTED_AVAILABLE,ELIGIBLE_TO_APPLY,bcit_international_program_list_positive_flag,https://www.bcit.ca/programs/digital-design-and-development-diploma-full-time-6515dipma/,,,Refer to official program page,https://www.bcit.ca/programs/digital-design-and-development-diploma-full-time-6515dipma/,2026-09-08
6525DIPMA,New Media Design and Web Development,Diploma,Full-time,https://www.bcit.ca/programs/new-media-design-and-web-development-diploma-full-time-6525dipma/,true,true,true,false,false,false,true,false,UNKNOWN_NOT_PUBLISHED,UNKNOWN_NOT_PUBLISHED,UNKNOWN_NOT_PUBLISHED,ACCEPTED_AVAILABLE,ELIGIBLE_TO_APPLY,bcit_international_program_list_positive_flag,https://www.bcit.ca/programs/new-media-design-and-web-development-diploma-full-time-6525dipma/,,,Refer to official program page,https://www.bcit.ca/programs/new-media-design-and-web-development-diploma-full-time-6525dipma/,2026-09-08
6530CERT,Construction Estimating,Certificate,Part-time,https://www.bcit.ca/programs/construction-estimating-certificate-part-time-6530cert/,false,false,false,true,true,true,true,false,UNKNOWN_NOT_PUBLISHED,UNKNOWN_NOT_PUBLISHED,UNKNOWN_NOT_PUBLISHED,ACCEPTED_AVAILABLE,ELIGIBLE_TO_APPLY,bcit_international_program_list_positive_flag,https://www.bcit.ca/programs/construction-estimating-certificate-part-time-6530cert/,,,Refer to official program page,https://www.bcit.ca/programs/construction-estimating-certificate-part-time-6530cert/,2026-09-08
6535CERT,Front-End Web Developer,Certificate,Full-time,https://www.bcit.ca/programs/front-end-web-developer-certificate-full-time-6535cert/,true,true,false,false,false,false,true,false,UNKNOWN_NOT_PUBLISHED,UNKNOWN_NOT_PUBLISHED,UNKNOWN_NOT_PUBLISHED,ACCEPTED_AVAILABLE,UNKNOWN_NOT_PUBLISHED,bcit_international_program_list_positive_flag,https://www.bcit.ca/programs/front-end-web-developer-certificate-full-time-6535cert/,,,Refer to official program page,https://www.bcit.ca/programs/front-end-web-developer-certificate-full-time-6535cert/,2026-09-08
6575DIPMA,"3D Modeling, Art and Animation",Diploma,Full-time,https://www.bcit.ca/programs/3d-modeling-art-and-animation-diploma-full-time-6575dipma/,true,true,false,false,false,false,true,false,UNKNOWN_NOT_PUBLISHED,UNKNOWN_NOT_PUBLISHED,UNKNOWN_NOT_PUBLISHED,ACCEPTED_AVAILABLE,UNKNOWN_NOT_PUBLISHED,bcit_international_program_list_positive_flag,https://www.bcit.ca/programs/3d-modeling-art-and-animation-diploma-full-time-6575dipma/,,,Refer to official program page,https://www.bcit.ca/programs/3d-modeling-art-and-animation-diploma-full-time-6575dipma/,2026-09-07
6585CERT,Graphic Design,Certificate,Full-time/Part-time,https://www.bcit.ca/programs/graphic-design-certificate-full-time-part-time-6585cert/,true,true,true,true,true,true,true,true,UNKNOWN_NOT_PUBLISHED,UNKNOWN_NOT_PUBLISHED,UNKNOWN_NOT_PUBLISHED,ACCEPTED_AVAILABLE,ELIGIBLE_TO_APPLY,bcit_international_program_list_positive_flag,https://www.bcit.ca/programs/graphic-design-certificate-full-time-part-time-6585cert/,,,Refer to official program page,https://www.bcit.ca/programs/graphic-design-certificate-full-time-part-time-6585cert/,2026-09-08
6590ACERT,Tourism and Hospitality,Associate Certificate,Part-time,https://www.bcit.ca/programs/tourism-and-hospitality-associate-certificate-part-time-6590acert/,false,false,false,true,true,false,true,false,UNKNOWN_NOT_PUBLISHED,UNKNOWN_NOT_PUBLISHED,UNKNOWN_NOT_PUBLISHED,ACCEPTED_AVAILABLE,UNKNOWN_NOT_PUBLISHED,bcit_international_program_list_positive_flag,https://www.bcit.ca/programs/tourism-and-hospitality-associate-certificate-part-time-6590acert/,,,Refer to official program page,https://www.bcit.ca/programs/tourism-and-hospitality-associate-certificate-part-time-6590acert/,2026-09-08
6595DIPMA,Graphic Design and Interactive Media,Diploma,Part-time,https://www.bcit.ca/programs/graphic-design-and-interactive-media-diploma-part-time-6595dipma/,false,false,false,true,true,true,true,false,UNKNOWN_NOT_PUBLISHED,UNKNOWN_NOT_PUBLISHED,UNKNOWN_NOT_PUBLISHED,ACCEPTED_AVAILABLE,ELIGIBLE_TO_APPLY,bcit_international_program_list_positive_flag,https://www.bcit.ca/programs/graphic-design-and-interactive-media-diploma-part-time-6595dipma/,,,Refer to official program page,https://www.bcit.ca/programs/graphic-design-and-interactive-media-diploma-part-time-6595dipma/,2026-09-07
6615DIPMA,Medical Laboratory Science,Diploma,Full-time,https://www.bcit.ca/programs/medical-laboratory-science-diploma-full-time-6615dipma/,false,false,false,false,false,false,true,false,UNKNOWN_NOT_PUBLISHED,UNKNOWN_NOT_PUBLISHED,UNKNOWN_NOT_PUBLISHED,UNKNOWN_NOT_PUBLISHED,UNKNOWN_NOT_PUBLISHED,no_explicit_governing_evidence,https://www.bcit.ca/programs/medical-laboratory-science-diploma-full-time-6615dipma/,,,Refer to official program page,https://www.bcit.ca/programs/medical-laboratory-science-diploma-full-time-6615dipma/,2026-09-07
6630ACERT,Medical Office Assistant,Associate Certificate,Part-time,https://www.bcit.ca/programs/medical-office-assistant-associate-certificate-part-time-6630acert/,false,false,false,true,true,false,true,false,UNKNOWN_NOT_PUBLISHED,UNKNOWN_NOT_PUBLISHED,UNKNOWN_NOT_PUBLISHED,ACCEPTED_AVAILABLE,UNKNOWN_NOT_PUBLISHED,bcit_international_program_list_positive_flag,https://www.bcit.ca/programs/medical-office-assistant-associate-certificate-part-time-6630acert/,,,Refer to official program page,https://www.bcit.ca/programs/medical-office-assistant-associate-certificate-part-time-6630acert/,2026-09-08
6635DIPMA,Medical Radiography,Diploma,Full-time,https://www.bcit.ca/programs/medical-radiography-diploma-full-time-6635dipma/,false,false,false,false,false,false,true,false,UNKNOWN_NOT_PUBLISHED,UNKNOWN_NOT_PUBLISHED,UNKNOWN_NOT_PUBLISHED,UNKNOWN_NOT_PUBLISHED,UNKNOWN_NOT_PUBLISHED,no_explicit_governing_evidence,https://www.bcit.ca/programs/medical-radiography-diploma-full-time-6635dipma/,,,Refer to official program page,https://www.bcit.ca/programs/medical-radiography-diploma-full-time-6635dipma/,2026-09-07
6640DIPMA,Mineral Exploration and Mining Technology,Diploma,Full-time,https://www.bcit.ca/programs/mineral-exploration-and-mining-technology-diploma-full-time-6640dipma/,true,true,false,false,false,false,true,false,UNKNOWN_NOT_PUBLISHED,UNKNOWN_NOT_PUBLISHED,UNKNOWN_NOT_PUBLISHED,ACCEPTED_AVAILABLE,UNKNOWN_NOT_PUBLISHED,bcit_international_program_list_positive_flag,https://www.bcit.ca/programs/mineral-exploration-and-mining-technology-diploma-full-time-6640dipma/,,,Refer to official program page,https://www.bcit.ca/programs/mineral-exploration-and-mining-technology-diploma-full-time-6640dipma/,2026-09-08
6645ADCERT,Bridging Medical Radiography,Advanced Certificate,Part-time,https://www.bcit.ca/programs/bridging-medical-radiography-advanced-certificate-part-time-6645adcert/,false,false,false,false,false,false,true,false,UNKNOWN_NOT_PUBLISHED,UNKNOWN_NOT_PUBLISHED,UNKNOWN_NOT_PUBLISHED,UNKNOWN_NOT_PUBLISHED,UNKNOWN_NOT_PUBLISHED,no_explicit_governing_evidence,https://www.bcit.ca/programs/bridging-medical-radiography-advanced-certificate-part-time-6645adcert/,,,Refer to official program page,https://www.bcit.ca/programs/bridging-medical-radiography-advanced-certificate-part-time-6645adcert/,2026-09-08
6705DIPMA,Nuclear Medicine,Diploma,Full-time,https://www.bcit.ca/programs/nuclear-medicine-diploma-full-time-6705dipma/,false,false,false,false,false,false,true,false,UNKNOWN_NOT_PUBLISHED,UNKNOWN_NOT_PUBLISHED,UNKNOWN_NOT_PUBLISHED,UNKNOWN_NOT_PUBLISHED,UNKNOWN_NOT_PUBLISHED,no_explicit_governing_evidence,https://www.bcit.ca/programs/nuclear-medicine-diploma-full-time-6705dipma/,,,Refer to official program page,https://www.bcit.ca/programs/nuclear-medicine-diploma-full-time-6705dipma/,2026-09-08
675FACERT,Fire Protection Inspection and Testing,Associate Certificate,Part-time,https://www.bcit.ca/programs/fire-protection-inspection-and-testing-associate-certificate-part-time-675facert/,false,false,false,false,false,false,true,false,UNKNOWN_NOT_PUBLISHED,UNKNOWN_NOT_PUBLISHED,UNKNOWN_NOT_PUBLISHED,UNKNOWN_NOT_PUBLISHED,UNKNOWN_NOT_PUBLISHED,no_explicit_governing_evidence,https://www.bcit.ca/programs/fire-protection-inspection-and-testing-associate-certificate-part-time-675facert/,,,Refer to official program page,https://www.bcit.ca/programs/fire-protection-inspection-and-testing-associate-certificate-part-time-675facert/,2026-09-08
6760ACERT,Mechanical Systems,Associate Certificate,Part-time,https://www.bcit.ca/programs/mechanical-systems-associate-certificate-part-time-6760acert/,false,false,false,true,true,false,true,false,UNKNOWN_NOT_PUBLISHED,UNKNOWN_NOT_PUBLISHED,UNKNOWN_NOT_PUBLISHED,ACCEPTED_AVAILABLE,UNKNOWN_NOT_PUBLISHED,bcit_international_program_list_positive_flag,https://www.bcit.ca/programs/mechanical-systems-associate-certificate-part-time-6760acert/,,,Refer to official program page,https://www.bcit.ca/programs/mechanical-systems-associate-certificate-part-time-6760acert/,2026-09-08
680BASCERT,Pediatric Nursing Specialty (Standard Option),Advanced Certificate,Part-time,https://www.bcit.ca/programs/pediatric-nursing-specialty-standard-option-advanced-certificate-part-time-680bascert/,false,false,false,true,true,false,false,false,UNKNOWN_NOT_PUBLISHED,UNKNOWN_NOT_PUBLISHED,UNKNOWN_NOT_PUBLISHED,ACCEPTED_AVAILABLE,UNKNOWN_NOT_PUBLISHED,bcit_international_program_list_positive_flag,https://www.bcit.ca/programs/pediatric-nursing-specialty-standard-option-advanced-certificate-part-time-680bascert/,,,Refer to official program page,https://www.bcit.ca/programs/pediatric-nursing-specialty-standard-option-advanced-certificate-part-time-680bascert/,2026-09-08
680CASCERT,Perinatal Nursing Specialty (Standard Option),Advanced Certificate,Part-time,https://www.bcit.ca/programs/perinatal-nursing-specialty-standard-option-advanced-certificate-part-time-680cascert/,false,false,false,true,true,false,false,false,UNKNOWN_NOT_PUBLISHED,UNKNOWN_NOT_PUBLISHED,UNKNOWN_NOT_PUBLISHED,ACCEPTED_AVAILABLE,UNKNOWN_NOT_PUBLISHED,bcit_international_program_list_positive_flag,https://www.bcit.ca/programs/perinatal-nursing-specialty-standard-option-advanced-certificate-part-time-680cascert/,,,Refer to official program page,https://www.bcit.ca/programs/perinatal-nursing-specialty-standard-option-advanced-certificate-part-time-680cascert/,2026-09-08
680EASCERT,Emergency Nursing Specialty (Standard Option),Advanced Certificate,Part-time,https://www.bcit.ca/programs/emergency-nursing-specialty-standard-option-advanced-certificate-part-time-680eascert/,false,false,false,true,true,false,false,false,UNKNOWN_NOT_PUBLISHED,UNKNOWN_NOT_PUBLISHED,UNKNOWN_NOT_PUBLISHED,ACCEPTED_AVAILABLE,UNKNOWN_NOT_PUBLISHED,bcit_international_program_list_positive_flag,https://www.bcit.ca/programs/emergency-nursing-specialty-standard-option-advanced-certificate-part-time-680eascert/,,,Refer to official program page,https://www.bcit.ca/programs/emergency-nursing-specialty-standard-option-advanced-certificate-part-time-680eascert/,2026-09-08
680FASCERT,Neonatal Nursing Specialty,Advanced Certificate,Part-time,https://www.bcit.ca/programs/neonatal-nursing-specialty-advanced-certificate-part-time-680fascert/,false,false,false,true,true,false,false,false,UNKNOWN_NOT_PUBLISHED,UNKNOWN_NOT_PUBLISHED,UNKNOWN_NOT_PUBLISHED,ACCEPTED_AVAILABLE,UNKNOWN_NOT_PUBLISHED,bcit_international_program_list_positive_flag,https://www.bcit.ca/programs/neonatal-nursing-specialty-advanced-certificate-part-time-680fascert/,,,Refer to official program page,https://www.bcit.ca/programs/neonatal-nursing-specialty-advanced-certificate-part-time-680fascert/,2026-09-08
680LASCERT,Critical Care Nursing Specialty (Combined Critical Care/Emergency Option),Advanced Certificate,Part-time,https://www.bcit.ca/programs/critical-care-nursing-specialty-combined-critical-care-emergency-option-advanced-certificate-part-time-680lascert/,false,false,false,true,true,false,false,false,UNKNOWN_NOT_PUBLISHED,UNKNOWN_NOT_PUBLISHED,UNKNOWN_NOT_PUBLISHED,ACCEPTED_AVAILABLE,UNKNOWN_NOT_PUBLISHED,bcit_international_program_list_positive_flag,https://www.bcit.ca/programs/critical-care-nursing-specialty-combined-critical-care-emergency-option-advanced-certificate-part-time-680lascert/,,,Refer to official program page,https://www.bcit.ca/programs/critical-care-nursing-specialty-combined-critical-care-emergency-option-advanced-certificate-part-time-680lascert/,2026-09-08
680MASCERT,Nephrology Nursing Specialty,Advanced Certificate,Part-time,https://www.bcit.ca/programs/nephrology-nursing-specialty-advanced-certificate-part-time-680mascert/,false,false,false,true,true,false,false,false,UNKNOWN_NOT_PUBLISHED,UNKNOWN_NOT_PUBLISHED,UNKNOWN_NOT_PUBLISHED,ACCEPTED_AVAILABLE,UNKNOWN_NOT_PUBLISHED,bcit_international_program_list_positive_flag,https://www.bcit.ca/programs/nephrology-nursing-specialty-advanced-certificate-part-time-680mascert/,,,Refer to official program page,https://www.bcit.ca/programs/nephrology-nursing-specialty-advanced-certificate-part-time-680mascert/,2026-09-08
680PASCERT,Perioperative Nursing Specialty,Advanced Certificate,Part-time,https://www.bcit.ca/programs/perioperative-nursing-specialty-advanced-certificate-part-time-680pascert/,false,false,false,true,true,false,false,false,UNKNOWN_NOT_PUBLISHED,UNKNOWN_NOT_PUBLISHED,UNKNOWN_NOT_PUBLISHED,ACCEPTED_AVAILABLE,UNKNOWN_NOT_PUBLISHED,bcit_international_program_list_positive_flag,https://www.bcit.ca/programs/perioperative-nursing-specialty-advanced-certificate-part-time-680pascert/,,,Refer to official program page,https://www.bcit.ca/programs/perioperative-nursing-specialty-advanced-certificate-part-time-680pascert/,2026-09-08
680SASCERT,Emergency Nursing Specialty (Combined Emergency/Critical Care Option),Advanced Certificate,Part-time,https://www.bcit.ca/programs/emergency-nursing-specialty-combined-emergency-critical-care-option-advanced-certificate-part-time-680sascert/,false,false,false,true,true,false,false,false,UNKNOWN_NOT_PUBLISHED,UNKNOWN_NOT_PUBLISHED,UNKNOWN_NOT_PUBLISHED,ACCEPTED_AVAILABLE,UNKNOWN_NOT_PUBLISHED,bcit_international_program_list_positive_flag,https://www.bcit.ca/programs/emergency-nursing-specialty-combined-emergency-critical-care-option-advanced-certificate-part-time-680sascert/,,,Refer to official program page,https://www.bcit.ca/programs/emergency-nursing-specialty-combined-emergency-critical-care-option-advanced-certificate-part-time-680sascert/,2026-09-08
680VASCERT,Perinatal Nursing Specialty (Perinatal - Perioperative Option),Advanced Certificate,Part-time,https://www.bcit.ca/programs/perinatal-nursing-specialty-perinatal-perioperative-option-advanced-certificate-part-time-680vascert/,false,false,false,true,true,false,false,false,UNKNOWN_NOT_PUBLISHED,UNKNOWN_NOT_PUBLISHED,UNKNOWN_NOT_PUBLISHED,ACCEPTED_AVAILABLE,UNKNOWN_NOT_PUBLISHED,bcit_international_program_list_positive_flag,https://www.bcit.ca/programs/perinatal-nursing-specialty-perinatal-perioperative-option-advanced-certificate-part-time-680vascert/,,,Refer to official program page,https://www.bcit.ca/programs/perinatal-nursing-specialty-perinatal-perioperative-option-advanced-certificate-part-time-680vascert/,2026-09-08
680WASCERT,High Acuity Nursing Specialty,Advanced Certificate,Part-time,https://www.bcit.ca/programs/high-acuity-nursing-specialty-advanced-certificate-part-time-680wascert/,false,false,false,true,true,false,false,false,UNKNOWN_NOT_PUBLISHED,UNKNOWN_NOT_PUBLISHED,UNKNOWN_NOT_PUBLISHED,ACCEPTED_AVAILABLE,UNKNOWN_NOT_PUBLISHED,bcit_international_program_list_positive_flag,https://www.bcit.ca/programs/high-acuity-nursing-specialty-advanced-certificate-part-time-680wascert/,,,Refer to official program page,https://www.bcit.ca/programs/high-acuity-nursing-specialty-advanced-certificate-part-time-680wascert/,2026-09-08
680XADCERT,Critical Care Nursing Specialty,Advanced Certificate,Part-time,https://www.bcit.ca/programs/critical-care-nursing-specialty-advanced-certificate-part-time-680xadcert/,false,false,false,true,true,false,false,false,UNKNOWN_NOT_PUBLISHED,UNKNOWN_NOT_PUBLISHED,UNKNOWN_NOT_PUBLISHED,ACCEPTED_AVAILABLE,UNKNOWN_NOT_PUBLISHED,bcit_international_program_list_positive_flag,https://www.bcit.ca/programs/critical-care-nursing-specialty-advanced-certificate-part-time-680xadcert/,,,Refer to official program page,https://www.bcit.ca/programs/critical-care-nursing-specialty-advanced-certificate-part-time-680xadcert/,2026-09-08
680YADCERT,Emergency Nursing Specialty (Pediatric Emergency Option),Advanced Certificate,Part-time,https://www.bcit.ca/programs/emergency-nursing-specialty-pediatric-emergency-option-advanced-certificate-part-time-680yadcert/,false,false,false,true,true,false,false,false,UNKNOWN_NOT_PUBLISHED,UNKNOWN_NOT_PUBLISHED,UNKNOWN_NOT_PUBLISHED,ACCEPTED_AVAILABLE,UNKNOWN_NOT_PUBLISHED,bcit_international_program_list_positive_flag,https://www.bcit.ca/programs/emergency-nursing-specialty-pediatric-emergency-option-advanced-certificate-part-time-680yadcert/,,,Refer to official program page,https://www.bcit.ca/programs/emergency-nursing-specialty-pediatric-emergency-option-advanced-certificate-part-time-680yadcert/,2026-09-08
680ZADCERT,Pediatric Nursing Specialty (Critical Care Option),Advanced Certificate,Part-time,https://www.bcit.ca/programs/pediatric-nursing-specialty-critical-care-option-advanced-certificate-part-time-680zadcert/,false,false,false,true,true,false,false,false,UNKNOWN_NOT_PUBLISHED,UNKNOWN_NOT_PUBLISHED,UNKNOWN_NOT_PUBLISHED,ACCEPTED_AVAILABLE,UNKNOWN_NOT_PUBLISHED,bcit_international_program_list_positive_flag,https://www.bcit.ca/programs/pediatric-nursing-specialty-critical-care-option-advanced-certificate-part-time-680zadcert/,,,Refer to official program page,https://www.bcit.ca/programs/pediatric-nursing-specialty-critical-care-option-advanced-certificate-part-time-680zadcert/,2026-09-08
681BADCERT,Pediatric Nursing Specialty (Anesthesia Care Option),Advanced Certificate,Part-time,https://www.bcit.ca/programs/pediatric-nursing-specialty-anesthesia-care-option-advanced-certificate-part-time-681badcert/,false,false,false,true,true,false,false,false,UNKNOWN_NOT_PUBLISHED,UNKNOWN_NOT_PUBLISHED,UNKNOWN_NOT_PUBLISHED,ACCEPTED_AVAILABLE,UNKNOWN_NOT_PUBLISHED,bcit_international_program_list_positive_flag,https://www.bcit.ca/programs/pediatric-nursing-specialty-anesthesia-care-option-advanced-certificate-part-time-681badcert/,,,Refer to official program page,https://www.bcit.ca/programs/pediatric-nursing-specialty-anesthesia-care-option-advanced-certificate-part-time-681badcert/,2026-09-08
6820ASCERT,Cardiovascular Perfusion,Advanced Certificate,Part-time,https://www.bcit.ca/programs/cardiovascular-perfusion-advanced-certificate-part-time-6820ascert/,false,false,false,false,false,false,true,false,UNKNOWN_NOT_PUBLISHED,UNKNOWN_NOT_PUBLISHED,UNKNOWN_NOT_PUBLISHED,UNKNOWN_NOT_PUBLISHED,UNKNOWN_NOT_PUBLISHED,no_explicit_governing_evidence,https://www.bcit.ca/programs/cardiovascular-perfusion-advanced-certificate-part-time-6820ascert/,,,Refer to official program page,https://www.bcit.ca/programs/cardiovascular-perfusion-advanced-certificate-part-time-6820ascert/,2026-09-08
6830ACERT,Leadership,Associate Certificate,Part-time,https://www.bcit.ca/programs/leadership-associate-certificate-part-time-6830acert/,false,false,false,true,true,false,true,false,UNKNOWN_NOT_PUBLISHED,UNKNOWN_NOT_PUBLISHED,UNKNOWN_NOT_PUBLISHED,ACCEPTED_AVAILABLE,UNKNOWN_NOT_PUBLISHED,bcit_international_program_list_positive_flag,https://www.bcit.ca/programs/leadership-associate-certificate-part-time-6830acert/,,,Refer to official program page,https://www.bcit.ca/programs/leadership-associate-certificate-part-time-6830acert/,2026-09-08
6835ADCERT,Pediatric Emergency Nursing Specialty,Advanced Certificate,Part-time,https://www.bcit.ca/programs/pediatric-emergency-nursing-specialty-advanced-certificate-part-time-6835adcert/,false,false,false,true,true,false,false,false,UNKNOWN_NOT_PUBLISHED,UNKNOWN_NOT_PUBLISHED,UNKNOWN_NOT_PUBLISHED,ACCEPTED_AVAILABLE,UNKNOWN_NOT_PUBLISHED,bcit_international_program_list_positive_flag,https://www.bcit.ca/programs/pediatric-emergency-nursing-specialty-advanced-certificate-part-time-6835adcert/,,,Refer to official program page,https://www.bcit.ca/programs/pediatric-emergency-nursing-specialty-advanced-certificate-part-time-6835adcert/,2026-09-08
6850DIPLT,Occupational Health and Safety,Diploma,Full-time,https://www.bcit.ca/programs/occupational-health-and-safety-diploma-full-time-6850diplt/,true,true,true,false,false,false,true,false,UNKNOWN_NOT_PUBLISHED,UNKNOWN_NOT_PUBLISHED,UNKNOWN_NOT_PUBLISHED,ACCEPTED_AVAILABLE,ELIGIBLE_TO_APPLY,bcit_international_program_list_positive_flag,https://www.bcit.ca/programs/occupational-health-and-safety-diploma-full-time-6850diplt/,,,Refer to official program page,https://www.bcit.ca/programs/occupational-health-and-safety-diploma-full-time-6850diplt/,2026-09-08
6860ADCERT,Health Leadership,Advanced Certificate,Part-time,https://www.bcit.ca/programs/health-leadership-advanced-certificate-part-time-6860adcert/,false,false,false,true,true,false,true,true,UNKNOWN_NOT_PUBLISHED,UNKNOWN_NOT_PUBLISHED,UNKNOWN_NOT_PUBLISHED,ACCEPTED_AVAILABLE,UNKNOWN_NOT_PUBLISHED,bcit_international_program_list_positive_flag,https://www.bcit.ca/programs/health-leadership-advanced-certificate-part-time-6860adcert/,,,Refer to official program page,https://www.bcit.ca/programs/health-leadership-advanced-certificate-part-time-6860adcert/,2026-09-08
6890CERT,Advanced Safety Management,Certificate,Part-time,https://www.bcit.ca/programs/advanced-safety-management-certificate-part-time-6890cert/,false,false,false,true,true,false,true,false,UNKNOWN_NOT_PUBLISHED,UNKNOWN_NOT_PUBLISHED,UNKNOWN_NOT_PUBLISHED,ACCEPTED_AVAILABLE,UNKNOWN_NOT_PUBLISHED,bcit_international_program_list_positive_flag,https://www.bcit.ca/programs/advanced-safety-management-certificate-part-time-6890cert/,,,Refer to official program page,https://www.bcit.ca/programs/advanced-safety-management-certificate-part-time-6890cert/,2026-09-08
690AMCERT,Operations Management (Industrial Engineering Option),Certificate,Part-time,https://www.bcit.ca/programs/operations-management-industrial-engineering-option-certificate-part-time-690amcert/,false,false,false,true,true,true,true,false,UNKNOWN_NOT_PUBLISHED,UNKNOWN_NOT_PUBLISHED,UNKNOWN_NOT_PUBLISHED,ACCEPTED_AVAILABLE,ELIGIBLE_TO_APPLY,bcit_international_program_list_positive_flag,https://www.bcit.ca/programs/operations-management-industrial-engineering-option-certificate-part-time-690amcert/,,,Refer to official program page,https://www.bcit.ca/programs/operations-management-industrial-engineering-option-certificate-part-time-690amcert/,2026-09-08
690BMCERT,Operations Management (Management Engineering Option),Certificate,Part-time,https://www.bcit.ca/programs/operations-management-management-engineering-option-certificate-part-time-690bmcert/,false,false,false,true,true,true,true,false,UNKNOWN_NOT_PUBLISHED,UNKNOWN_NOT_PUBLISHED,UNKNOWN_NOT_PUBLISHED,ACCEPTED_AVAILABLE,ELIGIBLE_TO_APPLY,bcit_international_program_list_positive_flag,https://www.bcit.ca/programs/operations-management-management-engineering-option-certificate-part-time-690bmcert/,,,Refer to official program page,https://www.bcit.ca/programs/operations-management-management-engineering-option-certificate-part-time-690bmcert/,2026-09-08
690DMCERT,Operations Management (Materials Management Option),Certificate,Part-time,https://www.bcit.ca/programs/operations-management-materials-management-option-certificate-part-time-690dmcert/,false,false,false,true,true,true,true,false,UNKNOWN_NOT_PUBLISHED,UNKNOWN_NOT_PUBLISHED,UNKNOWN_NOT_PUBLISHED,ACCEPTED_AVAILABLE,ELIGIBLE_TO_APPLY,bcit_international_program_list_positive_flag,https://www.bcit.ca/programs/operations-management-materials-management-option-certificate-part-time-690dmcert/,,,Refer to official program page,https://www.bcit.ca/programs/operations-management-materials-management-option-certificate-part-time-690dmcert/,2026-09-08
690FMCERT,Operations Management (Facilities Management Option),Certificate,Part-time,https://www.bcit.ca/programs/operations-management-facilities-management-option-certificate-part-time-690fmcert/,false,false,false,true,true,false,true,false,UNKNOWN_NOT_PUBLISHED,UNKNOWN_NOT_PUBLISHED,UNKNOWN_NOT_PUBLISHED,ACCEPTED_AVAILABLE,UNKNOWN_NOT_PUBLISHED,bcit_international_program_list_positive_flag,https://www.bcit.ca/programs/operations-management-facilities-management-option-certificate-part-time-690fmcert/,,,Refer to official program page,https://www.bcit.ca/programs/operations-management-facilities-management-option-certificate-part-time-690fmcert/,2026-09-08
6915DIPMA,Operations & Management Engineering,Diploma,Full-time,https://www.bcit.ca/programs/operations-and-management-engineering-diploma-full-time-6915dipma/,true,true,true,false,false,false,true,false,UNKNOWN_NOT_PUBLISHED,UNKNOWN_NOT_PUBLISHED,UNKNOWN_NOT_PUBLISHED,ACCEPTED_AVAILABLE,ELIGIBLE_TO_APPLY,bcit_international_program_list_positive_flag,https://www.bcit.ca/programs/operations-and-management-engineering-diploma-full-time-6915dipma/,,,Refer to official program page,https://www.bcit.ca/programs/operations-and-management-engineering-diploma-full-time-6915dipma/,2026-09-08
6945CERT,Quality and Process Management,Certificate,Part-time,https://www.bcit.ca/programs/quality-and-process-management-certificate-part-time-6945cert/,false,false,false,true,true,false,true,false,UNKNOWN_NOT_PUBLISHED,UNKNOWN_NOT_PUBLISHED,UNKNOWN_NOT_PUBLISHED,ACCEPTED_AVAILABLE,UNKNOWN_NOT_PUBLISHED,bcit_international_program_list_positive_flag,https://www.bcit.ca/programs/quality-and-process-management-certificate-part-time-6945cert/,,,Refer to official program page,https://www.bcit.ca/programs/quality-and-process-management-certificate-part-time-6945cert/,2026-09-08
6957ACERT,Applied Web Development,Associate Certificate,Part-time,https://www.bcit.ca/programs/applied-web-development-associate-certificate-part-time-6957acert/,false,false,false,false,false,false,true,false,UNKNOWN_NOT_PUBLISHED,UNKNOWN_NOT_PUBLISHED,UNKNOWN_NOT_PUBLISHED,UNKNOWN_NOT_PUBLISHED,UNKNOWN_NOT_PUBLISHED,no_explicit_governing_evidence,https://www.bcit.ca/programs/applied-web-development-associate-certificate-part-time-6957acert/,,,Refer to official program page,https://www.bcit.ca/programs/applied-web-development-associate-certificate-part-time-6957acert/,2026-09-08
6958ACERT,Applied Software Development (ASD),Associate Certificate,Part-time,https://www.bcit.ca/programs/applied-software-development-asd-associate-certificate-part-time-6958acert/,false,false,false,false,false,false,true,false,UNKNOWN_NOT_PUBLISHED,UNKNOWN_NOT_PUBLISHED,UNKNOWN_NOT_PUBLISHED,UNKNOWN_NOT_PUBLISHED,UNKNOWN_NOT_PUBLISHED,no_explicit_governing_evidence,https://www.bcit.ca/programs/applied-software-development-asd-associate-certificate-part-time-6958acert/,,,Refer to official program page,https://www.bcit.ca/programs/applied-software-development-asd-associate-certificate-part-time-6958acert/,2026-09-08
6992ACERT,Applied Computer Information Systems (ACIS),Associate Certificate,Part-time,https://www.bcit.ca/programs/applied-computer-information-systems-acis-associate-certificate-part-time-6992acert/,false,false,false,false,false,false,true,false,UNKNOWN_NOT_PUBLISHED,UNKNOWN_NOT_PUBLISHED,UNKNOWN_NOT_PUBLISHED,UNKNOWN_NOT_PUBLISHED,UNKNOWN_NOT_PUBLISHED,no_explicit_governing_evidence,https://www.bcit.ca/programs/applied-computer-information-systems-acis-associate-certificate-part-time-6992acert/,,,Refer to official program page,https://www.bcit.ca/programs/applied-computer-information-systems-acis-associate-certificate-part-time-6992acert/,2026-09-08
6994ACERT,Applied Database Administration and Design,Associate Certificate,Part-time,https://www.bcit.ca/programs/applied-database-administration-and-design-associate-certificate-part-time-6994acert/,false,false,false,false,false,false,true,false,UNKNOWN_NOT_PUBLISHED,UNKNOWN_NOT_PUBLISHED,UNKNOWN_NOT_PUBLISHED,UNKNOWN_NOT_PUBLISHED,UNKNOWN_NOT_PUBLISHED,no_explicit_governing_evidence,https://www.bcit.ca/programs/applied-database-administration-and-design-associate-certificate-part-time-6994acert/,,,Refer to official program page,https://www.bcit.ca/programs/applied-database-administration-and-design-associate-certificate-part-time-6994acert/,2026-09-08
6998CERT,Office Administrator with Technology Program (OAT),Certificate,Full-time,https://www.bcit.ca/programs/office-administrator-with-technology-program-oat-certificate-full-time-6998cert/,true,true,false,false,false,false,true,true,UNKNOWN_NOT_PUBLISHED,UNKNOWN_NOT_PUBLISHED,UNKNOWN_NOT_PUBLISHED,ACCEPTED_AVAILABLE,UNKNOWN_NOT_PUBLISHED,bcit_international_program_list_positive_flag,https://www.bcit.ca/programs/office-administrator-with-technology-program-oat-certificate-full-time-6998cert/,,,Refer to official program page,https://www.bcit.ca/programs/office-administrator-with-technology-program-oat-certificate-full-time-6998cert/,2026-09-08
703ADIPMA,Business Administration (General Option),Diploma,Part-time,https://www.bcit.ca/programs/business-administration-general-option-diploma-part-time-703adipma/,false,false,false,true,true,false,true,true,UNKNOWN_NOT_PUBLISHED,UNKNOWN_NOT_PUBLISHED,UNKNOWN_NOT_PUBLISHED,ACCEPTED_AVAILABLE,UNKNOWN_NOT_PUBLISHED,bcit_international_program_list_positive_flag,https://www.bcit.ca/programs/business-administration-general-option-diploma-part-time-703adipma/,,,Refer to official program page,https://www.bcit.ca/programs/business-administration-general-option-diploma-part-time-703adipma/,2026-09-08
703BDIPMA,Business Administration (Global Studies Option),Diploma,Part-time,https://www.bcit.ca/programs/business-administration-global-studies-option-diploma-part-time-703bdipma/,false,false,false,true,true,false,true,true,UNKNOWN_NOT_PUBLISHED,UNKNOWN_NOT_PUBLISHED,UNKNOWN_NOT_PUBLISHED,ACCEPTED_AVAILABLE,UNKNOWN_NOT_PUBLISHED,bcit_international_program_list_positive_flag,https://www.bcit.ca/programs/business-administration-global-studies-option-diploma-part-time-703bdipma/,,,Refer to official program page,https://www.bcit.ca/programs/business-administration-global-studies-option-diploma-part-time-703bdipma/,2026-09-08
703CDIPMA,Business Administration (Human Resources Option),Diploma,Part-time,https://www.bcit.ca/programs/business-administration-human-resources-option-diploma-part-time-703cdipma/,false,false,false,true,true,false,true,true,UNKNOWN_NOT_PUBLISHED,UNKNOWN_NOT_PUBLISHED,UNKNOWN_NOT_PUBLISHED,ACCEPTED_AVAILABLE,UNKNOWN_NOT_PUBLISHED,bcit_international_program_list_positive_flag,https://www.bcit.ca/programs/business-administration-human-resources-option-diploma-part-time-703cdipma/,,,Refer to official program page,https://www.bcit.ca/programs/business-administration-human-resources-option-diploma-part-time-703cdipma/,2026-09-08
703DDIPMA,Business Administration (Management Option),Diploma,Part-time,https://www.bcit.ca/programs/business-administration-management-option-diploma-part-time-703ddipma/,false,false,false,true,true,false,true,true,UNKNOWN_NOT_PUBLISHED,UNKNOWN_NOT_PUBLISHED,UNKNOWN_NOT_PUBLISHED,ACCEPTED_AVAILABLE,UNKNOWN_NOT_PUBLISHED,bcit_international_program_list_positive_flag,https://www.bcit.ca/programs/business-administration-management-option-diploma-part-time-703ddipma/,,,Refer to official program page,https://www.bcit.ca/programs/business-administration-management-option-diploma-part-time-703ddipma/,2026-09-08
703EDIPMA,Business Administration (Marketing Option),Diploma,Part-time,https://www.bcit.ca/programs/business-administration-marketing-option-diploma-part-time-703edipma/,false,false,false,true,true,false,true,true,UNKNOWN_NOT_PUBLISHED,UNKNOWN_NOT_PUBLISHED,UNKNOWN_NOT_PUBLISHED,ACCEPTED_AVAILABLE,UNKNOWN_NOT_PUBLISHED,bcit_international_program_list_positive_flag,https://www.bcit.ca/programs/business-administration-marketing-option-diploma-part-time-703edipma/,,,Refer to official program page,https://www.bcit.ca/programs/business-administration-marketing-option-diploma-part-time-703edipma/,2026-09-08
7100DIPLT,Prosthetics and Orthotics,Diploma,Full-time,https://www.bcit.ca/programs/prosthetics-and-orthotics-diploma-full-time-7100diplt/,false,false,false,false,false,false,true,false,UNKNOWN_NOT_PUBLISHED,UNKNOWN_NOT_PUBLISHED,UNKNOWN_NOT_PUBLISHED,UNKNOWN_NOT_PUBLISHED,UNKNOWN_NOT_PUBLISHED,no_explicit_governing_evidence,https://www.bcit.ca/programs/prosthetics-and-orthotics-diploma-full-time-7100diplt/,,,Refer to official program page,https://www.bcit.ca/programs/prosthetics-and-orthotics-diploma-full-time-7100diplt/,2026-09-08
7110CERT,Technology Support Professional (TSP),Certificate,Full-time,https://www.bcit.ca/programs/technology-support-professional-tsp-certificate-full-time-7110cert/,true,true,true,false,false,false,true,false,UNKNOWN_NOT_PUBLISHED,UNKNOWN_NOT_PUBLISHED,UNKNOWN_NOT_PUBLISHED,ACCEPTED_AVAILABLE,ELIGIBLE_TO_APPLY,bcit_international_program_list_positive_flag,https://www.bcit.ca/programs/technology-support-professional-tsp-certificate-full-time-7110cert/,,,Refer to official program page,https://www.bcit.ca/programs/technology-support-professional-tsp-certificate-full-time-7110cert/,2026-09-08
7140DIPMA,Architectural and Building Technology,Diploma,Full-time,https://www.bcit.ca/programs/architectural-and-building-technology-diploma-full-time-7140dipma/,true,true,true,false,false,false,true,false,UNKNOWN_NOT_PUBLISHED,UNKNOWN_NOT_PUBLISHED,UNKNOWN_NOT_PUBLISHED,ACCEPTED_AVAILABLE,ELIGIBLE_TO_APPLY,bcit_international_program_list_positive_flag,https://www.bcit.ca/programs/architectural-and-building-technology-diploma-full-time-7140dipma/,,,Refer to official program page,https://www.bcit.ca/programs/architectural-and-building-technology-diploma-full-time-7140dipma/,2026-09-07
7160ADVDIP,Diagnostic Medical Sonography – Cardiac,Advanced Diploma,Full-time,https://www.bcit.ca/programs/diagnostic-medical-sonography-cardiac-advanced-diploma-full-time-7160advdip/,false,false,false,false,false,false,true,false,UNKNOWN_NOT_PUBLISHED,UNKNOWN_NOT_PUBLISHED,UNKNOWN_NOT_PUBLISHED,UNKNOWN_NOT_PUBLISHED,UNKNOWN_NOT_PUBLISHED,no_explicit_governing_evidence,https://www.bcit.ca/programs/diagnostic-medical-sonography-cardiac-advanced-diploma-full-time-7160advdip/,,,Refer to official program page,https://www.bcit.ca/programs/diagnostic-medical-sonography-cardiac-advanced-diploma-full-time-7160advdip/,2026-09-08
7340DIPLT,Mechatronics and Robotics,Diploma,Full-time,https://www.bcit.ca/programs/mechatronics-and-robotics-diploma-full-time-7340diplt/,true,true,false,false,false,false,true,false,UNKNOWN_NOT_PUBLISHED,UNKNOWN_NOT_PUBLISHED,UNKNOWN_NOT_PUBLISHED,ACCEPTED_AVAILABLE,UNKNOWN_NOT_PUBLISHED,bcit_international_program_list_positive_flag,https://www.bcit.ca/programs/mechatronics-and-robotics-diploma-full-time-7340diplt/,,,Refer to official program page,https://www.bcit.ca/programs/mechatronics-and-robotics-diploma-full-time-7340diplt/,2026-09-08
7460MCERT,International Trade and Transportation Logistics,Certificate,Part-time,https://www.bcit.ca/programs/international-trade-and-transportation-logistics-certificate-part-time-7460mcert/,false,false,false,true,true,false,true,false,UNKNOWN_NOT_PUBLISHED,UNKNOWN_NOT_PUBLISHED,UNKNOWN_NOT_PUBLISHED,ACCEPTED_AVAILABLE,UNKNOWN_NOT_PUBLISHED,bcit_international_program_list_positive_flag,https://www.bcit.ca/programs/international-trade-and-transportation-logistics-certificate-part-time-7460mcert/,,,Refer to official program page,https://www.bcit.ca/programs/international-trade-and-transportation-logistics-certificate-part-time-7460mcert/,2026-09-08
7475DIPMA,Global Supply Chain Management,Diploma,Full-time,https://www.bcit.ca/programs/global-supply-chain-management-diploma-full-time-7475dipma/,true,true,true,false,false,false,true,false,UNKNOWN_NOT_PUBLISHED,UNKNOWN_NOT_PUBLISHED,UNKNOWN_NOT_PUBLISHED,ACCEPTED_AVAILABLE,ELIGIBLE_TO_APPLY,bcit_international_program_list_positive_flag,https://www.bcit.ca/programs/global-supply-chain-management-diploma-full-time-7475dipma/,,,Refer to official program page,https://www.bcit.ca/programs/global-supply-chain-management-diploma-full-time-7475dipma/,2026-09-08
7485DIPMA,Forest and Natural Areas Management,Diploma,Full-time,https://www.bcit.ca/programs/forest-and-natural-areas-management-diploma-full-time-7485dipma/,true,false,false,false,false,false,true,false,UNKNOWN_NOT_PUBLISHED,UNKNOWN_NOT_PUBLISHED,UNKNOWN_NOT_PUBLISHED,UNKNOWN_NOT_PUBLISHED,UNKNOWN_NOT_PUBLISHED,no_explicit_governing_evidence,https://www.bcit.ca/programs/forest-and-natural-areas-management-diploma-full-time-7485dipma/,,,Refer to official program page,https://www.bcit.ca/programs/forest-and-natural-areas-management-diploma-full-time-7485dipma/,2026-09-08
7535DIPMA,Geomatics Engineering Technology,Diploma,Full-time,https://www.bcit.ca/programs/geomatics-engineering-technology-diploma-full-time-7535dipma/,true,true,false,false,false,false,true,false,UNKNOWN_NOT_PUBLISHED,UNKNOWN_NOT_PUBLISHED,UNKNOWN_NOT_PUBLISHED,ACCEPTED_AVAILABLE,UNKNOWN_NOT_PUBLISHED,bcit_international_program_list_positive_flag,https://www.bcit.ca/programs/geomatics-engineering-technology-diploma-full-time-7535dipma/,,,Refer to official program page,https://www.bcit.ca/programs/geomatics-engineering-technology-diploma-full-time-7535dipma/,2026-09-08
7610ACERT,Human Resource Management,Associate Certificate,Part-time,https://www.bcit.ca/programs/human-resource-management-associate-certificate-part-time-7610acert/,false,false,false,true,true,false,true,false,UNKNOWN_NOT_PUBLISHED,UNKNOWN_NOT_PUBLISHED,UNKNOWN_NOT_PUBLISHED,ACCEPTED_AVAILABLE,UNKNOWN_NOT_PUBLISHED,bcit_international_program_list_positive_flag,https://www.bcit.ca/programs/human-resource-management-associate-certificate-part-time-7610acert/,,,Refer to official program page,https://www.bcit.ca/programs/human-resource-management-associate-certificate-part-time-7610acert/,2026-09-08
7710DIPMA,Construction Management,Diploma,Part-time,https://www.bcit.ca/programs/construction-management-diploma-part-time-7710dipma/,false,false,false,true,true,true,true,true,UNKNOWN_NOT_PUBLISHED,UNKNOWN_NOT_PUBLISHED,UNKNOWN_NOT_PUBLISHED,ACCEPTED_AVAILABLE,ELIGIBLE_TO_APPLY,bcit_international_program_list_positive_flag,https://www.bcit.ca/programs/construction-management-diploma-part-time-7710dipma/,,,Refer to official program page,https://www.bcit.ca/programs/construction-management-diploma-part-time-7710dipma/,2026-09-08
7870CERT,Construction Supervision,Certificate,Part-time,https://www.bcit.ca/programs/construction-supervision-certificate-part-time-7870cert/,false,false,false,true,true,false,true,false,UNKNOWN_NOT_PUBLISHED,UNKNOWN_NOT_PUBLISHED,UNKNOWN_NOT_PUBLISHED,ACCEPTED_AVAILABLE,UNKNOWN_NOT_PUBLISHED,bcit_international_program_list_positive_flag,https://www.bcit.ca/programs/construction-supervision-certificate-part-time-7870cert/,,,Refer to official program page,https://www.bcit.ca/programs/construction-supervision-certificate-part-time-7870cert/,2026-09-08
7880ACERT,Construction Operations,Associate Certificate,Part-time,https://www.bcit.ca/programs/construction-operations-associate-certificate-part-time-7880acert/,false,false,false,true,true,false,true,false,UNKNOWN_NOT_PUBLISHED,UNKNOWN_NOT_PUBLISHED,UNKNOWN_NOT_PUBLISHED,ACCEPTED_AVAILABLE,UNKNOWN_NOT_PUBLISHED,bcit_international_program_list_positive_flag,https://www.bcit.ca/programs/construction-operations-associate-certificate-part-time-7880acert/,,,Refer to official program page,https://www.bcit.ca/programs/construction-operations-associate-certificate-part-time-7880acert/,2026-09-08
7935DIPMA,"Fish, Wildlife and Recreation",Diploma,Full-time,https://www.bcit.ca/programs/fish-wildlife-and-recreation-diploma-full-time-7935dipma/,true,true,false,false,false,false,true,false,UNKNOWN_NOT_PUBLISHED,UNKNOWN_NOT_PUBLISHED,UNKNOWN_NOT_PUBLISHED,ACCEPTED_AVAILABLE,UNKNOWN_NOT_PUBLISHED,bcit_international_program_list_positive_flag,https://www.bcit.ca/programs/fish-wildlife-and-recreation-diploma-full-time-7935dipma/,,,Refer to official program page,https://www.bcit.ca/programs/fish-wildlife-and-recreation-diploma-full-time-7935dipma/,2026-09-08
7950ASCERT,Magnetic Resonance Imaging,Advanced Certificate,Part-time,https://www.bcit.ca/programs/magnetic-resonance-imaging-advanced-certificate-part-time-7950ascert/,false,false,false,false,false,false,true,false,UNKNOWN_NOT_PUBLISHED,UNKNOWN_NOT_PUBLISHED,UNKNOWN_NOT_PUBLISHED,UNKNOWN_NOT_PUBLISHED,UNKNOWN_NOT_PUBLISHED,no_explicit_governing_evidence,https://www.bcit.ca/programs/magnetic-resonance-imaging-advanced-certificate-part-time-7950ascert/,,,Refer to official program page,https://www.bcit.ca/programs/magnetic-resonance-imaging-advanced-certificate-part-time-7950ascert/,2026-09-08
7975DIPMA,Magnetic Resonance Imaging,Diploma,Full-time,https://www.bcit.ca/programs/magnetic-resonance-imaging-diploma-full-time-7975dipma/,false,false,false,false,false,false,true,false,UNKNOWN_NOT_PUBLISHED,UNKNOWN_NOT_PUBLISHED,UNKNOWN_NOT_PUBLISHED,UNKNOWN_NOT_PUBLISHED,UNKNOWN_NOT_PUBLISHED,no_explicit_governing_evidence,https://www.bcit.ca/programs/magnetic-resonance-imaging-diploma-full-time-7975dipma/,,,Refer to official program page,https://www.bcit.ca/programs/magnetic-resonance-imaging-diploma-full-time-7975dipma/,2026-09-08
7985ACERT,Business Fundamentals,Associate Certificate,Full-time,https://www.bcit.ca/programs/business-fundamentals-associate-certificate-full-time-7985acert/,true,true,false,false,false,false,true,true,UNKNOWN_NOT_PUBLISHED,UNKNOWN_NOT_PUBLISHED,UNKNOWN_NOT_PUBLISHED,ACCEPTED_AVAILABLE,UNKNOWN_NOT_PUBLISHED,bcit_international_program_list_positive_flag,https://www.bcit.ca/programs/business-fundamentals-associate-certificate-full-time-7985acert/,,,Refer to official program page,https://www.bcit.ca/programs/business-fundamentals-associate-certificate-full-time-7985acert/,2026-09-08
8020BENG,Mechanical Engineering,Bachelor of Engineering,Full-time,https://www.bcit.ca/programs/mechanical-engineering-bachelor-of-engineering-full-time-8020beng/,false,false,false,false,false,false,true,false,UNKNOWN_NOT_PUBLISHED,UNKNOWN_NOT_PUBLISHED,UNKNOWN_NOT_PUBLISHED,UNKNOWN_NOT_PUBLISHED,UNKNOWN_NOT_PUBLISHED,no_explicit_governing_evidence,https://www.bcit.ca/programs/mechanical-engineering-bachelor-of-engineering-full-time-8020beng/,,,Refer to official program page,https://www.bcit.ca/programs/mechanical-engineering-bachelor-of-engineering-full-time-8020beng/,2026-09-08
8030BENG,Electrical Engineering,Bachelor of Engineering,Full-time,https://www.bcit.ca/programs/electrical-engineering-bachelor-of-engineering-full-time-8030beng/,false,false,false,false,false,false,true,false,UNKNOWN_NOT_PUBLISHED,UNKNOWN_NOT_PUBLISHED,UNKNOWN_NOT_PUBLISHED,UNKNOWN_NOT_PUBLISHED,UNKNOWN_NOT_PUBLISHED,no_explicit_governing_evidence,https://www.bcit.ca/programs/electrical-engineering-bachelor-of-engineering-full-time-8030beng/,,,Refer to official program page,https://www.bcit.ca/programs/electrical-engineering-bachelor-of-engineering-full-time-8030beng/,2026-09-08
8040BSC,Ecological Restoration,Bachelor of Science,Full-time/Part-time,https://www.bcit.ca/programs/ecological-restoration-bachelor-of-science-full-time-part-time-8040bsc/,true,true,true,true,true,true,true,true,UNKNOWN_NOT_PUBLISHED,UNKNOWN_NOT_PUBLISHED,UNKNOWN_NOT_PUBLISHED,ACCEPTED_AVAILABLE,ELIGIBLE_TO_APPLY,bcit_international_program_list_positive_flag,https://www.bcit.ca/programs/ecological-restoration-bachelor-of-science-full-time-part-time-8040bsc/,,,Refer to official program page,https://www.bcit.ca/programs/ecological-restoration-bachelor-of-science-full-time-part-time-8040bsc/,2026-09-08
8050BTECH,Architectural Science,Bachelor of Architectural Science,Full-time,https://www.bcit.ca/programs/architectural-science-bachelor-of-architectural-science-full-time-8050btech/,true,true,true,false,false,false,true,false,UNKNOWN_NOT_PUBLISHED,UNKNOWN_NOT_PUBLISHED,UNKNOWN_NOT_PUBLISHED,ACCEPTED_AVAILABLE,ELIGIBLE_TO_APPLY,bcit_international_program_list_positive_flag,https://www.bcit.ca/programs/architectural-science-bachelor-of-architectural-science-full-time-8050btech/,,,Refer to official program page,https://www.bcit.ca/programs/architectural-science-bachelor-of-architectural-science-full-time-8050btech/,2026-09-08
810ABSN,"Specialty Nursing (Critical Care - Standard Option), Bachelor of Science in Nursing, Part-time",Bachelor of Science in Nursing,Part-time,https://www.bcit.ca/programs/specialty-nursing-critical-care-standard-option-bachelor-of-science-in-nursing-part-time-810absn/,false,false,false,true,true,false,false,false,CONDITIONAL_RESTRICTED,INELIGIBLE,INELIGIBLE,CONDITIONAL_RESTRICTED,INELIGIBLE,individual_program_page_explicit,https://www.bcit.ca/programs/specialty-nursing-critical-care-standard-option-bachelor-of-science-in-nursing-part-time-810absn/,2026-09-06T07:44:11.429932+00:00,True,,,
810BBSN,"Specialty Nursing (Emergency - Standard Option), Bachelor of Science in Nursing, Part-time",Bachelor of Science in Nursing,Part-time,https://www.bcit.ca/programs/specialty-nursing-emergency-standard-option-bachelor-of-science-in-nursing-part-time-distance-and-online-learning-810bbsn/,false,false,false,true,true,false,false,false,CONDITIONAL_RESTRICTED,INELIGIBLE,INELIGIBLE,CONDITIONAL_RESTRICTED,INELIGIBLE,individual_program_page_explicit,https://www.bcit.ca/programs/specialty-nursing-emergency-standard-option-bachelor-of-science-in-nursing-part-time-distance-and-online-learning-810bbsn/,2026-09-06T07:44:13.464783+00:00,True,,,
810CBSN,"Specialty Nursing (Neonatal), Bachelor of Science in Nursing, Part-time",Bachelor of Science in Nursing,Part-time,https://www.bcit.ca/programs/specialty-nursing-neonatal-bachelor-of-science-in-nursing-part-time-distance-and-online-learning-810cbsn/,false,false,false,true,true,false,false,false,CONDITIONAL_RESTRICTED,INELIGIBLE,INELIGIBLE,CONDITIONAL_RESTRICTED,INELIGIBLE,individual_program_page_explicit,https://www.bcit.ca/programs/specialty-nursing-neonatal-bachelor-of-science-in-nursing-part-time-distance-and-online-learning-810cbsn/,2026-09-06T07:44:17.317063+00:00,True,,,
810DBSN,"Specialty Nursing (Nephrology), Bachelor of Science in Nursing, Part-time",Bachelor of Science in Nursing,Part-time,https://www.bcit.ca/programs/specialty-nursing-nephrology-bachelor-of-science-in-nursing-part-time-810dbsn/,false,false,false,true,true,false,false,false,CONDITIONAL_RESTRICTED,INELIGIBLE,INELIGIBLE,CONDITIONAL_RESTRICTED,INELIGIBLE,individual_program_page_explicit,https://www.bcit.ca/programs/specialty-nursing-nephrology-bachelor-of-science-in-nursing-part-time-810dbsn/,2026-09-06T07:44:18.496489+00:00,True,,,
810FBSN,"Specialty Nursing (Pediatric - Standard Option), Bachelor of Science in Nursing, Part-time",Bachelor of Science in Nursing,Part-time,https://www.bcit.ca/programs/specialty-nursing-pediatric-standard-option-bachelor-of-science-in-nursing-part-time-810fbsn/,false,false,false,true,true,false,false,false,CONDITIONAL_RESTRICTED,INELIGIBLE,INELIGIBLE,CONDITIONAL_RESTRICTED,INELIGIBLE,individual_program_page_explicit,https://www.bcit.ca/programs/specialty-nursing-pediatric-standard-option-bachelor-of-science-in-nursing-part-time-810fbsn/,2026-09-06T07:44:20.539295+00:00,True,,,
810GBSN,"Specialty Nursing (Perinatal - Standard Option), Bachelor of Science in Nursing, Part-time",Bachelor of Science in Nursing,Part-time,https://www.bcit.ca/programs/specialty-nursing-perinatal-standard-option-bachelor-of-science-in-nursing-part-time-810gbsn/,false,false,false,true,true,false,false,false,CONDITIONAL_RESTRICTED,INELIGIBLE,INELIGIBLE,CONDITIONAL_RESTRICTED,INELIGIBLE,individual_program_page_explicit,https://www.bcit.ca/programs/specialty-nursing-perinatal-standard-option-bachelor-of-science-in-nursing-part-time-810gbsn/,2026-09-06T07:44:23.508214+00:00,True,,,
810HBSN,"Specialty Nursing (Perioperative), Bachelor of Science in Nursing, Part-time",Bachelor of Science in Nursing,Part-time,https://www.bcit.ca/programs/specialty-nursing-perioperative-bachelor-of-science-in-nursing-part-time-810hbsn/,false,false,false,true,true,false,false,false,CONDITIONAL_RESTRICTED,INELIGIBLE,INELIGIBLE,CONDITIONAL_RESTRICTED,INELIGIBLE,individual_program_page_explicit,https://www.bcit.ca/programs/specialty-nursing-perioperative-bachelor-of-science-in-nursing-part-time-810hbsn/,2026-09-06T07:44:24.945315+00:00,True,,,
810KBSN,"Specialty Nursing (Critical Care - Combined Critical Care/Emergency Option), Bachelor of Science in Nursing, Part-time",Bachelor of Science in Nursing,Part-time,https://www.bcit.ca/programs/specialty-nursing-critical-care-combined-critical-care-emergency-option-bachelor-of-science-in-nursing-part-time-distance-and-online-learning-810kbsn/,false,false,false,true,true,false,false,false,CONDITIONAL_RESTRICTED,INELIGIBLE,INELIGIBLE,CONDITIONAL_RESTRICTED,INELIGIBLE,individual_program_page_explicit,https://www.bcit.ca/programs/specialty-nursing-critical-care-combined-critical-care-emergency-option-bachelor-of-science-in-nursing-part-time-distance-and-online-learning-810kbsn/,2026-09-06T07:44:10.795291+00:00,True,,,
810MBSN,"Specialty Nursing (High Acuity), Bachelor of Science in Nursing, Part-time",Bachelor of Science in Nursing,Part-time,https://www.bcit.ca/programs/specialty-nursing-high-acuity-bachelor-of-science-in-nursing-part-time-810mbsn/,false,false,false,true,true,false,false,false,CONDITIONAL_RESTRICTED,INELIGIBLE,INELIGIBLE,CONDITIONAL_RESTRICTED,INELIGIBLE,individual_program_page_explicit,https://www.bcit.ca/programs/specialty-nursing-high-acuity-bachelor-of-science-in-nursing-part-time-810mbsn/,2026-09-06T07:44:16.091167+00:00,True,,,
810NBSN,"Specialty Nursing (Emergency - Combined Emergency/Critical Care Option), Bachelor of Science in Nursing, Part-time",Bachelor of Science in Nursing,Part-time,https://www.bcit.ca/programs/specialty-nursing-emergency-combined-emergency-critical-care-option-bachelor-of-science-in-nursing-part-time-distance-and-online-learning-810nbsn/,false,false,false,true,true,false,false,false,CONDITIONAL_RESTRICTED,INELIGIBLE,INELIGIBLE,CONDITIONAL_RESTRICTED,INELIGIBLE,individual_program_page_explicit,https://www.bcit.ca/programs/specialty-nursing-emergency-combined-emergency-critical-care-option-bachelor-of-science-in-nursing-part-time-distance-and-online-learning-810nbsn/,2026-09-06T07:44:12.096544+00:00,True,,,
810QBSN,"Specialty Nursing (Pediatric - Critical Care Option), Bachelor of Science in Nursing, Part-time",Bachelor of Science in Nursing,Part-time,https://www.bcit.ca/programs/specialty-nursing-pediatric-critical-care-option-bachelor-of-science-in-nursing-part-time-810qbsn/,false,false,false,true,true,false,false,false,CONDITIONAL_RESTRICTED,INELIGIBLE,INELIGIBLE,CONDITIONAL_RESTRICTED,INELIGIBLE,individual_program_page_explicit,https://www.bcit.ca/programs/specialty-nursing-pediatric-critical-care-option-bachelor-of-science-in-nursing-part-time-810qbsn/,2026-09-06T07:44:19.742398+00:00,True,,,
810SBSN,"Specialty Nursing (Perinatal - Perioperative Option), Bachelor of Science in Nursing, Part-time",Bachelor of Science in Nursing,Part-time,https://www.bcit.ca/programs/specialty-nursing-perinatal-perioperative-option-bachelor-of-science-in-nursing-part-time-810sbsn/,false,false,false,true,true,false,false,false,CONDITIONAL_RESTRICTED,INELIGIBLE,INELIGIBLE,CONDITIONAL_RESTRICTED,INELIGIBLE,individual_program_page_explicit,https://www.bcit.ca/programs/specialty-nursing-perinatal-perioperative-option-bachelor-of-science-in-nursing-part-time-810sbsn/,2026-09-06T07:44:21.964444+00:00,True,,,
8120BTECH,Environmental Engineering,Bachelor of Technology,Full-time/Part-time,https://www.bcit.ca/programs/environmental-engineering-bachelor-of-technology-full-time-part-time-8120btech/,true,true,true,true,true,true,false,false,UNKNOWN_NOT_PUBLISHED,UNKNOWN_NOT_PUBLISHED,UNKNOWN_NOT_PUBLISHED,ACCEPTED_AVAILABLE,ELIGIBLE_TO_APPLY,bcit_international_program_list_positive_flag,https://www.bcit.ca/programs/environmental-engineering-bachelor-of-technology-full-time-part-time-8120btech/,,,Refer to official program page,https://www.bcit.ca/programs/environmental-engineering-bachelor-of-technology-full-time-part-time-8120btech/,2026-09-08
830ABHSC,Bachelor of Health Science (Magnetic Resonance Imaging Option),Bachelor of Health Science,Part-time,https://www.bcit.ca/programs/bachelor-of-health-science-magnetic-resonance-imaging-option-bachelor-of-health-science-part-time-830abhsc/,false,false,false,false,false,false,true,false,UNKNOWN_NOT_PUBLISHED,UNKNOWN_NOT_PUBLISHED,UNKNOWN_NOT_PUBLISHED,UNKNOWN_NOT_PUBLISHED,UNKNOWN_NOT_PUBLISHED,no_explicit_governing_evidence,https://www.bcit.ca/programs/bachelor-of-health-science-magnetic-resonance-imaging-option-bachelor-of-health-science-part-time-830abhsc/,,,Refer to official program page,https://www.bcit.ca/programs/bachelor-of-health-science-magnetic-resonance-imaging-option-bachelor-of-health-science-part-time-830abhsc/,2026-09-08
8310BTECH,Geographic Information Systems,Bachelor of Technology,Full-time/Part-time,https://www.bcit.ca/programs/geographic-information-systems-bachelor-of-technology-full-time-part-time-8310btech/,true,true,true,true,true,true,true,true,UNKNOWN_NOT_PUBLISHED,UNKNOWN_NOT_PUBLISHED,UNKNOWN_NOT_PUBLISHED,ACCEPTED_AVAILABLE,ELIGIBLE_TO_APPLY,bcit_international_program_list_positive_flag,https://www.bcit.ca/programs/geographic-information-systems-bachelor-of-technology-full-time-part-time-8310btech/,,,Refer to official program page,https://www.bcit.ca/programs/geographic-information-systems-bachelor-of-technology-full-time-part-time-8310btech/,2026-09-08
8350BTECH,Technology Management,Bachelor of Technology,Part-time,https://www.bcit.ca/programs/technology-management-bachelor-of-technology-part-time-8350btech/,false,false,false,true,true,false,true,true,UNKNOWN_NOT_PUBLISHED,UNKNOWN_NOT_PUBLISHED,UNKNOWN_NOT_PUBLISHED,ACCEPTED_AVAILABLE,UNKNOWN_NOT_PUBLISHED,bcit_international_program_list_positive_flag,https://www.bcit.ca/programs/technology-management-bachelor-of-technology-part-time-8350btech/,,,Refer to official program page,https://www.bcit.ca/programs/technology-management-bachelor-of-technology-part-time-8350btech/,2026-09-08
847ABTECH,Forensic Investigation (Crime and Intelligence Analysis Option),Bachelor of Technology,Part-time,https://www.bcit.ca/programs/forensic-investigation-crime-and-intelligence-analysis-option-bachelor-of-technology-part-time-847abtech/,false,false,false,false,false,false,true,true,UNKNOWN_NOT_PUBLISHED,UNKNOWN_NOT_PUBLISHED,UNKNOWN_NOT_PUBLISHED,UNKNOWN_NOT_PUBLISHED,UNKNOWN_NOT_PUBLISHED,no_explicit_governing_evidence,https://www.bcit.ca/programs/forensic-investigation-crime-and-intelligence-analysis-option-bachelor-of-technology-part-time-847abtech/,,,Refer to official program page,https://www.bcit.ca/programs/forensic-investigation-crime-and-intelligence-analysis-option-bachelor-of-technology-part-time-847abtech/,2026-09-08
847BBTECH,Forensic Investigation (Forensic Science Option),Bachelor of Technology,Part-time,https://www.bcit.ca/programs/forensic-investigation-forensic-science-option-bachelor-of-technology-part-time-847bbtech/,false,false,false,true,true,true,true,true,UNKNOWN_NOT_PUBLISHED,UNKNOWN_NOT_PUBLISHED,UNKNOWN_NOT_PUBLISHED,ACCEPTED_AVAILABLE,ELIGIBLE_TO_APPLY,bcit_international_program_list_positive_flag,https://www.bcit.ca/programs/forensic-investigation-forensic-science-option-bachelor-of-technology-part-time-847bbtech/,,,Refer to official program page,https://www.bcit.ca/programs/forensic-investigation-forensic-science-option-bachelor-of-technology-part-time-847bbtech/,2026-09-08
847CBTECH,Forensic Investigation (Digital Forensics and Cybersecurity Option),Bachelor of Technology,Full-time/Part-time,https://www.bcit.ca/programs/forensic-investigation-digital-forensics-and-cybersecurity-option-bachelor-of-technology-full-time-part-time-847cbtech/,true,true,true,true,true,true,true,true,UNKNOWN_NOT_PUBLISHED,UNKNOWN_NOT_PUBLISHED,UNKNOWN_NOT_PUBLISHED,ACCEPTED_AVAILABLE,ELIGIBLE_TO_APPLY,bcit_international_program_list_positive_flag,https://www.bcit.ca/programs/forensic-investigation-digital-forensics-and-cybersecurity-option-bachelor-of-technology-full-time-part-time-847cbtech/,,,Refer to official program page,https://www.bcit.ca/programs/forensic-investigation-digital-forensics-and-cybersecurity-option-bachelor-of-technology-full-time-part-time-847cbtech/,2026-09-08
8520BENVH,Environmental Public Health,Bachelor of Environmental Public Health,Full-time,https://www.bcit.ca/programs/environmental-public-health-bachelor-of-environmental-public-health-full-time-8520benvh/,true,true,true,false,false,false,true,false,UNKNOWN_NOT_PUBLISHED,UNKNOWN_NOT_PUBLISHED,UNKNOWN_NOT_PUBLISHED,ACCEPTED_AVAILABLE,ELIGIBLE_TO_APPLY,bcit_international_program_list_positive_flag,https://www.bcit.ca/programs/environmental-public-health-bachelor-of-environmental-public-health-full-time-8520benvh/,,,Refer to official program page,https://www.bcit.ca/programs/environmental-public-health-bachelor-of-environmental-public-health-full-time-8520benvh/,2026-09-08
8610BENG,Mining and Mineral Resource Engineering,Bachelor of Engineering,Full-time,https://www.bcit.ca/programs/mining-and-mineral-resource-engineering-bachelor-of-engineering-full-time-8610beng/,true,true,true,false,false,false,false,false,UNKNOWN_NOT_PUBLISHED,UNKNOWN_NOT_PUBLISHED,UNKNOWN_NOT_PUBLISHED,ACCEPTED_AVAILABLE,ELIGIBLE_TO_APPLY,bcit_international_program_list_positive_flag,https://www.bcit.ca/programs/mining-and-mineral-resource-engineering-bachelor-of-engineering-full-time-8610beng/,,,Refer to official program page,https://www.bcit.ca/programs/mining-and-mineral-resource-engineering-bachelor-of-engineering-full-time-8610beng/,2026-09-08
8630BACC,Accounting,Bachelor's Degree,Full-time / Part-time (Flexible Learning),https://www.bcit.ca/programs/accounting-bachelor-of-accounting-full-time-part-time-8630bacc/,true,true,true,true,true,true,true,true,ACCEPTED_AVAILABLE,REQUIRED,ELIGIBLE_TO_APPLY,ACCEPTED_AVAILABLE,ELIGIBLE_TO_APPLY,bcit_international_program_list_positive_flag,https://www.bcit.ca/programs/accounting-bachelor-of-accounting-full-time-part-time-8630bacc/,,True,Eligible; study permit required; optional work terms unavailable,https://www.bcit.ca/programs/accounting-bachelor-of-accounting-full-time-part-time-8630bacc/,2026-09-06
8645BSC,Geomatics,Bachelor of Science,Full-time,https://www.bcit.ca/programs/geomatics-bachelor-of-science-full-time-8645bsc/,true,true,true,false,false,false,true,false,UNKNOWN_NOT_PUBLISHED,UNKNOWN_NOT_PUBLISHED,UNKNOWN_NOT_PUBLISHED,ACCEPTED_AVAILABLE,ELIGIBLE_TO_APPLY,bcit_international_program_list_positive_flag,https://www.bcit.ca/programs/geomatics-bachelor-of-science-full-time-8645bsc/,,,Refer to official program page,https://www.bcit.ca/programs/geomatics-bachelor-of-science-full-time-8645bsc/,2026-09-08
8650BSC,Radiation Therapy,Bachelor of Science,Full-time,https://www.bcit.ca/programs/radiation-therapy-bachelor-of-science-full-time-8650bsc/,false,false,false,false,false,false,true,false,UNKNOWN_NOT_PUBLISHED,UNKNOWN_NOT_PUBLISHED,UNKNOWN_NOT_PUBLISHED,UNKNOWN_NOT_PUBLISHED,UNKNOWN_NOT_PUBLISHED,no_explicit_governing_evidence,https://www.bcit.ca/programs/radiation-therapy-bachelor-of-science-full-time-8650bsc/,,,Refer to official program page,https://www.bcit.ca/programs/radiation-therapy-bachelor-of-science-full-time-8650bsc/,2026-09-08
8660BENG,Civil Engineering Bachelor of Engineering,Bachelor's Degree,Full-time,https://www.bcit.ca/programs/civil-engineering-bachelor-of-engineering-full-time-8660beng/,true,true,true,false,false,false,true,false,UNKNOWN_NOT_PUBLISHED,UNKNOWN_NOT_PUBLISHED,UNKNOWN_NOT_PUBLISHED,ACCEPTED_AVAILABLE,ELIGIBLE_TO_APPLY,bcit_international_program_list_positive_flag,https://www.bcit.ca/programs/civil-engineering-bachelor-of-engineering-full-time-8660beng/,,,,,
867ABSC,Applied Computer Science (Games Development Option),Bachelor of Science,Full-time,https://www.bcit.ca/programs/applied-computer-science-games-development-option-bachelor-of-science-full-time-867absc/,true,true,true,false,false,false,true,false,UNKNOWN_NOT_PUBLISHED,UNKNOWN_NOT_PUBLISHED,UNKNOWN_NOT_PUBLISHED,ACCEPTED_AVAILABLE,ELIGIBLE_TO_APPLY,bcit_international_program_list_positive_flag,https://www.bcit.ca/programs/applied-computer-science-games-development-option-bachelor-of-science-full-time-867absc/,,,Refer to official program page,https://www.bcit.ca/programs/applied-computer-science-games-development-option-bachelor-of-science-full-time-867absc/,2026-09-08
867BBSC,Applied Computer Science (Network Security Applications Development Option),Bachelor of Science,Full-time/Part-time,https://www.bcit.ca/programs/applied-computer-science-network-security-applications-development-option-bachelor-of-science-full-time-part-time-867bbsc/,true,true,true,true,true,true,true,true,UNKNOWN_NOT_PUBLISHED,UNKNOWN_NOT_PUBLISHED,UNKNOWN_NOT_PUBLISHED,ACCEPTED_AVAILABLE,ELIGIBLE_TO_APPLY,bcit_international_program_list_positive_flag,https://www.bcit.ca/programs/applied-computer-science-network-security-applications-development-option-bachelor-of-science-full-time-part-time-867bbsc/,,,Refer to official program page,https://www.bcit.ca/programs/applied-computer-science-network-security-applications-development-option-bachelor-of-science-full-time-part-time-867bbsc/,2026-09-08
867CBSC,Applied Computer Science (Database Option),Bachelor of Science,Full-time/Part-time,https://www.bcit.ca/programs/applied-computer-science-database-option-bachelor-of-science-full-time-part-time-867cbsc/,true,true,true,true,true,true,true,true,UNKNOWN_NOT_PUBLISHED,UNKNOWN_NOT_PUBLISHED,UNKNOWN_NOT_PUBLISHED,ACCEPTED_AVAILABLE,ELIGIBLE_TO_APPLY,bcit_international_program_list_positive_flag,https://www.bcit.ca/programs/applied-computer-science-database-option-bachelor-of-science-full-time-part-time-867cbsc/,,,Refer to official program page,https://www.bcit.ca/programs/applied-computer-science-database-option-bachelor-of-science-full-time-part-time-867cbsc/,2026-09-08
867DBSC,Applied Computer Science (Human Computer Interface Option),Bachelor of Science,Part-time,https://www.bcit.ca/programs/applied-computer-science-human-computer-interface-option-bachelor-of-science-part-time-867dbsc/,false,false,false,true,true,true,true,true,UNKNOWN_NOT_PUBLISHED,UNKNOWN_NOT_PUBLISHED,UNKNOWN_NOT_PUBLISHED,ACCEPTED_AVAILABLE,ELIGIBLE_TO_APPLY,bcit_international_program_list_positive_flag,https://www.bcit.ca/programs/applied-computer-science-human-computer-interface-option-bachelor-of-science-part-time-867dbsc/,,,Refer to official program page,https://www.bcit.ca/programs/applied-computer-science-human-computer-interface-option-bachelor-of-science-part-time-867dbsc/,2026-09-08
867EBSC,Applied Computer Science (Network Security Administration Option),Bachelor of Science,Part-time,https://www.bcit.ca/programs/applied-computer-science-network-security-administration-option-bachelor-of-science-part-time-867ebsc/,false,false,false,true,true,true,false,false,UNKNOWN_NOT_PUBLISHED,UNKNOWN_NOT_PUBLISHED,UNKNOWN_NOT_PUBLISHED,ACCEPTED_AVAILABLE,ELIGIBLE_TO_APPLY,bcit_international_program_list_positive_flag,https://www.bcit.ca/programs/applied-computer-science-network-security-administration-option-bachelor-of-science-part-time-867ebsc/,,,Refer to official program page,https://www.bcit.ca/programs/applied-computer-science-network-security-administration-option-bachelor-of-science-part-time-867ebsc/,2026-09-08
867FBSC,Applied Computer Science (Wireless and Mobile Applications Development Option),Bachelor of Science,Part-time,https://www.bcit.ca/programs/applied-computer-science-wireless-and-mobile-applications-development-option-bachelor-of-science-part-time-867fbsc/,false,false,false,true,true,true,true,true,UNKNOWN_NOT_PUBLISHED,UNKNOWN_NOT_PUBLISHED,UNKNOWN_NOT_PUBLISHED,ACCEPTED_AVAILABLE,ELIGIBLE_TO_APPLY,bcit_international_program_list_positive_flag,https://www.bcit.ca/programs/applied-computer-science-wireless-and-mobile-applications-development-option-bachelor-of-science-part-time-867fbsc/,,,Refer to official program page,https://www.bcit.ca/programs/applied-computer-science-wireless-and-mobile-applications-development-option-bachelor-of-science-part-time-867fbsc/,2026-09-08
8800BTECH,Construction Management,Bachelor of Technology / Bachelor's Degree,Full-time and Part-time,https://www.bcit.ca/programs/construction-management-bachelor-of-technology-full-time-part-time-8800btech/,true,true,true,true,true,true,true,true,UNKNOWN_NOT_PUBLISHED,UNKNOWN_NOT_PUBLISHED,UNKNOWN_NOT_PUBLISHED,ACCEPTED_AVAILABLE,ELIGIBLE_TO_APPLY,bcit_international_program_list_positive_flag,https://www.bcit.ca/programs/construction-management-bachelor-of-technology-full-time-part-time-8800btech/,,True,,,
8830BID,Interior Design,Bachelor of Interior Design,Full-time,https://www.bcit.ca/programs/interior-design-bachelor-of-interior-design-full-time-8830bid/,true,true,true,false,false,false,true,false,UNKNOWN_NOT_PUBLISHED,UNKNOWN_NOT_PUBLISHED,UNKNOWN_NOT_PUBLISHED,ACCEPTED_AVAILABLE,ELIGIBLE_TO_APPLY,bcit_international_program_list_positive_flag,https://www.bcit.ca/programs/interior-design-bachelor-of-interior-design-full-time-8830bid/,,,Refer to official program page,https://www.bcit.ca/programs/interior-design-bachelor-of-interior-design-full-time-8830bid/,2026-09-08
8875BSN,"Nursing, Bachelor of Science in Nursing, Full-time",Bachelor of Science in Nursing,Full-time,https://www.bcit.ca/programs/nursing-bachelor-of-science-in-nursing-full-time-8875bsn/,false,false,false,false,false,false,true,false,NOT_ACCEPTED,UNKNOWN_NOT_PUBLISHED,UNKNOWN_NOT_PUBLISHED,NOT_ACCEPTED,UNKNOWN_NOT_PUBLISHED,individual_program_page_explicit,https://www.bcit.ca/programs/nursing-bachelor-of-science-in-nursing-full-time-8875bsn/,2026-09-06T22:59:43.370796+00:00,False,Not available to international students,https://www.bcit.ca/programs/nursing-bachelor-of-science-in-nursing-full-time-8875bsn/,2026-09-06
8900BTECH,Electronics,Bachelor of Technology / Bachelor's Degree,Part-time / Flexible Learning,https://www.bcit.ca/programs/electronics-bachelor-of-technology-part-time-8900btech/,false,false,false,true,true,true,true,true,UNKNOWN_NOT_PUBLISHED,UNKNOWN_NOT_PUBLISHED,UNKNOWN_NOT_PUBLISHED,ACCEPTED_AVAILABLE,ELIGIBLE_TO_APPLY,bcit_international_program_list_positive_flag,https://www.bcit.ca/programs/electronics-bachelor-of-technology-part-time-8900btech/,,True,,,
8910BSC,Honours in Biotechnology,Bachelor of Science,Full-time,https://www.bcit.ca/programs/honours-in-biotechnology-bachelor-of-science-full-time-8910bsc/,true,true,true,false,false,false,false,false,UNKNOWN_NOT_PUBLISHED,UNKNOWN_NOT_PUBLISHED,UNKNOWN_NOT_PUBLISHED,ACCEPTED_AVAILABLE,ELIGIBLE_TO_APPLY,bcit_international_program_list_positive_flag,https://www.bcit.ca/programs/honours-in-biotechnology-bachelor-of-science-full-time-8910bsc/,,,Refer to official program page,https://www.bcit.ca/programs/honours-in-biotechnology-bachelor-of-science-full-time-8910bsc/,2026-09-08
9100FADVDIP,Geographic Information Systems,Advanced Diploma,Full-time,https://www.bcit.ca/programs/geographic-information-systems-advanced-diploma-full-time-9100fadvdip/,true,true,false,false,false,false,false,false,UNKNOWN_NOT_PUBLISHED,UNKNOWN_NOT_PUBLISHED,UNKNOWN_NOT_PUBLISHED,ACCEPTED_AVAILABLE,UNKNOWN_NOT_PUBLISHED,bcit_international_program_list_positive_flag,https://www.bcit.ca/programs/geographic-information-systems-advanced-diploma-full-time-9100fadvdip/,,,Refer to official program page,https://www.bcit.ca/programs/geographic-information-systems-advanced-diploma-full-time-9100fadvdip/,2026-09-08
9100PADVDIP,Geographic Information Systems,Advanced Diploma,Part-time,https://www.bcit.ca/programs/geographic-information-systems-advanced-diploma-part-time-9100padvdip/,false,false,false,true,true,false,false,false,UNKNOWN_NOT_PUBLISHED,UNKNOWN_NOT_PUBLISHED,UNKNOWN_NOT_PUBLISHED,ACCEPTED_AVAILABLE,UNKNOWN_NOT_PUBLISHED,bcit_international_program_list_positive_flag,https://www.bcit.ca/programs/geographic-information-systems-advanced-diploma-part-time-9100padvdip/,,,Refer to official program page,https://www.bcit.ca/programs/geographic-information-systems-advanced-diploma-part-time-9100padvdip/,2026-09-08
9940BSC,Combined Honours in Biochemistry and Forensic Science,Bachelor of Science,Full-time,https://www.bcit.ca/programs/combined-honours-in-biochemistry-and-forensic-science-bachelor-of-science-full-time-9940bsc/,true,true,true,false,false,false,false,false,UNKNOWN_NOT_PUBLISHED,UNKNOWN_NOT_PUBLISHED,UNKNOWN_NOT_PUBLISHED,ACCEPTED_AVAILABLE,ELIGIBLE_TO_APPLY,bcit_international_program_list_positive_flag,https://www.bcit.ca/programs/combined-honours-in-biochemistry-and-forensic-science-bachelor-of-science-full-time-9940bsc/,,True,Available; joint UBC/BCIT program,https://www.bcit.ca/programs/combined-honours-in-biochemistry-and-forensic-science-bachelor-of-science-full-time-9940bsc/,2026-09-07
9975BBA,Bachelor of Business Administration,Bachelor of Business Administration,Full-time/Part-time,https://www.bcit.ca/programs/bachelor-of-business-administration-bachelor-of-business-administration-full-time-part-time-9975bba/,true,true,true,true,true,true,true,true,UNKNOWN_NOT_PUBLISHED,UNKNOWN_NOT_PUBLISHED,UNKNOWN_NOT_PUBLISHED,ACCEPTED_AVAILABLE,ELIGIBLE_TO_APPLY,bcit_international_program_list_positive_flag,https://www.bcit.ca/programs/bachelor-of-business-administration-bachelor-of-business-administration-full-time-part-time-9975bba/,,,Refer to official program page,https://www.bcit.ca/programs/bachelor-of-business-administration-bachelor-of-business-administration-full-time-part-time-9975bba/,2026-09-08
9980BCI,Bachelor of Creative Industries,Bachelor of Creative Industries,Full-time,https://www.bcit.ca/programs/bachelor-of-creative-industries-bachelor-of-creative-industries-full-time-9980bci/,true,true,true,false,false,false,true,false,UNKNOWN_NOT_PUBLISHED,UNKNOWN_NOT_PUBLISHED,UNKNOWN_NOT_PUBLISHED,ACCEPTED_AVAILABLE,ELIGIBLE_TO_APPLY,bcit_international_program_list_positive_flag,https://www.bcit.ca/programs/bachelor-of-creative-industries-bachelor-of-creative-industries-full-time-9980bci/,,,Refer to official program page,https://www.bcit.ca/programs/bachelor-of-creative-industries-bachelor-of-creative-industries-full-time-9980bci/,2026-09-08
A200GRCERT,Building Energy Modelling,Graduate Certificate,Part-time,https://www.bcit.ca/programs/building-energy-modelling-graduate-certificate-part-time-a200grcert/,false,false,false,false,false,false,false,false,UNKNOWN_NOT_PUBLISHED,UNKNOWN_NOT_PUBLISHED,UNKNOWN_NOT_PUBLISHED,UNKNOWN_NOT_PUBLISHED,UNKNOWN_NOT_PUBLISHED,no_explicit_governing_evidence,https://www.bcit.ca/programs/building-energy-modelling-graduate-certificate-part-time-a200grcert/,,,Refer to official program page,https://www.bcit.ca/programs/building-energy-modelling-graduate-certificate-part-time-a200grcert/,2026-09-08
A500GRCERT,Global Leadership,Graduate Certificate,Full-time,https://www.bcit.ca/programs/global-leadership-graduate-certificate-full-time-a500grcert/,true,true,false,false,false,false,false,false,UNKNOWN_NOT_PUBLISHED,UNKNOWN_NOT_PUBLISHED,UNKNOWN_NOT_PUBLISHED,ACCEPTED_AVAILABLE,UNKNOWN_NOT_PUBLISHED,bcit_international_program_list_positive_flag,https://www.bcit.ca/programs/global-leadership-graduate-certificate-full-time-a500grcert/,,,Refer to official program page,https://www.bcit.ca/programs/global-leadership-graduate-certificate-full-time-a500grcert/,2026-09-08
A600GRCERT,Business Analytics,Graduate Certificate,Full-time,https://www.bcit.ca/programs/business-analytics-graduate-certificate-full-time-a600grcert/,true,true,false,false,false,false,true,false,UNKNOWN_NOT_PUBLISHED,UNKNOWN_NOT_PUBLISHED,UNKNOWN_NOT_PUBLISHED,ACCEPTED_AVAILABLE,UNKNOWN_NOT_PUBLISHED,bcit_international_program_list_positive_flag,https://www.bcit.ca/programs/business-analytics-graduate-certificate-full-time-a600grcert/,,,Refer to official program page,https://www.bcit.ca/programs/business-analytics-graduate-certificate-full-time-a600grcert/,2026-09-08
A700GRCERT,Business Administration,Graduate Certificate,Full-time,https://www.bcit.ca/programs/business-administration-graduate-certificate-full-time-a700grcert/,true,true,false,false,false,false,true,false,ACCEPTED_AVAILABLE,REQUIRED,INELIGIBLE,ACCEPTED_AVAILABLE,INELIGIBLE,bcit_international_program_list_positive_flag,https://www.bcit.ca/programs/business-administration-graduate-certificate-full-time-a700grcert/,,True,Available; study permit required; not PGWP eligible (CIP 52.0201),https://www.bcit.ca/programs/business-administration-graduate-certificate-full-time-a700grcert/,2026-09-06
M120MENG,Building Science,Master of Engineering,Full-time/Part-time,https://www.bcit.ca/programs/building-science-master-of-engineering-full-time-part-time-m120meng/,true,true,true,true,true,true,false,false,UNKNOWN_NOT_PUBLISHED,UNKNOWN_NOT_PUBLISHED,UNKNOWN_NOT_PUBLISHED,ACCEPTED_AVAILABLE,ELIGIBLE_TO_APPLY,bcit_international_program_list_positive_flag,https://www.bcit.ca/programs/building-science-master-of-engineering-full-time-part-time-m120meng/,,,Refer to official program page,https://www.bcit.ca/programs/building-science-master-of-engineering-full-time-part-time-m120meng/,2026-09-08
M220MASC,Building Engineering/Building Science,Master of Applied Science,Full-time/Part-time,https://www.bcit.ca/programs/building-engineering-building-science-master-of-applied-science-full-time-part-time-m220masc/,true,true,true,true,true,true,false,false,UNKNOWN_NOT_PUBLISHED,UNKNOWN_NOT_PUBLISHED,UNKNOWN_NOT_PUBLISHED,ACCEPTED_AVAILABLE,ELIGIBLE_TO_APPLY,bcit_international_program_list_positive_flag,https://www.bcit.ca/programs/building-engineering-building-science-master-of-applied-science-full-time-part-time-m220masc/,,,Refer to official program page,https://www.bcit.ca/programs/building-engineering-building-science-master-of-applied-science-full-time-part-time-m220masc/,2026-09-08
M410MSC,Ecological Restoration,Master of Science,Full-time/Part-time,https://www.bcit.ca/programs/ecological-restoration-master-of-science-full-time-part-time-m410msc/,true,true,true,true,true,true,true,true,UNKNOWN_NOT_PUBLISHED,UNKNOWN_NOT_PUBLISHED,UNKNOWN_NOT_PUBLISHED,ACCEPTED_AVAILABLE,ELIGIBLE_TO_APPLY,bcit_international_program_list_positive_flag,https://www.bcit.ca/programs/ecological-restoration-master-of-science-full-time-part-time-m410msc/,,,Refer to official program page,https://www.bcit.ca/programs/ecological-restoration-master-of-science-full-time-part-time-m410msc/,2026-09-08
M500MENG,Smart Grid Systems and Technologies,Master of Engineering,Full-time/Part-time,https://www.bcit.ca/programs/smart-grid-systems-and-technologies-master-of-engineering-full-time-part-time-m500meng/,true,true,true,true,true,true,true,true,UNKNOWN_NOT_PUBLISHED,UNKNOWN_NOT_PUBLISHED,UNKNOWN_NOT_PUBLISHED,ACCEPTED_AVAILABLE,ELIGIBLE_TO_APPLY,bcit_international_program_list_positive_flag,https://www.bcit.ca/programs/smart-grid-systems-and-technologies-master-of-engineering-full-time-part-time-m500meng/,,,Refer to official program page,https://www.bcit.ca/programs/smart-grid-systems-and-technologies-master-of-engineering-full-time-part-time-m500meng/,2026-09-08
M600MSC,Applied Computing,Master of Science / Master's Degree,Full-time,https://www.bcit.ca/programs/applied-computing-master-of-science-full-time-m600msc/,true,true,true,false,false,false,true,false,ACCEPTED_AVAILABLE,REQUIRED,ELIGIBLE_TO_APPLY,ACCEPTED_AVAILABLE,ELIGIBLE_TO_APPLY,bcit_international_program_list_positive_flag,https://www.bcit.ca/programs/applied-computing-master-of-science-full-time-m600msc/,,True,Available to international applicants,https://www.bcit.ca/programs/applied-computing-master-of-science-full-time-m600msc/,2026-09-06
