order,program_id,program_title,proposed_status,approved_action,apply_status,hold_reasons,proposed_db_actions,before_state
1,0800CM,Introductory Studies in Mass Timber Construction,ACCEPTED_AVAILABLE,UPDATE,APPLIED,[],"[{""action"":""UPDATE"",""key"":{""program_id"":""0800CM""},""precondition"":{""authoritative_raw"":""Program length The maximum time to complete this program is seven years. Program delivery Online: This program is delivered fully online. Program location Courses are offered through distance and online learning . Go back Courses Next up Contact Us"",""duration_years"":null,""intake_months"":[],""international_eligibility"":""Refer to official program page"",""last_checked"":""2026-09-08"",""program_id"":""0800CM"",""source_url"":""https://www.bcit.ca/programs/introductory-studies-in-mass-timber-construction-microcredential-part-time-0800cm/"",""terms_per_year"":null,""total_credits"":""5.0""},""table"":""program_delivery_facts"",""values"":{""authoritative_raw"":""Program length The maximum time to complete this program is seven years. Program delivery Online: This program is delivered fully online. Program location Courses are offered through distance and online learning . Go back Courses Next up Contact Us\nInternational evidence: {\""evidence\"":[{\""checked_at\"":\""2026-09-08T17:42:04.887145+00:00\"",\""evidence_type\"":\""international_list_positive_flag\"",\""source_sha256\"":\""80ccc30497514cdabeb24188c92933bde377ee28c660097ccd4abb46138608d4\"",\""url\"":\""https://www.bcit.ca/international-applicants/flexible-credential-programs/\""}],\""offering_scope\"":\""Any Domestic Only offering remains mode/intake-specific.\"",\""pgwp\"":\""UNKNOWN_NOT_PUBLISHED\"",\""status\"":\""ACCEPTED_AVAILABLE\"",\""study_permit\"":\""UNKNOWN_NOT_PUBLISHED\""}"",""international_eligibility"":""ACCEPTED_AVAILABLE"",""last_checked"":""2026-09-08"",""source_url"":""https://www.bcit.ca/programs/introductory-studies-in-mass-timber-construction-microcredential-part-time-0800cm/""}},{""action"":""INSERT"",""key"":{""program_id"":""0800CM"",""rule_name"":""International eligibility source evidence"",""rule_scope"":""INTERNATIONAL"",""study_mode"":""Part-time""},""precondition"":""No semantically equivalent INTERNATIONAL rule exists"",""table"":""academic_rule_sets"",""values"":{""notes"":""{\""evidence\"":[{\""checked_at\"":\""2026-09-08T17:42:04.887145+00:00\"",\""evidence_type\"":\""international_list_positive_flag\"",\""source_sha256\"":\""80ccc30497514cdabeb24188c92933bde377ee28c660097ccd4abb46138608d4\"",\""url\"":\""https://www.bcit.ca/international-applicants/flexible-credential-programs/\""}],\""offering_scope\"":\""Any Domestic Only offering remains mode/intake-specific.\"",\""pgwp\"":\""UNKNOWN_NOT_PUBLISHED\"",\""status\"":\""ACCEPTED_AVAILABLE\"",\""study_permit\"":\""UNKNOWN_NOT_PUBLISHED\""}"",""source_url"":""https://www.bcit.ca/international-applicants/flexible-credential-programs/""}}]","{""delivery_facts"":{""authoritative_raw"":""Program length The maximum time to complete this program is seven years. Program delivery Online: This program is delivered fully online. Program location Courses are offered through distance and online learning . Go back Courses Next up Contact Us"",""duration_years"":null,""intake_months"":[],""international_eligibility"":""Refer to official program page"",""last_checked"":""2026-09-08"",""program_id"":""0800CM"",""source_url"":""https://www.bcit.ca/programs/introductory-studies-in-mass-timber-construction-microcredential-part-time-0800cm/"",""terms_per_year"":null,""total_credits"":""5.0""},""international_conditions"":[],""international_rule_sets"":[],""legacy_accepts_international_students"":null}"
2,0803CM,Script Supervision and Continuity for Film and TV,ACCEPTED_AVAILABLE,UPDATE,APPLIED,[],"[{""action"":""UPDATE"",""key"":{""program_id"":""0803CM""},""precondition"":{""authoritative_raw"":""Program length This is a self-paced Flexible Learning (Part-time Studies) program. The program requires a total of 60 in-class hours. Program delivery In person: This program is delivered on campus. Program location Burnaby Campus 3700 Willingdon Avenue Burnaby, BC Go back Courses Next up Graduating & Jobs"",""duration_years"":null,""intake_months"":[],""international_eligibility"":""Refer to official program page"",""last_checked"":""2026-09-08"",""program_id"":""0803CM"",""source_url"":""https://www.bcit.ca/programs/script-supervision-and-continuity-for-film-and-tv-microcredential-part-time-0803cm/"",""terms_per_year"":null,""total_credits"":""5.0""},""table"":""program_delivery_facts"",""values"":{""authoritative_raw"":""Program length This is a self-paced Flexible Learning (Part-time Studies) program. The program requires a total of 60 in-class hours. Program delivery In person: This program is delivered on campus. Program location Burnaby Campus 3700 Willingdon Avenue Burnaby, BC Go back Courses Next up Graduating & Jobs\nInternational evidence: {\""evidence\"":[{\""checked_at\"":\""2026-09-08T17:42:04.887145+00:00\"",\""evidence_type\"":\""international_list_positive_flag\"",\""source_sha256\"":\""80ccc30497514cdabeb24188c92933bde377ee28c660097ccd4abb46138608d4\"",\""url\"":\""https://www.bcit.ca/international-applicants/flexible-credential-programs/\""}],\""offering_scope\"":\""Any Domestic Only offering remains mode/intake-specific.\"",\""pgwp\"":\""UNKNOWN_NOT_PUBLISHED\"",\""status\"":\""ACCEPTED_AVAILABLE\"",\""study_permit\"":\""UNKNOWN_NOT_PUBLISHED\""}"",""international_eligibility"":""ACCEPTED_AVAILABLE"",""last_checked"":""2026-09-08"",""source_url"":""https://www.bcit.ca/programs/script-supervision-and-continuity-for-film-and-tv-microcredential-part-time-0803cm/""}},{""action"":""INSERT"",""key"":{""program_id"":""0803CM"",""rule_name"":""International eligibility source evidence"",""rule_scope"":""INTERNATIONAL"",""study_mode"":""Part-time""},""precondition"":""No semantically equivalent INTERNATIONAL rule exists"",""table"":""academic_rule_sets"",""values"":{""notes"":""{\""evidence\"":[{\""checked_at\"":\""2026-09-08T17:42:04.887145+00:00\"",\""evidence_type\"":\""international_list_positive_flag\"",\""source_sha256\"":\""80ccc30497514cdabeb24188c92933bde377ee28c660097ccd4abb46138608d4\"",\""url\"":\""https://www.bcit.ca/international-applicants/flexible-credential-programs/\""}],\""offering_scope\"":\""Any Domestic Only offering remains mode/intake-specific.\"",\""pgwp\"":\""UNKNOWN_NOT_PUBLISHED\"",\""status\"":\""ACCEPTED_AVAILABLE\"",\""study_permit\"":\""UNKNOWN_NOT_PUBLISHED\""}"",""source_url"":""https://www.bcit.ca/international-applicants/flexible-credential-programs/""}}]","{""delivery_facts"":{""authoritative_raw"":""Program length This is a self-paced Flexible Learning (Part-time Studies) program. The program requires a total of 60 in-class hours. Program delivery In person: This program is delivered on campus. Program location Burnaby Campus 3700 Willingdon Avenue Burnaby, BC Go back Courses Next up Graduating & Jobs"",""duration_years"":null,""intake_months"":[],""international_eligibility"":""Refer to official program page"",""last_checked"":""2026-09-08"",""program_id"":""0803CM"",""source_url"":""https://www.bcit.ca/programs/script-supervision-and-continuity-for-film-and-tv-microcredential-part-time-0803cm/"",""terms_per_year"":null,""total_credits"":""5.0""},""international_conditions"":[],""international_rule_sets"":[],""legacy_accepts_international_students"":null}"
3,0810CM,Low-Code Mobile Application Development,ACCEPTED_AVAILABLE,UPDATE,APPLIED,[],"[{""action"":""UPDATE"",""key"":{""program_id"":""0810CM""},""precondition"":{""authoritative_raw"":""Microcredential format and time commitment Microcredentials are flexible, small, modular pieces of learning structured to fit your schedule. The LCAD microcredential comprises three courses offered over 12 weeks entirely online, with a blend of live and self-paced classes. Each week, a two-hour live Zoom session is offered on Monday or Tuesday evenings. You should expect to complete an additional four hours of self-directed (asynchronous) content throughout the week. For maximum flexibility, it’s possible to complete the program entirely asynchronously. However, you must register and reach out to the lead instructor with your request no later than two business days after the course start date. Program deliverables The LCAD is competency-based, which focuses on practical demonstrations of learning and mastery of skills through projects, writing and discussion, rather than memorization-focused exams. By the end of this program, you will have built a CRM (customer relationship management system) mobile application that allows a user to: Authenticate users Store and edit customer data Retrieve, search and filter data Share information across users You can use the skills you’ve learned to customize your mobile app to your own ideas and needs, as well as add specialized integrations such as: Take and upload photos GPS tracking and maps Scan QR and barcodes Book appointments Track customer interactions Rules and workflows for specific users Ratings or voting. Program length The maximum time to complete this program is two years. Program delivery Online: This program is delivered fully online. Program location Courses are offered through distance and online learning . Go back Courses Next up Contact Us"",""duration_years"":null,""intake_months"":[],""international_eligibility"":""Refer to official program page"",""last_checked"":""2026-09-08"",""program_id"":""0810CM"",""source_url"":""https://www.bcit.ca/programs/low-code-mobile-application-development-microcredential-part-time-0810cm/"",""terms_per_year"":null,""total_credits"":""6.0""},""table"":""program_delivery_facts"",""values"":{""authoritative_raw"":""Microcredential format and time commitment Microcredentials are flexible, small, modular pieces of learning structured to fit your schedule. The LCAD microcredential comprises three courses offered over 12 weeks entirely online, with a blend of live and self-paced classes. Each week, a two-hour live Zoom session is offered on Monday or Tuesday evenings. You should expect to complete an additional four hours of self-directed (asynchronous) content throughout the week. For maximum flexibility, it’s possible to complete the program entirely asynchronously. However, you must register and reach out to the lead instructor with your request no later than two business days after the course start date. Program deliverables The LCAD is competency-based, which focuses on practical demonstrations of learning and mastery of skills through projects, writing and discussion, rather than memorization-focused exams. By the end of this program, you will have built a CRM (customer relationship management system) mobile application that allows a user to: Authenticate users Store and edit customer data Retrieve, search and filter data Share information across users You can use the skills you’ve learned to customize your mobile app to your own ideas and needs, as well as add specialized integrations such as: Take and upload photos GPS tracking and maps Scan QR and barcodes Book appointments Track customer interactions Rules and workflows for specific users Ratings or voting. Program length The maximum time to complete this program is two years. Program delivery Online: This program is delivered fully online. Program location Courses are offered through distance and online learning . Go back Courses Next up Contact Us\nInternational evidence: {\""evidence\"":[{\""checked_at\"":\""2026-09-08T17:42:04.887145+00:00\"",\""evidence_type\"":\""international_list_positive_flag\"",\""source_sha256\"":\""80ccc30497514cdabeb24188c92933bde377ee28c660097ccd4abb46138608d4\"",\""url\"":\""https://www.bcit.ca/international-applicants/flexible-credential-programs/\""}],\""offering_scope\"":\""Any Domestic Only offering remains mode/intake-specific.\"",\""pgwp\"":\""UNKNOWN_NOT_PUBLISHED\"",\""status\"":\""ACCEPTED_AVAILABLE\"",\""study_permit\"":\""UNKNOWN_NOT_PUBLISHED\""}"",""international_eligibility"":""ACCEPTED_AVAILABLE"",""last_checked"":""2026-09-08"",""source_url"":""https://www.bcit.ca/programs/low-code-mobile-application-development-microcredential-part-time-0810cm/""}},{""action"":""INSERT"",""key"":{""program_id"":""0810CM"",""rule_name"":""International eligibility source evidence"",""rule_scope"":""INTERNATIONAL"",""study_mode"":""Part-time""},""precondition"":""No semantically equivalent INTERNATIONAL rule exists"",""table"":""academic_rule_sets"",""values"":{""notes"":""{\""evidence\"":[{\""checked_at\"":\""2026-09-08T17:42:04.887145+00:00\"",\""evidence_type\"":\""international_list_positive_flag\"",\""source_sha256\"":\""80ccc30497514cdabeb24188c92933bde377ee28c660097ccd4abb46138608d4\"",\""url\"":\""https://www.bcit.ca/international-applicants/flexible-credential-programs/\""}],\""offering_scope\"":\""Any Domestic Only offering remains mode/intake-specific.\"",\""pgwp\"":\""UNKNOWN_NOT_PUBLISHED\"",\""status\"":\""ACCEPTED_AVAILABLE\"",\""study_permit\"":\""UNKNOWN_NOT_PUBLISHED\""}"",""source_url"":""https://www.bcit.ca/international-applicants/flexible-credential-programs/""}}]","{""delivery_facts"":{""authoritative_raw"":""Microcredential format and time commitment Microcredentials are flexible, small, modular pieces of learning structured to fit your schedule. The LCAD microcredential comprises three courses offered over 12 weeks entirely online, with a blend of live and self-paced classes. Each week, a two-hour live Zoom session is offered on Monday or Tuesday evenings. You should expect to complete an additional four hours of self-directed (asynchronous) content throughout the week. For maximum flexibility, it’s possible to complete the program entirely asynchronously. However, you must register and reach out to the lead instructor with your request no later than two business days after the course start date. Program deliverables The LCAD is competency-based, which focuses on practical demonstrations of learning and mastery of skills through projects, writing and discussion, rather than memorization-focused exams. By the end of this program, you will have built a CRM (customer relationship management system) mobile application that allows a user to: Authenticate users Store and edit customer data Retrieve, search and filter data Share information across users You can use the skills you’ve learned to customize your mobile app to your own ideas and needs, as well as add specialized integrations such as: Take and upload photos GPS tracking and maps Scan QR and barcodes Book appointments Track customer interactions Rules and workflows for specific users Ratings or voting. Program length The maximum time to complete this program is two years. Program delivery Online: This program is delivered fully online. Program location Courses are offered through distance and online learning . Go back Courses Next up Contact Us"",""duration_years"":null,""intake_months"":[],""international_eligibility"":""Refer to official program page"",""last_checked"":""2026-09-08"",""program_id"":""0810CM"",""source_url"":""https://www.bcit.ca/programs/low-code-mobile-application-development-microcredential-part-time-0810cm/"",""terms_per_year"":null,""total_credits"":""6.0""},""international_conditions"":[],""international_rule_sets"":[],""legacy_accepts_international_students"":null}"
4,0811CM,Essentials of Data Networks,ACCEPTED_AVAILABLE,UPDATE,APPLIED,[],"[{""action"":""UPDATE"",""key"":{""program_id"":""0811CM""},""precondition"":{""authoritative_raw"":""Grading The minimum passing grade is 50 percent. Program delivery Online: This program is delivered fully online. Program location Courses are offered through distance and online learning . Go back Courses Next up Graduating & Jobs"",""duration_years"":null,""intake_months"":[],""international_eligibility"":""Refer to official program page"",""last_checked"":""2026-09-08"",""program_id"":""0811CM"",""source_url"":""https://www.bcit.ca/programs/essentials-of-data-networks-microcredential-part-time-0811cm/"",""terms_per_year"":null,""total_credits"":""6.0""},""table"":""program_delivery_facts"",""values"":{""authoritative_raw"":""Grading The minimum passing grade is 50 percent. Program delivery Online: This program is delivered fully online. Program location Courses are offered through distance and online learning . Go back Courses Next up Graduating & Jobs\nInternational evidence: {\""evidence\"":[{\""checked_at\"":\""2026-09-08T17:42:04.887145+00:00\"",\""evidence_type\"":\""international_list_positive_flag\"",\""source_sha256\"":\""80ccc30497514cdabeb24188c92933bde377ee28c660097ccd4abb46138608d4\"",\""url\"":\""https://www.bcit.ca/international-applicants/flexible-credential-programs/\""}],\""offering_scope\"":\""Any Domestic Only offering remains mode/intake-specific.\"",\""pgwp\"":\""UNKNOWN_NOT_PUBLISHED\"",\""status\"":\""ACCEPTED_AVAILABLE\"",\""study_permit\"":\""UNKNOWN_NOT_PUBLISHED\""}"",""international_eligibility"":""ACCEPTED_AVAILABLE"",""last_checked"":""2026-09-08"",""source_url"":""https://www.bcit.ca/programs/essentials-of-data-networks-microcredential-part-time-0811cm/""}},{""action"":""INSERT"",""key"":{""program_id"":""0811CM"",""rule_name"":""International eligibility source evidence"",""rule_scope"":""INTERNATIONAL"",""study_mode"":""Part-time""},""precondition"":""No semantically equivalent INTERNATIONAL rule exists"",""table"":""academic_rule_sets"",""values"":{""notes"":""{\""evidence\"":[{\""checked_at\"":\""2026-09-08T17:42:04.887145+00:00\"",\""evidence_type\"":\""international_list_positive_flag\"",\""source_sha256\"":\""80ccc30497514cdabeb24188c92933bde377ee28c660097ccd4abb46138608d4\"",\""url\"":\""https://www.bcit.ca/international-applicants/flexible-credential-programs/\""}],\""offering_scope\"":\""Any Domestic Only offering remains mode/intake-specific.\"",\""pgwp\"":\""UNKNOWN_NOT_PUBLISHED\"",\""status\"":\""ACCEPTED_AVAILABLE\"",\""study_permit\"":\""UNKNOWN_NOT_PUBLISHED\""}"",""source_url"":""https://www.bcit.ca/international-applicants/flexible-credential-programs/""}}]","{""delivery_facts"":{""authoritative_raw"":""Grading The minimum passing grade is 50 percent. Program delivery Online: This program is delivered fully online. Program location Courses are offered through distance and online learning . Go back Courses Next up Graduating & Jobs"",""duration_years"":null,""intake_months"":[],""international_eligibility"":""Refer to official program page"",""last_checked"":""2026-09-08"",""program_id"":""0811CM"",""source_url"":""https://www.bcit.ca/programs/essentials-of-data-networks-microcredential-part-time-0811cm/"",""terms_per_year"":null,""total_credits"":""6.0""},""international_conditions"":[],""international_rule_sets"":[],""legacy_accepts_international_students"":null}"
5,0812CM,Cybersecurity Analysis for Network Administrators,ACCEPTED_AVAILABLE,UPDATE,APPLIED,[],"[{""action"":""UPDATE"",""key"":{""program_id"":""0812CM""},""precondition"":{""authoritative_raw"":""Program length This self-paced program can be completed in one year. Students will be given ten weeks to complete each course. Grading Upon successful completion, learners will receive a badge that attests to the mastery of new acquired skills. Evaluation methods will include a mix of hands-on, practical scenario-based simulations and written exams (multiple-choice, short answers, true/false questions) to evaluate knowledge of learners. Program delivery Online: This program is delivered fully online. Courses will be offered in an asynchronous format. Program location Distance and online learning Continue your education Students in the full-time Computer Information Systems Administration diploma program who complete four of the five microcredential courses can receive credit towards CISA 3370 or CISA 4370 through Prior Learning Assessment & Recognition (PLAR) assessment. Go back Courses Next up Graduating & Jobs"",""duration_years"":null,""intake_months"":[],""international_eligibility"":""Refer to official program page"",""last_checked"":""2026-09-08"",""program_id"":""0812CM"",""source_url"":""https://www.bcit.ca/programs/cybersecurity-analysis-for-network-administrators-microcredential-part-time-0812cm/"",""terms_per_year"":null,""total_credits"":""5.0""},""table"":""program_delivery_facts"",""values"":{""authoritative_raw"":""Program length This self-paced program can be completed in one year. Students will be given ten weeks to complete each course. Grading Upon successful completion, learners will receive a badge that attests to the mastery of new acquired skills. Evaluation methods will include a mix of hands-on, practical scenario-based simulations and written exams (multiple-choice, short answers, true/false questions) to evaluate knowledge of learners. Program delivery Online: This program is delivered fully online. Courses will be offered in an asynchronous format. Program location Distance and online learning Continue your education Students in the full-time Computer Information Systems Administration diploma program who complete four of the five microcredential courses can receive credit towards CISA 3370 or CISA 4370 through Prior Learning Assessment & Recognition (PLAR) assessment. Go back Courses Next up Graduating & Jobs\nInternational evidence: {\""evidence\"":[{\""checked_at\"":\""2026-09-08T17:42:04.887145+00:00\"",\""evidence_type\"":\""international_list_positive_flag\"",\""source_sha256\"":\""80ccc30497514cdabeb24188c92933bde377ee28c660097ccd4abb46138608d4\"",\""url\"":\""https://www.bcit.ca/international-applicants/flexible-credential-programs/\""}],\""offering_scope\"":\""Any Domestic Only offering remains mode/intake-specific.\"",\""pgwp\"":\""UNKNOWN_NOT_PUBLISHED\"",\""status\"":\""ACCEPTED_AVAILABLE\"",\""study_permit\"":\""UNKNOWN_NOT_PUBLISHED\""}"",""international_eligibility"":""ACCEPTED_AVAILABLE"",""last_checked"":""2026-09-08"",""source_url"":""https://www.bcit.ca/programs/cybersecurity-analysis-for-network-administrators-microcredential-part-time-0812cm/""}},{""action"":""INSERT"",""key"":{""program_id"":""0812CM"",""rule_name"":""International eligibility source evidence"",""rule_scope"":""INTERNATIONAL"",""study_mode"":""Part-time""},""precondition"":""No semantically equivalent INTERNATIONAL rule exists"",""table"":""academic_rule_sets"",""values"":{""notes"":""{\""evidence\"":[{\""checked_at\"":\""2026-09-08T17:42:04.887145+00:00\"",\""evidence_type\"":\""international_list_positive_flag\"",\""source_sha256\"":\""80ccc30497514cdabeb24188c92933bde377ee28c660097ccd4abb46138608d4\"",\""url\"":\""https://www.bcit.ca/international-applicants/flexible-credential-programs/\""}],\""offering_scope\"":\""Any Domestic Only offering remains mode/intake-specific.\"",\""pgwp\"":\""UNKNOWN_NOT_PUBLISHED\"",\""status\"":\""ACCEPTED_AVAILABLE\"",\""study_permit\"":\""UNKNOWN_NOT_PUBLISHED\""}"",""source_url"":""https://www.bcit.ca/international-applicants/flexible-credential-programs/""}}]","{""delivery_facts"":{""authoritative_raw"":""Program length This self-paced program can be completed in one year. Students will be given ten weeks to complete each course. Grading Upon successful completion, learners will receive a badge that attests to the mastery of new acquired skills. Evaluation methods will include a mix of hands-on, practical scenario-based simulations and written exams (multiple-choice, short answers, true/false questions) to evaluate knowledge of learners. Program delivery Online: This program is delivered fully online. Courses will be offered in an asynchronous format. Program location Distance and online learning Continue your education Students in the full-time Computer Information Systems Administration diploma program who complete four of the five microcredential courses can receive credit towards CISA 3370 or CISA 4370 through Prior Learning Assessment & Recognition (PLAR) assessment. Go back Courses Next up Graduating & Jobs"",""duration_years"":null,""intake_months"":[],""international_eligibility"":""Refer to official program page"",""last_checked"":""2026-09-08"",""program_id"":""0812CM"",""source_url"":""https://www.bcit.ca/programs/cybersecurity-analysis-for-network-administrators-microcredential-part-time-0812cm/"",""terms_per_year"":null,""total_credits"":""5.0""},""international_conditions"":[],""international_rule_sets"":[],""legacy_accepts_international_students"":null}"
6,0813CM,Advanced Forensic Nurse Examiner,ACCEPTED_AVAILABLE,UPDATE,APPLIED,[],"[{""action"":""UPDATE"",""key"":{""program_id"":""0813CM""},""precondition"":{""authoritative_raw"":""Program length It is possible to complete this program in as little as one year, on a part-time basis. Program delivery Online: This program is delivered fully online. Program location Sufficient courses are offered through online learning to allow students to complete this microcredential online. Go back Courses Next up Graduating & Jobs"",""duration_years"":null,""intake_months"":[],""international_eligibility"":""Refer to official program page"",""last_checked"":""2026-09-08"",""program_id"":""0813CM"",""source_url"":""https://www.bcit.ca/programs/advanced-forensic-nurse-examiner-microcredential-part-time-0813cm/"",""terms_per_year"":null,""total_credits"":""3.0""},""table"":""program_delivery_facts"",""values"":{""authoritative_raw"":""Program length It is possible to complete this program in as little as one year, on a part-time basis. Program delivery Online: This program is delivered fully online. Program location Sufficient courses are offered through online learning to allow students to complete this microcredential online. Go back Courses Next up Graduating & Jobs\nInternational evidence: {\""evidence\"":[{\""checked_at\"":\""2026-09-08T17:42:04.887145+00:00\"",\""evidence_type\"":\""international_list_positive_flag\"",\""source_sha256\"":\""80ccc30497514cdabeb24188c92933bde377ee28c660097ccd4abb46138608d4\"",\""url\"":\""https://www.bcit.ca/international-applicants/flexible-credential-programs/\""}],\""offering_scope\"":\""Any Domestic Only offering remains mode/intake-specific.\"",\""pgwp\"":\""UNKNOWN_NOT_PUBLISHED\"",\""status\"":\""ACCEPTED_AVAILABLE\"",\""study_permit\"":\""UNKNOWN_NOT_PUBLISHED\""}"",""international_eligibility"":""ACCEPTED_AVAILABLE"",""last_checked"":""2026-09-08"",""source_url"":""https://www.bcit.ca/programs/advanced-forensic-nurse-examiner-microcredential-part-time-0813cm/""}},{""action"":""INSERT"",""key"":{""program_id"":""0813CM"",""rule_name"":""International eligibility source evidence"",""rule_scope"":""INTERNATIONAL"",""study_mode"":""Part-time""},""precondition"":""No semantically equivalent INTERNATIONAL rule exists"",""table"":""academic_rule_sets"",""values"":{""notes"":""{\""evidence\"":[{\""checked_at\"":\""2026-09-08T17:42:04.887145+00:00\"",\""evidence_type\"":\""international_list_positive_flag\"",\""source_sha256\"":\""80ccc30497514cdabeb24188c92933bde377ee28c660097ccd4abb46138608d4\"",\""url\"":\""https://www.bcit.ca/international-applicants/flexible-credential-programs/\""}],\""offering_scope\"":\""Any Domestic Only offering remains mode/intake-specific.\"",\""pgwp\"":\""UNKNOWN_NOT_PUBLISHED\"",\""status\"":\""ACCEPTED_AVAILABLE\"",\""study_permit\"":\""UNKNOWN_NOT_PUBLISHED\""}"",""source_url"":""https://www.bcit.ca/international-applicants/flexible-credential-programs/""}}]","{""delivery_facts"":{""authoritative_raw"":""Program length It is possible to complete this program in as little as one year, on a part-time basis. Program delivery Online: This program is delivered fully online. Program location Sufficient courses are offered through online learning to allow students to complete this microcredential online. Go back Courses Next up Graduating & Jobs"",""duration_years"":null,""intake_months"":[],""international_eligibility"":""Refer to official program page"",""last_checked"":""2026-09-08"",""program_id"":""0813CM"",""source_url"":""https://www.bcit.ca/programs/advanced-forensic-nurse-examiner-microcredential-part-time-0813cm/"",""terms_per_year"":null,""total_credits"":""3.0""},""international_conditions"":[],""international_rule_sets"":[],""legacy_accepts_international_students"":null}"
7,0815CM,Supervising Net-Zero and Passive House Construction,ACCEPTED_AVAILABLE,UPDATE,APPLIED,[],"[{""action"":""UPDATE"",""key"":{""program_id"":""0815CM""},""precondition"":{""authoritative_raw"":""Program length This program can be completed in 4-6 months. Program delivery Online: This program is delivered fully online. Program location Courses are offered through distance and online learning . Go back Courses Next up Contact Us"",""duration_years"":null,""intake_months"":[],""international_eligibility"":""Refer to official program page"",""last_checked"":""2026-09-08"",""program_id"":""0815CM"",""source_url"":""https://www.bcit.ca/programs/supervising-net-zero-and-passive-house-construction-microcredential-part-time-0815cm/"",""terms_per_year"":null,""total_credits"":""6.0""},""table"":""program_delivery_facts"",""values"":{""authoritative_raw"":""Program length This program can be completed in 4-6 months. Program delivery Online: This program is delivered fully online. Program location Courses are offered through distance and online learning . Go back Courses Next up Contact Us\nInternational evidence: {\""evidence\"":[{\""checked_at\"":\""2026-09-08T17:42:04.887145+00:00\"",\""evidence_type\"":\""international_list_positive_flag\"",\""source_sha256\"":\""80ccc30497514cdabeb24188c92933bde377ee28c660097ccd4abb46138608d4\"",\""url\"":\""https://www.bcit.ca/international-applicants/flexible-credential-programs/\""}],\""offering_scope\"":\""Any Domestic Only offering remains mode/intake-specific.\"",\""pgwp\"":\""UNKNOWN_NOT_PUBLISHED\"",\""status\"":\""ACCEPTED_AVAILABLE\"",\""study_permit\"":\""UNKNOWN_NOT_PUBLISHED\""}"",""international_eligibility"":""ACCEPTED_AVAILABLE"",""last_checked"":""2026-09-08"",""source_url"":""https://www.bcit.ca/programs/supervising-net-zero-and-passive-house-construction-microcredential-part-time-0815cm/""}},{""action"":""INSERT"",""key"":{""program_id"":""0815CM"",""rule_name"":""International eligibility source evidence"",""rule_scope"":""INTERNATIONAL"",""study_mode"":""Part-time""},""precondition"":""No semantically equivalent INTERNATIONAL rule exists"",""table"":""academic_rule_sets"",""values"":{""notes"":""{\""evidence\"":[{\""checked_at\"":\""2026-09-08T17:42:04.887145+00:00\"",\""evidence_type\"":\""international_list_positive_flag\"",\""source_sha256\"":\""80ccc30497514cdabeb24188c92933bde377ee28c660097ccd4abb46138608d4\"",\""url\"":\""https://www.bcit.ca/international-applicants/flexible-credential-programs/\""}],\""offering_scope\"":\""Any Domestic Only offering remains mode/intake-specific.\"",\""pgwp\"":\""UNKNOWN_NOT_PUBLISHED\"",\""status\"":\""ACCEPTED_AVAILABLE\"",\""study_permit\"":\""UNKNOWN_NOT_PUBLISHED\""}"",""source_url"":""https://www.bcit.ca/international-applicants/flexible-credential-programs/""}}]","{""delivery_facts"":{""authoritative_raw"":""Program length This program can be completed in 4-6 months. Program delivery Online: This program is delivered fully online. Program location Courses are offered through distance and online learning . Go back Courses Next up Contact Us"",""duration_years"":null,""intake_months"":[],""international_eligibility"":""Refer to official program page"",""last_checked"":""2026-09-08"",""program_id"":""0815CM"",""source_url"":""https://www.bcit.ca/programs/supervising-net-zero-and-passive-house-construction-microcredential-part-time-0815cm/"",""terms_per_year"":null,""total_credits"":""6.0""},""international_conditions"":[],""international_rule_sets"":[],""legacy_accepts_international_students"":null}"
8,0816CM,Applied Circular Economy: Zero Waste Buildings,ACCEPTED_AVAILABLE,INSERT,APPLIED,[],"[{""action"":""INSERT"",""key"":{""program_id"":""0816CM""},""precondition"":null,""table"":""program_delivery_facts"",""values"":{""authoritative_raw"":""\nInternational evidence: {\""evidence\"":[{\""checked_at\"":\""2026-09-08T17:42:04.887145+00:00\"",\""evidence_type\"":\""international_list_positive_flag\"",\""source_sha256\"":\""80ccc30497514cdabeb24188c92933bde377ee28c660097ccd4abb46138608d4\"",\""url\"":\""https://www.bcit.ca/international-applicants/flexible-credential-programs/\""}],\""offering_scope\"":\""Any Domestic Only offering remains mode/intake-specific.\"",\""pgwp\"":\""UNKNOWN_NOT_PUBLISHED\"",\""status\"":\""ACCEPTED_AVAILABLE\"",\""study_permit\"":\""UNKNOWN_NOT_PUBLISHED\""}"",""international_eligibility"":""ACCEPTED_AVAILABLE"",""last_checked"":""2026-09-08"",""source_url"":""https://www.bcit.ca/programs/applied-circular-economy-zero-waste-buildings-microcredential-part-time-0816cm/""}},{""action"":""INSERT"",""key"":{""program_id"":""0816CM"",""rule_name"":""International eligibility source evidence"",""rule_scope"":""INTERNATIONAL"",""study_mode"":""Part-time""},""precondition"":""No semantically equivalent INTERNATIONAL rule exists"",""table"":""academic_rule_sets"",""values"":{""notes"":""{\""evidence\"":[{\""checked_at\"":\""2026-09-08T17:42:04.887145+00:00\"",\""evidence_type\"":\""international_list_positive_flag\"",\""source_sha256\"":\""80ccc30497514cdabeb24188c92933bde377ee28c660097ccd4abb46138608d4\"",\""url\"":\""https://www.bcit.ca/international-applicants/flexible-credential-programs/\""}],\""offering_scope\"":\""Any Domestic Only offering remains mode/intake-specific.\"",\""pgwp\"":\""UNKNOWN_NOT_PUBLISHED\"",\""status\"":\""ACCEPTED_AVAILABLE\"",\""study_permit\"":\""UNKNOWN_NOT_PUBLISHED\""}"",""source_url"":""https://www.bcit.ca/international-applicants/flexible-credential-programs/""}}]","{""delivery_facts"":null,""international_conditions"":[],""international_rule_sets"":[],""legacy_accepts_international_students"":true}"
9,0819CM,Essentials of Net-Zero and Passive House Construction,ACCEPTED_AVAILABLE,UPDATE,APPLIED,[],"[{""action"":""UPDATE"",""key"":{""program_id"":""0819CM""},""precondition"":{""authoritative_raw"":""Program length This program can be completed in 3-6 months. Program delivery Online: This program is delivered online and is offered on a course-by-course basis. Program location Courses are offered through distance and online learning . Go back Courses Next up Contact Us"",""duration_years"":null,""intake_months"":[],""international_eligibility"":""Refer to official program page"",""last_checked"":""2026-09-08"",""program_id"":""0819CM"",""source_url"":""https://www.bcit.ca/programs/essentials-of-net-zero-and-passive-house-construction-microcredential-part-time-0819cm/"",""terms_per_year"":null,""total_credits"":""6.5""},""table"":""program_delivery_facts"",""values"":{""authoritative_raw"":""Program length This program can be completed in 3-6 months. Program delivery Online: This program is delivered online and is offered on a course-by-course basis. Program location Courses are offered through distance and online learning . Go back Courses Next up Contact Us\nInternational evidence: {\""evidence\"":[{\""checked_at\"":\""2026-09-08T17:42:04.887145+00:00\"",\""evidence_type\"":\""international_list_positive_flag\"",\""source_sha256\"":\""80ccc30497514cdabeb24188c92933bde377ee28c660097ccd4abb46138608d4\"",\""url\"":\""https://www.bcit.ca/international-applicants/flexible-credential-programs/\""}],\""offering_scope\"":\""Any Domestic Only offering remains mode/intake-specific.\"",\""pgwp\"":\""UNKNOWN_NOT_PUBLISHED\"",\""status\"":\""ACCEPTED_AVAILABLE\"",\""study_permit\"":\""UNKNOWN_NOT_PUBLISHED\""}"",""international_eligibility"":""ACCEPTED_AVAILABLE"",""last_checked"":""2026-09-08"",""source_url"":""https://www.bcit.ca/programs/essentials-of-net-zero-and-passive-house-construction-microcredential-part-time-0819cm/""}},{""action"":""INSERT"",""key"":{""program_id"":""0819CM"",""rule_name"":""International eligibility source evidence"",""rule_scope"":""INTERNATIONAL"",""study_mode"":""Part-time""},""precondition"":""No semantically equivalent INTERNATIONAL rule exists"",""table"":""academic_rule_sets"",""values"":{""notes"":""{\""evidence\"":[{\""checked_at\"":\""2026-09-08T17:42:04.887145+00:00\"",\""evidence_type\"":\""international_list_positive_flag\"",\""source_sha256\"":\""80ccc30497514cdabeb24188c92933bde377ee28c660097ccd4abb46138608d4\"",\""url\"":\""https://www.bcit.ca/international-applicants/flexible-credential-programs/\""}],\""offering_scope\"":\""Any Domestic Only offering remains mode/intake-specific.\"",\""pgwp\"":\""UNKNOWN_NOT_PUBLISHED\"",\""status\"":\""ACCEPTED_AVAILABLE\"",\""study_permit\"":\""UNKNOWN_NOT_PUBLISHED\""}"",""source_url"":""https://www.bcit.ca/international-applicants/flexible-credential-programs/""}}]","{""delivery_facts"":{""authoritative_raw"":""Program length This program can be completed in 3-6 months. Program delivery Online: This program is delivered online and is offered on a course-by-course basis. Program location Courses are offered through distance and online learning . Go back Courses Next up Contact Us"",""duration_years"":null,""intake_months"":[],""international_eligibility"":""Refer to official program page"",""last_checked"":""2026-09-08"",""program_id"":""0819CM"",""source_url"":""https://www.bcit.ca/programs/essentials-of-net-zero-and-passive-house-construction-microcredential-part-time-0819cm/"",""terms_per_year"":null,""total_credits"":""6.5""},""international_conditions"":[],""international_rule_sets"":[],""legacy_accepts_international_students"":null}"
10,0820CM,Cybersecurity Essentials for IT Professionals,ACCEPTED_AVAILABLE,UPDATE,APPLIED,[],"[{""action"":""UPDATE"",""key"":{""program_id"":""0820CM""},""precondition"":{""authoritative_raw"":""Course Descriptions XFSC 7011 – Network Foundations Explore the fundamentals of core networking concepts, including communication hardware, software, the OSI model, and network protocols. It focuses on essential skills for designing and maintaining secure network environments, with an emphasis on network traffic analysis, security principles, and intrusion detection. You’ll also explore strategies to strengthen defenses against malicious attacks. This workshop is ideal for those looking to enhance their network administration skills. A basic understanding of operating systems (Windows 10 or Linux) is recommended. XFSC 7021 – Network Security Using Kali Linux Get hands-on experience with Kali Linux for penetration testing and ethical hacking. You’ll learn how cybersecurity professionals use hacking techniques to identify vulnerabilities and improve network security. The course covers the fundamentals of cyber threats, network exploitation, and security defense strategies through interactive exercises. A basic understanding of computer networks and the Linux operating system is recommended. XFSC 7031 – Incident Response and Disaster Recovery Explore the fundamentals of incident response and disaster recovery planning. You’ll learn how to develop and implement strategies to protect businesses from cyber incidents, data breaches, and system failures. The course covers key procedures, technologies, and best practices for ensuring business continuity and effective crisis management. Program delivery Online: This program is delivered fully online. Program location Courses are offered through online learning . Go back Courses Next up Faculty, Advisors & Staff"",""duration_years"":null,""intake_months"":[],""international_eligibility"":""Refer to official program page"",""last_checked"":""2026-09-08"",""program_id"":""0820CM"",""source_url"":""https://www.bcit.ca/programs/cybersecurity-essentials-for-it-professionals-microcredential-part-time-0820cm/"",""terms_per_year"":null,""total_credits"":""3.0""},""table"":""program_delivery_facts"",""values"":{""authoritative_raw"":""Course Descriptions XFSC 7011 – Network Foundations Explore the fundamentals of core networking concepts, including communication hardware, software, the OSI model, and network protocols. It focuses on essential skills for designing and maintaining secure network environments, with an emphasis on network traffic analysis, security principles, and intrusion detection. You’ll also explore strategies to strengthen defenses against malicious attacks. This workshop is ideal for those looking to enhance their network administration skills. A basic understanding of operating systems (Windows 10 or Linux) is recommended. XFSC 7021 – Network Security Using Kali Linux Get hands-on experience with Kali Linux for penetration testing and ethical hacking. You’ll learn how cybersecurity professionals use hacking techniques to identify vulnerabilities and improve network security. The course covers the fundamentals of cyber threats, network exploitation, and security defense strategies through interactive exercises. A basic understanding of computer networks and the Linux operating system is recommended. XFSC 7031 – Incident Response and Disaster Recovery Explore the fundamentals of incident response and disaster recovery planning. You’ll learn how to develop and implement strategies to protect businesses from cyber incidents, data breaches, and system failures. The course covers key procedures, technologies, and best practices for ensuring business continuity and effective crisis management. Program delivery Online: This program is delivered fully online. Program location Courses are offered through online learning . Go back Courses Next up Faculty, Advisors & Staff\nInternational evidence: {\""evidence\"":[{\""checked_at\"":\""2026-09-08T17:42:04.887145+00:00\"",\""evidence_type\"":\""international_list_positive_flag\"",\""source_sha256\"":\""80ccc30497514cdabeb24188c92933bde377ee28c660097ccd4abb46138608d4\"",\""url\"":\""https://www.bcit.ca/international-applicants/flexible-credential-programs/\""}],\""offering_scope\"":\""Any Domestic Only offering remains mode/intake-specific.\"",\""pgwp\"":\""UNKNOWN_NOT_PUBLISHED\"",\""status\"":\""ACCEPTED_AVAILABLE\"",\""study_permit\"":\""UNKNOWN_NOT_PUBLISHED\""}"",""international_eligibility"":""ACCEPTED_AVAILABLE"",""last_checked"":""2026-09-08"",""source_url"":""https://www.bcit.ca/programs/cybersecurity-essentials-for-it-professionals-microcredential-part-time-0820cm/""}},{""action"":""INSERT"",""key"":{""program_id"":""0820CM"",""rule_name"":""International eligibility source evidence"",""rule_scope"":""INTERNATIONAL"",""study_mode"":""Part-time""},""precondition"":""No semantically equivalent INTERNATIONAL rule exists"",""table"":""academic_rule_sets"",""values"":{""notes"":""{\""evidence\"":[{\""checked_at\"":\""2026-09-08T17:42:04.887145+00:00\"",\""evidence_type\"":\""international_list_positive_flag\"",\""source_sha256\"":\""80ccc30497514cdabeb24188c92933bde377ee28c660097ccd4abb46138608d4\"",\""url\"":\""https://www.bcit.ca/international-applicants/flexible-credential-programs/\""}],\""offering_scope\"":\""Any Domestic Only offering remains mode/intake-specific.\"",\""pgwp\"":\""UNKNOWN_NOT_PUBLISHED\"",\""status\"":\""ACCEPTED_AVAILABLE\"",\""study_permit\"":\""UNKNOWN_NOT_PUBLISHED\""}"",""source_url"":""https://www.bcit.ca/international-applicants/flexible-credential-programs/""}}]","{""delivery_facts"":{""authoritative_raw"":""Course Descriptions XFSC 7011 – Network Foundations Explore the fundamentals of core networking concepts, including communication hardware, software, the OSI model, and network protocols. It focuses on essential skills for designing and maintaining secure network environments, with an emphasis on network traffic analysis, security principles, and intrusion detection. You’ll also explore strategies to strengthen defenses against malicious attacks. This workshop is ideal for those looking to enhance their network administration skills. A basic understanding of operating systems (Windows 10 or Linux) is recommended. XFSC 7021 – Network Security Using Kali Linux Get hands-on experience with Kali Linux for penetration testing and ethical hacking. You’ll learn how cybersecurity professionals use hacking techniques to identify vulnerabilities and improve network security. The course covers the fundamentals of cyber threats, network exploitation, and security defense strategies through interactive exercises. A basic understanding of computer networks and the Linux operating system is recommended. XFSC 7031 – Incident Response and Disaster Recovery Explore the fundamentals of incident response and disaster recovery planning. You’ll learn how to develop and implement strategies to protect businesses from cyber incidents, data breaches, and system failures. The course covers key procedures, technologies, and best practices for ensuring business continuity and effective crisis management. Program delivery Online: This program is delivered fully online. Program location Courses are offered through online learning . Go back Courses Next up Faculty, Advisors & Staff"",""duration_years"":null,""intake_months"":[],""international_eligibility"":""Refer to official program page"",""last_checked"":""2026-09-08"",""program_id"":""0820CM"",""source_url"":""https://www.bcit.ca/programs/cybersecurity-essentials-for-it-professionals-microcredential-part-time-0820cm/"",""terms_per_year"":null,""total_credits"":""3.0""},""international_conditions"":[],""international_rule_sets"":[],""legacy_accepts_international_students"":null}"
11,0822CM,Food Safety Preventive Controls and HACCP Plans,ACCEPTED_AVAILABLE,UPDATE,APPLIED,[],"[{""action"":""UPDATE"",""key"":{""program_id"":""0822CM""},""precondition"":{""authoritative_raw"":""Students can start the first badge ( FOOD 1179 ) at any time and complete the course at their own pace over a period of six months; online instructor is available to answer questions and provide feedback. The second badge ( FOOD 1189 ) is offered a minimum of two times per year in a 3-day instructor-facilitated online workshop format. Program delivery Online: This program is delivered fully online. Program location Courses are offered through online learning . Go back Courses Next up Faculty, Advisors & Staff"",""duration_years"":null,""intake_months"":[],""international_eligibility"":""Refer to official program page"",""last_checked"":""2026-09-08"",""program_id"":""0822CM"",""source_url"":""https://www.bcit.ca/programs/food-safety-preventive-controls-and-haccp-plans-microcredential-part-time-0822cm/"",""terms_per_year"":null,""total_credits"":""4.0""},""table"":""program_delivery_facts"",""values"":{""authoritative_raw"":""Students can start the first badge ( FOOD 1179 ) at any time and complete the course at their own pace over a period of six months; online instructor is available to answer questions and provide feedback. The second badge ( FOOD 1189 ) is offered a minimum of two times per year in a 3-day instructor-facilitated online workshop format. Program delivery Online: This program is delivered fully online. Program location Courses are offered through online learning . Go back Courses Next up Faculty, Advisors & Staff\nInternational evidence: {\""evidence\"":[{\""checked_at\"":\""2026-09-08T17:42:04.887145+00:00\"",\""evidence_type\"":\""international_list_positive_flag\"",\""source_sha256\"":\""80ccc30497514cdabeb24188c92933bde377ee28c660097ccd4abb46138608d4\"",\""url\"":\""https://www.bcit.ca/international-applicants/flexible-credential-programs/\""}],\""offering_scope\"":\""Any Domestic Only offering remains mode/intake-specific.\"",\""pgwp\"":\""UNKNOWN_NOT_PUBLISHED\"",\""status\"":\""ACCEPTED_AVAILABLE\"",\""study_permit\"":\""UNKNOWN_NOT_PUBLISHED\""}"",""international_eligibility"":""ACCEPTED_AVAILABLE"",""last_checked"":""2026-09-08"",""source_url"":""https://www.bcit.ca/programs/food-safety-preventive-controls-and-haccp-plans-microcredential-part-time-0822cm/""}},{""action"":""INSERT"",""key"":{""program_id"":""0822CM"",""rule_name"":""International eligibility source evidence"",""rule_scope"":""INTERNATIONAL"",""study_mode"":""Part-time""},""precondition"":""No semantically equivalent INTERNATIONAL rule exists"",""table"":""academic_rule_sets"",""values"":{""notes"":""{\""evidence\"":[{\""checked_at\"":\""2026-09-08T17:42:04.887145+00:00\"",\""evidence_type\"":\""international_list_positive_flag\"",\""source_sha256\"":\""80ccc30497514cdabeb24188c92933bde377ee28c660097ccd4abb46138608d4\"",\""url\"":\""https://www.bcit.ca/international-applicants/flexible-credential-programs/\""}],\""offering_scope\"":\""Any Domestic Only offering remains mode/intake-specific.\"",\""pgwp\"":\""UNKNOWN_NOT_PUBLISHED\"",\""status\"":\""ACCEPTED_AVAILABLE\"",\""study_permit\"":\""UNKNOWN_NOT_PUBLISHED\""}"",""source_url"":""https://www.bcit.ca/international-applicants/flexible-credential-programs/""}}]","{""delivery_facts"":{""authoritative_raw"":""Students can start the first badge ( FOOD 1179 ) at any time and complete the course at their own pace over a period of six months; online instructor is available to answer questions and provide feedback. The second badge ( FOOD 1189 ) is offered a minimum of two times per year in a 3-day instructor-facilitated online workshop format. Program delivery Online: This program is delivered fully online. Program location Courses are offered through online learning . Go back Courses Next up Faculty, Advisors & Staff"",""duration_years"":null,""intake_months"":[],""international_eligibility"":""Refer to official program page"",""last_checked"":""2026-09-08"",""program_id"":""0822CM"",""source_url"":""https://www.bcit.ca/programs/food-safety-preventive-controls-and-haccp-plans-microcredential-part-time-0822cm/"",""terms_per_year"":null,""total_credits"":""4.0""},""international_conditions"":[],""international_rule_sets"":[],""legacy_accepts_international_students"":null}"
12,0825CM,Canadian Employment Readiness (CER),ACCEPTED_AVAILABLE,UPDATE,APPLIED,[],"[{""action"":""UPDATE"",""key"":{""program_id"":""0825CM""},""precondition"":{""authoritative_raw"":""Program length The program requires a total of 48 hours, including 30-hours online and 18-hours in-class sessions. Upon completion of both XCER 4010 and XCER 4020 , students will be awarded the Canadian Employment Readiness Microcredential. Grading XCER 4010 and XCER 4020 must be taken concurrently. The passing grade for each course is 50%. Program delivery Blended: This program is delivered partly on campus and partly online. Program location Courses may be offered at the following locations: Burnaby Campus 3700 Willingdon Avenue Burnaby, BC Distance and online learning Go back Courses Next up Contact Us"",""duration_years"":null,""intake_months"":[],""international_eligibility"":""Refer to official program page"",""last_checked"":""2026-09-08"",""program_id"":""0825CM"",""source_url"":""https://www.bcit.ca/programs/canadian-employment-readiness-cer-microcredential-part-time-0825cm/"",""terms_per_year"":null,""total_credits"":""4.0""},""table"":""program_delivery_facts"",""values"":{""authoritative_raw"":""Program length The program requires a total of 48 hours, including 30-hours online and 18-hours in-class sessions. Upon completion of both XCER 4010 and XCER 4020 , students will be awarded the Canadian Employment Readiness Microcredential. Grading XCER 4010 and XCER 4020 must be taken concurrently. The passing grade for each course is 50%. Program delivery Blended: This program is delivered partly on campus and partly online. Program location Courses may be offered at the following locations: Burnaby Campus 3700 Willingdon Avenue Burnaby, BC Distance and online learning Go back Courses Next up Contact Us\nInternational evidence: {\""evidence\"":[{\""checked_at\"":\""2026-09-08T17:42:04.887145+00:00\"",\""evidence_type\"":\""international_list_positive_flag\"",\""source_sha256\"":\""80ccc30497514cdabeb24188c92933bde377ee28c660097ccd4abb46138608d4\"",\""url\"":\""https://www.bcit.ca/international-applicants/flexible-credential-programs/\""}],\""offering_scope\"":\""Any Domestic Only offering remains mode/intake-specific.\"",\""pgwp\"":\""UNKNOWN_NOT_PUBLISHED\"",\""status\"":\""ACCEPTED_AVAILABLE\"",\""study_permit\"":\""UNKNOWN_NOT_PUBLISHED\""}"",""international_eligibility"":""ACCEPTED_AVAILABLE"",""last_checked"":""2026-09-08"",""source_url"":""https://www.bcit.ca/programs/canadian-employment-readiness-cer-microcredential-part-time-0825cm/""}},{""action"":""INSERT"",""key"":{""program_id"":""0825CM"",""rule_name"":""International eligibility source evidence"",""rule_scope"":""INTERNATIONAL"",""study_mode"":""Part-time""},""precondition"":""No semantically equivalent INTERNATIONAL rule exists"",""table"":""academic_rule_sets"",""values"":{""notes"":""{\""evidence\"":[{\""checked_at\"":\""2026-09-08T17:42:04.887145+00:00\"",\""evidence_type\"":\""international_list_positive_flag\"",\""source_sha256\"":\""80ccc30497514cdabeb24188c92933bde377ee28c660097ccd4abb46138608d4\"",\""url\"":\""https://www.bcit.ca/international-applicants/flexible-credential-programs/\""}],\""offering_scope\"":\""Any Domestic Only offering remains mode/intake-specific.\"",\""pgwp\"":\""UNKNOWN_NOT_PUBLISHED\"",\""status\"":\""ACCEPTED_AVAILABLE\"",\""study_permit\"":\""UNKNOWN_NOT_PUBLISHED\""}"",""source_url"":""https://www.bcit.ca/international-applicants/flexible-credential-programs/""}}]","{""delivery_facts"":{""authoritative_raw"":""Program length The program requires a total of 48 hours, including 30-hours online and 18-hours in-class sessions. Upon completion of both XCER 4010 and XCER 4020 , students will be awarded the Canadian Employment Readiness Microcredential. Grading XCER 4010 and XCER 4020 must be taken concurrently. The passing grade for each course is 50%. Program delivery Blended: This program is delivered partly on campus and partly online. Program location Courses may be offered at the following locations: Burnaby Campus 3700 Willingdon Avenue Burnaby, BC Distance and online learning Go back Courses Next up Contact Us"",""duration_years"":null,""intake_months"":[],""international_eligibility"":""Refer to official program page"",""last_checked"":""2026-09-08"",""program_id"":""0825CM"",""source_url"":""https://www.bcit.ca/programs/canadian-employment-readiness-cer-microcredential-part-time-0825cm/"",""terms_per_year"":null,""total_credits"":""4.0""},""international_conditions"":[],""international_rule_sets"":[],""legacy_accepts_international_students"":null}"
13,0826CM,Technical Communication Essentials,ACCEPTED_AVAILABLE,UPDATE,APPLIED,[],"[{""action"":""UPDATE"",""key"":{""program_id"":""0826CM""},""precondition"":{""authoritative_raw"":""Successful organizations rely increasingly on effectively gathering, managing, conveying, and exchanging substantial amounts of information. The Technical Communication Essentials Microcredential sharpens skills employers want across roles and sectors. Learn to ensure that information is clear, coherent, organized, and targeted, so it meets audience needs and business purposes. Technical Communication Essentials: 5 core skills 1. Technical Writing Clear, concise writing is useful across roles, but it’s essential in a technical environment. Technical writers also know how to select the best style and tone for their purpose. This course introduces technical writing skills to help you improve your writing, as well as to help you assess your interest in a potential professional writer career. 2. Technical Editing Professional writing positions frequently include a technical competency test requirement, which covers principles, symbols, and methods of copyediting and substantive editing. In this short course, students practice their editing skills for the workplace, and fine-tune their understanding of grammar and mechanics. 3. Writing for the Web Information on the web isn’t read the same way as in print. This course bridges that difference, helping you anticipate the needs of your readers. Practice organizing and structuring information to make it easily absorbed and navigable. 4. Visual Communication and Data Representation Selection of colour, typefaces, images, and layout matters when you’re trying to convey complex messages using visual media. Visual communication applies to a range of topics, particularly as organizations try to gain insight from a vast amount of data. 5. Technical Presentations Effective presentation skills help advance your career and bring positive attention to your projects and ideas. Improve these skills by reviewing sample speeches, performing audience and purpose analysis, and rehearsing effective public speaking techniques. The course allows you to select your own topic, whether it’s relevant to other courses you’re in, an entrepreneurial idea you want to pitch, or a current work project. Grading The passing grade for each course is 50%. Program delivery Online: This program is delivered fully online. Asynchronous instructor-led courses are delivered online on a set schedule of six weeks with weekly deliverables. Program location Courses are offered through asynchronous online learning . Continue your education This microcredential ladders directly into the BCIT Technical Writing Associate Certificate . To receive the BCIT Technical Writing Associate Certificate, students must achieve a minimum grade of 70% for each course. Go back Courses Next up Contact Us"",""duration_years"":null,""intake_months"":[],""international_eligibility"":""Refer to official program page"",""last_checked"":""2026-09-07"",""program_id"":""0826CM"",""source_url"":""https://www.bcit.ca/programs/technical-communication-essentials-microcredential-part-time-0826cm/"",""terms_per_year"":null,""total_credits"":""7.0""},""table"":""program_delivery_facts"",""values"":{""authoritative_raw"":""Successful organizations rely increasingly on effectively gathering, managing, conveying, and exchanging substantial amounts of information. The Technical Communication Essentials Microcredential sharpens skills employers want across roles and sectors. Learn to ensure that information is clear, coherent, organized, and targeted, so it meets audience needs and business purposes. Technical Communication Essentials: 5 core skills 1. Technical Writing Clear, concise writing is useful across roles, but it’s essential in a technical environment. Technical writers also know how to select the best style and tone for their purpose. This course introduces technical writing skills to help you improve your writing, as well as to help you assess your interest in a potential professional writer career. 2. Technical Editing Professional writing positions frequently include a technical competency test requirement, which covers principles, symbols, and methods of copyediting and substantive editing. In this short course, students practice their editing skills for the workplace, and fine-tune their understanding of grammar and mechanics. 3. Writing for the Web Information on the web isn’t read the same way as in print. This course bridges that difference, helping you anticipate the needs of your readers. Practice organizing and structuring information to make it easily absorbed and navigable. 4. Visual Communication and Data Representation Selection of colour, typefaces, images, and layout matters when you’re trying to convey complex messages using visual media. Visual communication applies to a range of topics, particularly as organizations try to gain insight from a vast amount of data. 5. Technical Presentations Effective presentation skills help advance your career and bring positive attention to your projects and ideas. Improve these skills by reviewing sample speeches, performing audience and purpose analysis, and rehearsing effective public speaking techniques. The course allows you to select your own topic, whether it’s relevant to other courses you’re in, an entrepreneurial idea you want to pitch, or a current work project. Grading The passing grade for each course is 50%. Program delivery Online: This program is delivered fully online. Asynchronous instructor-led courses are delivered online on a set schedule of six weeks with weekly deliverables. Program location Courses are offered through asynchronous online learning . Continue your education This microcredential ladders directly into the BCIT Technical Writing Associate Certificate . To receive the BCIT Technical Writing Associate Certificate, students must achieve a minimum grade of 70% for each course. Go back Courses Next up Contact Us\nInternational evidence: {\""evidence\"":[{\""checked_at\"":\""2026-09-08T17:42:04.887145+00:00\"",\""evidence_type\"":\""international_list_positive_flag\"",\""source_sha256\"":\""80ccc30497514cdabeb24188c92933bde377ee28c660097ccd4abb46138608d4\"",\""url\"":\""https://www.bcit.ca/international-applicants/flexible-credential-programs/\""}],\""offering_scope\"":\""Any Domestic Only offering remains mode/intake-specific.\"",\""pgwp\"":\""UNKNOWN_NOT_PUBLISHED\"",\""status\"":\""ACCEPTED_AVAILABLE\"",\""study_permit\"":\""UNKNOWN_NOT_PUBLISHED\""}"",""international_eligibility"":""ACCEPTED_AVAILABLE"",""last_checked"":""2026-09-08"",""source_url"":""https://www.bcit.ca/programs/technical-communication-essentials-microcredential-part-time-0826cm/""}},{""action"":""INSERT"",""key"":{""program_id"":""0826CM"",""rule_name"":""International eligibility source evidence"",""rule_scope"":""INTERNATIONAL"",""study_mode"":""Part-time""},""precondition"":""No semantically equivalent INTERNATIONAL rule exists"",""table"":""academic_rule_sets"",""values"":{""notes"":""{\""evidence\"":[{\""checked_at\"":\""2026-09-08T17:42:04.887145+00:00\"",\""evidence_type\"":\""international_list_positive_flag\"",\""source_sha256\"":\""80ccc30497514cdabeb24188c92933bde377ee28c660097ccd4abb46138608d4\"",\""url\"":\""https://www.bcit.ca/international-applicants/flexible-credential-programs/\""}],\""offering_scope\"":\""Any Domestic Only offering remains mode/intake-specific.\"",\""pgwp\"":\""UNKNOWN_NOT_PUBLISHED\"",\""status\"":\""ACCEPTED_AVAILABLE\"",\""study_permit\"":\""UNKNOWN_NOT_PUBLISHED\""}"",""source_url"":""https://www.bcit.ca/international-applicants/flexible-credential-programs/""}}]","{""delivery_facts"":{""authoritative_raw"":""Successful organizations rely increasingly on effectively gathering, managing, conveying, and exchanging substantial amounts of information. The Technical Communication Essentials Microcredential sharpens skills employers want across roles and sectors. Learn to ensure that information is clear, coherent, organized, and targeted, so it meets audience needs and business purposes. Technical Communication Essentials: 5 core skills 1. Technical Writing Clear, concise writing is useful across roles, but it’s essential in a technical environment. Technical writers also know how to select the best style and tone for their purpose. This course introduces technical writing skills to help you improve your writing, as well as to help you assess your interest in a potential professional writer career. 2. Technical Editing Professional writing positions frequently include a technical competency test requirement, which covers principles, symbols, and methods of copyediting and substantive editing. In this short course, students practice their editing skills for the workplace, and fine-tune their understanding of grammar and mechanics. 3. Writing for the Web Information on the web isn’t read the same way as in print. This course bridges that difference, helping you anticipate the needs of your readers. Practice organizing and structuring information to make it easily absorbed and navigable. 4. Visual Communication and Data Representation Selection of colour, typefaces, images, and layout matters when you’re trying to convey complex messages using visual media. Visual communication applies to a range of topics, particularly as organizations try to gain insight from a vast amount of data. 5. Technical Presentations Effective presentation skills help advance your career and bring positive attention to your projects and ideas. Improve these skills by reviewing sample speeches, performing audience and purpose analysis, and rehearsing effective public speaking techniques. The course allows you to select your own topic, whether it’s relevant to other courses you’re in, an entrepreneurial idea you want to pitch, or a current work project. Grading The passing grade for each course is 50%. Program delivery Online: This program is delivered fully online. Asynchronous instructor-led courses are delivered online on a set schedule of six weeks with weekly deliverables. Program location Courses are offered through asynchronous online learning . Continue your education This microcredential ladders directly into the BCIT Technical Writing Associate Certificate . To receive the BCIT Technical Writing Associate Certificate, students must achieve a minimum grade of 70% for each course. Go back Courses Next up Contact Us"",""duration_years"":null,""intake_months"":[],""international_eligibility"":""Refer to official program page"",""last_checked"":""2026-09-07"",""program_id"":""0826CM"",""source_url"":""https://www.bcit.ca/programs/technical-communication-essentials-microcredential-part-time-0826cm/"",""terms_per_year"":null,""total_credits"":""7.0""},""international_conditions"":[],""international_rule_sets"":[],""legacy_accepts_international_students"":null}"
14,0828CM,Student Mobility Preparedness,ACCEPTED_AVAILABLE,UPDATE,APPLIED,[],"[{""action"":""UPDATE"",""key"":{""program_id"":""0828CM""},""precondition"":{""authoritative_raw"":""Program length The program requires a total of 36 hours. Students who complete the three required courses will receive the Student Mobility Preparedness Microcredential. Grading Three courses must be taken in order. Final Grade is Satisfactory standing (S) or Unsatisfactory standing (U). Program delivery Online: This program is delivered fully online. Program location Distance and online learning Go back Courses Next up Contact Us"",""duration_years"":null,""intake_months"":[],""international_eligibility"":""Refer to official program page"",""last_checked"":""2026-09-08"",""program_id"":""0828CM"",""source_url"":""https://www.bcit.ca/programs/student-mobility-preparedness-microcredential-part-time-0828cm/"",""terms_per_year"":null,""total_credits"":""3.0""},""table"":""program_delivery_facts"",""values"":{""authoritative_raw"":""Program length The program requires a total of 36 hours. Students who complete the three required courses will receive the Student Mobility Preparedness Microcredential. Grading Three courses must be taken in order. Final Grade is Satisfactory standing (S) or Unsatisfactory standing (U). Program delivery Online: This program is delivered fully online. Program location Distance and online learning Go back Courses Next up Contact Us\nInternational evidence: {\""evidence\"":[{\""checked_at\"":\""2026-09-08T17:42:04.887145+00:00\"",\""evidence_type\"":\""international_list_positive_flag\"",\""source_sha256\"":\""80ccc30497514cdabeb24188c92933bde377ee28c660097ccd4abb46138608d4\"",\""url\"":\""https://www.bcit.ca/international-applicants/flexible-credential-programs/\""}],\""offering_scope\"":\""Any Domestic Only offering remains mode/intake-specific.\"",\""pgwp\"":\""UNKNOWN_NOT_PUBLISHED\"",\""status\"":\""ACCEPTED_AVAILABLE\"",\""study_permit\"":\""UNKNOWN_NOT_PUBLISHED\""}"",""international_eligibility"":""ACCEPTED_AVAILABLE"",""last_checked"":""2026-09-08"",""source_url"":""https://www.bcit.ca/programs/student-mobility-preparedness-microcredential-part-time-0828cm/""}},{""action"":""INSERT"",""key"":{""program_id"":""0828CM"",""rule_name"":""International eligibility source evidence"",""rule_scope"":""INTERNATIONAL"",""study_mode"":""Part-time""},""precondition"":""No semantically equivalent INTERNATIONAL rule exists"",""table"":""academic_rule_sets"",""values"":{""notes"":""{\""evidence\"":[{\""checked_at\"":\""2026-09-08T17:42:04.887145+00:00\"",\""evidence_type\"":\""international_list_positive_flag\"",\""source_sha256\"":\""80ccc30497514cdabeb24188c92933bde377ee28c660097ccd4abb46138608d4\"",\""url\"":\""https://www.bcit.ca/international-applicants/flexible-credential-programs/\""}],\""offering_scope\"":\""Any Domestic Only offering remains mode/intake-specific.\"",\""pgwp\"":\""UNKNOWN_NOT_PUBLISHED\"",\""status\"":\""ACCEPTED_AVAILABLE\"",\""study_permit\"":\""UNKNOWN_NOT_PUBLISHED\""}"",""source_url"":""https://www.bcit.ca/international-applicants/flexible-credential-programs/""}}]","{""delivery_facts"":{""authoritative_raw"":""Program length The program requires a total of 36 hours. Students who complete the three required courses will receive the Student Mobility Preparedness Microcredential. Grading Three courses must be taken in order. Final Grade is Satisfactory standing (S) or Unsatisfactory standing (U). Program delivery Online: This program is delivered fully online. Program location Distance and online learning Go back Courses Next up Contact Us"",""duration_years"":null,""intake_months"":[],""international_eligibility"":""Refer to official program page"",""last_checked"":""2026-09-08"",""program_id"":""0828CM"",""source_url"":""https://www.bcit.ca/programs/student-mobility-preparedness-microcredential-part-time-0828cm/"",""terms_per_year"":null,""total_credits"":""3.0""},""international_conditions"":[],""international_rule_sets"":[],""legacy_accepts_international_students"":null}"
15,0829CM,Building Energy Modelling and Simulation,ACCEPTED_AVAILABLE,UPDATE,APPLIED,[],"[{""action"":""UPDATE"",""key"":{""program_id"":""0829CM""},""precondition"":{""authoritative_raw"":""Program length This self-paced program can be completed in one year. Grading Minimum passing grade for each course is 50%. Program delivery Online: This program is delivered fully online. All courses are delivered in a synchronous, online format. Program location This program will be delivered online . Go back Courses Next up Graduating & Jobs"",""duration_years"":null,""intake_months"":[],""international_eligibility"":""Refer to official program page"",""last_checked"":""2026-09-08"",""program_id"":""0829CM"",""source_url"":""https://www.bcit.ca/programs/building-energy-modelling-and-simulation-microcredential-part-time-0829cm/"",""terms_per_year"":null,""total_credits"":""9.0""},""table"":""program_delivery_facts"",""values"":{""authoritative_raw"":""Program length This self-paced program can be completed in one year. Grading Minimum passing grade for each course is 50%. Program delivery Online: This program is delivered fully online. All courses are delivered in a synchronous, online format. Program location This program will be delivered online . Go back Courses Next up Graduating & Jobs\nInternational evidence: {\""evidence\"":[{\""checked_at\"":\""2026-09-08T17:42:04.887145+00:00\"",\""evidence_type\"":\""international_list_positive_flag\"",\""source_sha256\"":\""80ccc30497514cdabeb24188c92933bde377ee28c660097ccd4abb46138608d4\"",\""url\"":\""https://www.bcit.ca/international-applicants/flexible-credential-programs/\""}],\""offering_scope\"":\""Any Domestic Only offering remains mode/intake-specific.\"",\""pgwp\"":\""UNKNOWN_NOT_PUBLISHED\"",\""status\"":\""ACCEPTED_AVAILABLE\"",\""study_permit\"":\""UNKNOWN_NOT_PUBLISHED\""}"",""international_eligibility"":""ACCEPTED_AVAILABLE"",""last_checked"":""2026-09-08"",""source_url"":""https://www.bcit.ca/programs/building-energy-modelling-and-simulation-microcredential-part-time-0829cm/""}},{""action"":""INSERT"",""key"":{""program_id"":""0829CM"",""rule_name"":""International eligibility source evidence"",""rule_scope"":""INTERNATIONAL"",""study_mode"":""Part-time""},""precondition"":""No semantically equivalent INTERNATIONAL rule exists"",""table"":""academic_rule_sets"",""values"":{""notes"":""{\""evidence\"":[{\""checked_at\"":\""2026-09-08T17:42:04.887145+00:00\"",\""evidence_type\"":\""international_list_positive_flag\"",\""source_sha256\"":\""80ccc30497514cdabeb24188c92933bde377ee28c660097ccd4abb46138608d4\"",\""url\"":\""https://www.bcit.ca/international-applicants/flexible-credential-programs/\""}],\""offering_scope\"":\""Any Domestic Only offering remains mode/intake-specific.\"",\""pgwp\"":\""UNKNOWN_NOT_PUBLISHED\"",\""status\"":\""ACCEPTED_AVAILABLE\"",\""study_permit\"":\""UNKNOWN_NOT_PUBLISHED\""}"",""source_url"":""https://www.bcit.ca/international-applicants/flexible-credential-programs/""}}]","{""delivery_facts"":{""authoritative_raw"":""Program length This self-paced program can be completed in one year. Grading Minimum passing grade for each course is 50%. Program delivery Online: This program is delivered fully online. All courses are delivered in a synchronous, online format. Program location This program will be delivered online . Go back Courses Next up Graduating & Jobs"",""duration_years"":null,""intake_months"":[],""international_eligibility"":""Refer to official program page"",""last_checked"":""2026-09-08"",""program_id"":""0829CM"",""source_url"":""https://www.bcit.ca/programs/building-energy-modelling-and-simulation-microcredential-part-time-0829cm/"",""terms_per_year"":null,""total_credits"":""9.0""},""international_conditions"":[],""international_rule_sets"":[],""legacy_accepts_international_students"":null}"
16,0830CM,Whole-Building Life Cycle Assessment Professional,ACCEPTED_AVAILABLE,UPDATE,APPLIED,[],"[{""action"":""UPDATE"",""key"":{""program_id"":""0830CM""},""precondition"":{""authoritative_raw"":""No previous pre-requisites are required to enter this program. Practical experience in building design or policy is beneficial. Program length 3 to 6 months, part-time Program delivery Online: This program is delivered fully online. This course is delivered online with virtual, live lectures and independent work completed through the BCIT Learning Hub.This course is delivered online with virtual, live lectures and independent work completed through the BCIT Learning Hub. Program location This program will be delivered online via virtual live lectures and self-paced work through the BCIT Learning Hub. Go back Courses Next up Faculty, Advisors & Staff"",""duration_years"":null,""intake_months"":[],""international_eligibility"":""Refer to official program page"",""last_checked"":""2026-09-08"",""program_id"":""0830CM"",""source_url"":""https://www.bcit.ca/programs/whole-building-life-cycle-assessment-professional-microcredential-part-time-0830cm/"",""terms_per_year"":null,""total_credits"":""7.5""},""table"":""program_delivery_facts"",""values"":{""authoritative_raw"":""No previous pre-requisites are required to enter this program. Practical experience in building design or policy is beneficial. Program length 3 to 6 months, part-time Program delivery Online: This program is delivered fully online. This course is delivered online with virtual, live lectures and independent work completed through the BCIT Learning Hub.This course is delivered online with virtual, live lectures and independent work completed through the BCIT Learning Hub. Program location This program will be delivered online via virtual live lectures and self-paced work through the BCIT Learning Hub. Go back Courses Next up Faculty, Advisors & Staff\nInternational evidence: {\""evidence\"":[{\""checked_at\"":\""2026-09-08T17:42:04.887145+00:00\"",\""evidence_type\"":\""international_list_positive_flag\"",\""source_sha256\"":\""80ccc30497514cdabeb24188c92933bde377ee28c660097ccd4abb46138608d4\"",\""url\"":\""https://www.bcit.ca/international-applicants/flexible-credential-programs/\""}],\""offering_scope\"":\""Any Domestic Only offering remains mode/intake-specific.\"",\""pgwp\"":\""UNKNOWN_NOT_PUBLISHED\"",\""status\"":\""ACCEPTED_AVAILABLE\"",\""study_permit\"":\""UNKNOWN_NOT_PUBLISHED\""}"",""international_eligibility"":""ACCEPTED_AVAILABLE"",""last_checked"":""2026-09-08"",""source_url"":""https://www.bcit.ca/programs/whole-building-life-cycle-assessment-professional-microcredential-part-time-0830cm/""}},{""action"":""INSERT"",""key"":{""program_id"":""0830CM"",""rule_name"":""International eligibility source evidence"",""rule_scope"":""INTERNATIONAL"",""study_mode"":""Part-time""},""precondition"":""No semantically equivalent INTERNATIONAL rule exists"",""table"":""academic_rule_sets"",""values"":{""notes"":""{\""evidence\"":[{\""checked_at\"":\""2026-09-08T17:42:04.887145+00:00\"",\""evidence_type\"":\""international_list_positive_flag\"",\""source_sha256\"":\""80ccc30497514cdabeb24188c92933bde377ee28c660097ccd4abb46138608d4\"",\""url\"":\""https://www.bcit.ca/international-applicants/flexible-credential-programs/\""}],\""offering_scope\"":\""Any Domestic Only offering remains mode/intake-specific.\"",\""pgwp\"":\""UNKNOWN_NOT_PUBLISHED\"",\""status\"":\""ACCEPTED_AVAILABLE\"",\""study_permit\"":\""UNKNOWN_NOT_PUBLISHED\""}"",""source_url"":""https://www.bcit.ca/international-applicants/flexible-credential-programs/""}}]","{""delivery_facts"":{""authoritative_raw"":""No previous pre-requisites are required to enter this program. Practical experience in building design or policy is beneficial. Program length 3 to 6 months, part-time Program delivery Online: This program is delivered fully online. This course is delivered online with virtual, live lectures and independent work completed through the BCIT Learning Hub.This course is delivered online with virtual, live lectures and independent work completed through the BCIT Learning Hub. Program location This program will be delivered online via virtual live lectures and self-paced work through the BCIT Learning Hub. Go back Courses Next up Faculty, Advisors & Staff"",""duration_years"":null,""intake_months"":[],""international_eligibility"":""Refer to official program page"",""last_checked"":""2026-09-08"",""program_id"":""0830CM"",""source_url"":""https://www.bcit.ca/programs/whole-building-life-cycle-assessment-professional-microcredential-part-time-0830cm/"",""terms_per_year"":null,""total_credits"":""7.5""},""international_conditions"":[],""international_rule_sets"":[],""legacy_accepts_international_students"":null}"
17,0832CM,Cybersecurity Operations,ACCEPTED_AVAILABLE,UPDATE,APPLIED,[],"[{""action"":""UPDATE"",""key"":{""program_id"":""0832CM""},""precondition"":{""authoritative_raw"":""Program delivery Online: This program is delivered fully online. Program location Courses are offered through online learning . Go back Courses Next up Faculty, Advisors & Staff"",""duration_years"":null,""intake_months"":[],""international_eligibility"":""Refer to official program page"",""last_checked"":""2026-09-08"",""program_id"":""0832CM"",""source_url"":""https://www.bcit.ca/programs/cybersecurity-operations-microcredential-part-time-0832cm/"",""terms_per_year"":null,""total_credits"":""6.0""},""table"":""program_delivery_facts"",""values"":{""authoritative_raw"":""Program delivery Online: This program is delivered fully online. Program location Courses are offered through online learning . Go back Courses Next up Faculty, Advisors & Staff\nInternational evidence: {\""evidence\"":[{\""checked_at\"":\""2026-09-08T17:42:04.887145+00:00\"",\""evidence_type\"":\""international_list_positive_flag\"",\""source_sha256\"":\""80ccc30497514cdabeb24188c92933bde377ee28c660097ccd4abb46138608d4\"",\""url\"":\""https://www.bcit.ca/international-applicants/flexible-credential-programs/\""}],\""offering_scope\"":\""Any Domestic Only offering remains mode/intake-specific.\"",\""pgwp\"":\""UNKNOWN_NOT_PUBLISHED\"",\""status\"":\""ACCEPTED_AVAILABLE\"",\""study_permit\"":\""UNKNOWN_NOT_PUBLISHED\""}"",""international_eligibility"":""ACCEPTED_AVAILABLE"",""last_checked"":""2026-09-08"",""source_url"":""https://www.bcit.ca/programs/cybersecurity-operations-microcredential-part-time-0832cm/""}},{""action"":""INSERT"",""key"":{""program_id"":""0832CM"",""rule_name"":""International eligibility source evidence"",""rule_scope"":""INTERNATIONAL"",""study_mode"":""Part-time""},""precondition"":""No semantically equivalent INTERNATIONAL rule exists"",""table"":""academic_rule_sets"",""values"":{""notes"":""{\""evidence\"":[{\""checked_at\"":\""2026-09-08T17:42:04.887145+00:00\"",\""evidence_type\"":\""international_list_positive_flag\"",\""source_sha256\"":\""80ccc30497514cdabeb24188c92933bde377ee28c660097ccd4abb46138608d4\"",\""url\"":\""https://www.bcit.ca/international-applicants/flexible-credential-programs/\""}],\""offering_scope\"":\""Any Domestic Only offering remains mode/intake-specific.\"",\""pgwp\"":\""UNKNOWN_NOT_PUBLISHED\"",\""status\"":\""ACCEPTED_AVAILABLE\"",\""study_permit\"":\""UNKNOWN_NOT_PUBLISHED\""}"",""source_url"":""https://www.bcit.ca/international-applicants/flexible-credential-programs/""}}]","{""delivery_facts"":{""authoritative_raw"":""Program delivery Online: This program is delivered fully online. Program location Courses are offered through online learning . Go back Courses Next up Faculty, Advisors & Staff"",""duration_years"":null,""intake_months"":[],""international_eligibility"":""Refer to official program page"",""last_checked"":""2026-09-08"",""program_id"":""0832CM"",""source_url"":""https://www.bcit.ca/programs/cybersecurity-operations-microcredential-part-time-0832cm/"",""terms_per_year"":null,""total_credits"":""6.0""},""international_conditions"":[],""international_rule_sets"":[],""legacy_accepts_international_students"":null}"
18,0833CM,Forensic Nurse Death Investigator,ACCEPTED_AVAILABLE,UPDATE,APPLIED,[],"[{""action"":""UPDATE"",""key"":{""program_id"":""0833CM""},""precondition"":{""authoritative_raw"":""Program delivery Online: This program is delivered fully online. Program location Courses are offered through distance and online learning . Go back Courses Next up Graduating & Jobs"",""duration_years"":null,""intake_months"":[],""international_eligibility"":""Refer to official program page"",""last_checked"":""2026-09-08"",""program_id"":""0833CM"",""source_url"":""https://www.bcit.ca/programs/forensic-nurse-death-investigator-microcredential-part-time-0833cm/"",""terms_per_year"":null,""total_credits"":""6.0""},""table"":""program_delivery_facts"",""values"":{""authoritative_raw"":""Program delivery Online: This program is delivered fully online. Program location Courses are offered through distance and online learning . Go back Courses Next up Graduating & Jobs\nInternational evidence: {\""evidence\"":[{\""checked_at\"":\""2026-09-08T17:42:04.887145+00:00\"",\""evidence_type\"":\""international_list_positive_flag\"",\""source_sha256\"":\""80ccc30497514cdabeb24188c92933bde377ee28c660097ccd4abb46138608d4\"",\""url\"":\""https://www.bcit.ca/international-applicants/flexible-credential-programs/\""}],\""offering_scope\"":\""Any Domestic Only offering remains mode/intake-specific.\"",\""pgwp\"":\""UNKNOWN_NOT_PUBLISHED\"",\""status\"":\""ACCEPTED_AVAILABLE\"",\""study_permit\"":\""UNKNOWN_NOT_PUBLISHED\""}"",""international_eligibility"":""ACCEPTED_AVAILABLE"",""last_checked"":""2026-09-08"",""source_url"":""https://www.bcit.ca/programs/forensic-nurse-death-investigator-microcredential-part-time-0833cm/""}},{""action"":""INSERT"",""key"":{""program_id"":""0833CM"",""rule_name"":""International eligibility source evidence"",""rule_scope"":""INTERNATIONAL"",""study_mode"":""Part-time""},""precondition"":""No semantically equivalent INTERNATIONAL rule exists"",""table"":""academic_rule_sets"",""values"":{""notes"":""{\""evidence\"":[{\""checked_at\"":\""2026-09-08T17:42:04.887145+00:00\"",\""evidence_type\"":\""international_list_positive_flag\"",\""source_sha256\"":\""80ccc30497514cdabeb24188c92933bde377ee28c660097ccd4abb46138608d4\"",\""url\"":\""https://www.bcit.ca/international-applicants/flexible-credential-programs/\""}],\""offering_scope\"":\""Any Domestic Only offering remains mode/intake-specific.\"",\""pgwp\"":\""UNKNOWN_NOT_PUBLISHED\"",\""status\"":\""ACCEPTED_AVAILABLE\"",\""study_permit\"":\""UNKNOWN_NOT_PUBLISHED\""}"",""source_url"":""https://www.bcit.ca/international-applicants/flexible-credential-programs/""}}]","{""delivery_facts"":{""authoritative_raw"":""Program delivery Online: This program is delivered fully online. Program location Courses are offered through distance and online learning . Go back Courses Next up Graduating & Jobs"",""duration_years"":null,""intake_months"":[],""international_eligibility"":""Refer to official program page"",""last_checked"":""2026-09-08"",""program_id"":""0833CM"",""source_url"":""https://www.bcit.ca/programs/forensic-nurse-death-investigator-microcredential-part-time-0833cm/"",""terms_per_year"":null,""total_credits"":""6.0""},""international_conditions"":[],""international_rule_sets"":[],""legacy_accepts_international_students"":null}"
19,0835CM,International Education Practitioner - Foundation,ACCEPTED_AVAILABLE,UPDATE,APPLIED,[],"[{""action"":""UPDATE"",""key"":{""program_id"":""0835CM""},""precondition"":{""authoritative_raw"":""Program length The program requires a total of 90 hours. Grading Final Grade is Satisfactory standing (S) or Unsatisfactory standing (U). Program delivery Online: This program is delivered fully online. Program location Courses are offered through online learning . Go back Courses Next up Contact Us"",""duration_years"":null,""intake_months"":[],""international_eligibility"":""Refer to official program page"",""last_checked"":""2026-09-08"",""program_id"":""0835CM"",""source_url"":""https://www.bcit.ca/programs/international-education-practitioner-foundation-microcredential-part-time-0835cm/"",""terms_per_year"":null,""total_credits"":""6.0""},""table"":""program_delivery_facts"",""values"":{""authoritative_raw"":""Program length The program requires a total of 90 hours. Grading Final Grade is Satisfactory standing (S) or Unsatisfactory standing (U). Program delivery Online: This program is delivered fully online. Program location Courses are offered through online learning . Go back Courses Next up Contact Us\nInternational evidence: {\""evidence\"":[{\""checked_at\"":\""2026-09-08T17:42:04.887145+00:00\"",\""evidence_type\"":\""international_list_positive_flag\"",\""source_sha256\"":\""80ccc30497514cdabeb24188c92933bde377ee28c660097ccd4abb46138608d4\"",\""url\"":\""https://www.bcit.ca/international-applicants/flexible-credential-programs/\""}],\""offering_scope\"":\""Any Domestic Only offering remains mode/intake-specific.\"",\""pgwp\"":\""UNKNOWN_NOT_PUBLISHED\"",\""status\"":\""ACCEPTED_AVAILABLE\"",\""study_permit\"":\""UNKNOWN_NOT_PUBLISHED\""}"",""international_eligibility"":""ACCEPTED_AVAILABLE"",""last_checked"":""2026-09-08"",""source_url"":""https://www.bcit.ca/programs/international-education-practitioner-foundation-microcredential-part-time-0835cm/""}},{""action"":""INSERT"",""key"":{""program_id"":""0835CM"",""rule_name"":""International eligibility source evidence"",""rule_scope"":""INTERNATIONAL"",""study_mode"":""Part-time""},""precondition"":""No semantically equivalent INTERNATIONAL rule exists"",""table"":""academic_rule_sets"",""values"":{""notes"":""{\""evidence\"":[{\""checked_at\"":\""2026-09-08T17:42:04.887145+00:00\"",\""evidence_type\"":\""international_list_positive_flag\"",\""source_sha256\"":\""80ccc30497514cdabeb24188c92933bde377ee28c660097ccd4abb46138608d4\"",\""url\"":\""https://www.bcit.ca/international-applicants/flexible-credential-programs/\""}],\""offering_scope\"":\""Any Domestic Only offering remains mode/intake-specific.\"",\""pgwp\"":\""UNKNOWN_NOT_PUBLISHED\"",\""status\"":\""ACCEPTED_AVAILABLE\"",\""study_permit\"":\""UNKNOWN_NOT_PUBLISHED\""}"",""source_url"":""https://www.bcit.ca/international-applicants/flexible-credential-programs/""}}]","{""delivery_facts"":{""authoritative_raw"":""Program length The program requires a total of 90 hours. Grading Final Grade is Satisfactory standing (S) or Unsatisfactory standing (U). Program delivery Online: This program is delivered fully online. Program location Courses are offered through online learning . Go back Courses Next up Contact Us"",""duration_years"":null,""intake_months"":[],""international_eligibility"":""Refer to official program page"",""last_checked"":""2026-09-08"",""program_id"":""0835CM"",""source_url"":""https://www.bcit.ca/programs/international-education-practitioner-foundation-microcredential-part-time-0835cm/"",""terms_per_year"":null,""total_credits"":""6.0""},""international_conditions"":[],""international_rule_sets"":[],""legacy_accepts_international_students"":null}"
20,0837CM,Foundational Digital Forensics Skills,ACCEPTED_AVAILABLE,UPDATE,APPLIED,[],"[{""action"":""UPDATE"",""key"":{""program_id"":""0837CM""},""precondition"":{""authoritative_raw"":""Course Descriptions XFSC 3000 – Introduction to Digital Forensics Dive into the world of digital forensics, focusing on essential computing concepts and forensic principles. You’ll learn the core components of a forensic investigation, including evidence collection, chain of custody, and legal standards for handling digital evidence. By the end of the course, you’ll have a strong foundation to advance to more specialized topics in the Digital Forensics program. XFSC 3005 – Digital Evidence Acquisition Learn how to apply proper forensic techniques to acquire digital evidence from common devices, including laptops, desktops, mobile phones, tablets, RAID arrays, and USB drives. Since each device type presents unique challenges, you’ll explore specialized forensic tools and methods for capturing forensic images suitable for legal examination. The course also introduces data recovery techniques to help investigators extract data from non-functioning digital devices. XFSC 3010 – Mobile Device Forensics Focus on the forensic preservation and analysis of mobile devices. You’ll gain an understanding of mobile technology and its applications, as well as the legal considerations involved in handling mobile device evidence. The course covers the various types of data available to forensic examiners and provides an overview of modern mobile acquisition and analysis tools. Program delivery Online: This program is delivered fully online. Program location Courses are offered through online learning . Go back Courses Next up Faculty, Advisors & Staff"",""duration_years"":null,""intake_months"":[],""international_eligibility"":""Refer to official program page"",""last_checked"":""2026-09-08"",""program_id"":""0837CM"",""source_url"":""https://www.bcit.ca/programs/foundational-digital-forensics-skills-microcredential-part-time-0837cm/"",""terms_per_year"":null,""total_credits"":""3.0""},""table"":""program_delivery_facts"",""values"":{""authoritative_raw"":""Course Descriptions XFSC 3000 – Introduction to Digital Forensics Dive into the world of digital forensics, focusing on essential computing concepts and forensic principles. You’ll learn the core components of a forensic investigation, including evidence collection, chain of custody, and legal standards for handling digital evidence. By the end of the course, you’ll have a strong foundation to advance to more specialized topics in the Digital Forensics program. XFSC 3005 – Digital Evidence Acquisition Learn how to apply proper forensic techniques to acquire digital evidence from common devices, including laptops, desktops, mobile phones, tablets, RAID arrays, and USB drives. Since each device type presents unique challenges, you’ll explore specialized forensic tools and methods for capturing forensic images suitable for legal examination. The course also introduces data recovery techniques to help investigators extract data from non-functioning digital devices. XFSC 3010 – Mobile Device Forensics Focus on the forensic preservation and analysis of mobile devices. You’ll gain an understanding of mobile technology and its applications, as well as the legal considerations involved in handling mobile device evidence. The course covers the various types of data available to forensic examiners and provides an overview of modern mobile acquisition and analysis tools. Program delivery Online: This program is delivered fully online. Program location Courses are offered through online learning . Go back Courses Next up Faculty, Advisors & Staff\nInternational evidence: {\""evidence\"":[{\""checked_at\"":\""2026-09-08T17:42:04.887145+00:00\"",\""evidence_type\"":\""international_list_positive_flag\"",\""source_sha256\"":\""80ccc30497514cdabeb24188c92933bde377ee28c660097ccd4abb46138608d4\"",\""url\"":\""https://www.bcit.ca/international-applicants/flexible-credential-programs/\""}],\""offering_scope\"":\""Any Domestic Only offering remains mode/intake-specific.\"",\""pgwp\"":\""UNKNOWN_NOT_PUBLISHED\"",\""status\"":\""ACCEPTED_AVAILABLE\"",\""study_permit\"":\""UNKNOWN_NOT_PUBLISHED\""}"",""international_eligibility"":""ACCEPTED_AVAILABLE"",""last_checked"":""2026-09-08"",""source_url"":""https://www.bcit.ca/programs/foundational-digital-forensics-skills-microcredential-part-time-0837cm/""}},{""action"":""INSERT"",""key"":{""program_id"":""0837CM"",""rule_name"":""International eligibility source evidence"",""rule_scope"":""INTERNATIONAL"",""study_mode"":""Part-time""},""precondition"":""No semantically equivalent INTERNATIONAL rule exists"",""table"":""academic_rule_sets"",""values"":{""notes"":""{\""evidence\"":[{\""checked_at\"":\""2026-09-08T17:42:04.887145+00:00\"",\""evidence_type\"":\""international_list_positive_flag\"",\""source_sha256\"":\""80ccc30497514cdabeb24188c92933bde377ee28c660097ccd4abb46138608d4\"",\""url\"":\""https://www.bcit.ca/international-applicants/flexible-credential-programs/\""}],\""offering_scope\"":\""Any Domestic Only offering remains mode/intake-specific.\"",\""pgwp\"":\""UNKNOWN_NOT_PUBLISHED\"",\""status\"":\""ACCEPTED_AVAILABLE\"",\""study_permit\"":\""UNKNOWN_NOT_PUBLISHED\""}"",""source_url"":""https://www.bcit.ca/international-applicants/flexible-credential-programs/""}}]","{""delivery_facts"":{""authoritative_raw"":""Course Descriptions XFSC 3000 – Introduction to Digital Forensics Dive into the world of digital forensics, focusing on essential computing concepts and forensic principles. You’ll learn the core components of a forensic investigation, including evidence collection, chain of custody, and legal standards for handling digital evidence. By the end of the course, you’ll have a strong foundation to advance to more specialized topics in the Digital Forensics program. XFSC 3005 – Digital Evidence Acquisition Learn how to apply proper forensic techniques to acquire digital evidence from common devices, including laptops, desktops, mobile phones, tablets, RAID arrays, and USB drives. Since each device type presents unique challenges, you’ll explore specialized forensic tools and methods for capturing forensic images suitable for legal examination. The course also introduces data recovery techniques to help investigators extract data from non-functioning digital devices. XFSC 3010 – Mobile Device Forensics Focus on the forensic preservation and analysis of mobile devices. You’ll gain an understanding of mobile technology and its applications, as well as the legal considerations involved in handling mobile device evidence. The course covers the various types of data available to forensic examiners and provides an overview of modern mobile acquisition and analysis tools. Program delivery Online: This program is delivered fully online. Program location Courses are offered through online learning . Go back Courses Next up Faculty, Advisors & Staff"",""duration_years"":null,""intake_months"":[],""international_eligibility"":""Refer to official program page"",""last_checked"":""2026-09-08"",""program_id"":""0837CM"",""source_url"":""https://www.bcit.ca/programs/foundational-digital-forensics-skills-microcredential-part-time-0837cm/"",""terms_per_year"":null,""total_credits"":""3.0""},""international_conditions"":[],""international_rule_sets"":[],""legacy_accepts_international_students"":null}"
21,0838CM,Automotive Service Management Essentials,ACCEPTED_AVAILABLE,UPDATE,APPLIED,[],"[{""action"":""UPDATE"",""key"":{""program_id"":""0838CM""},""precondition"":{""authoritative_raw"":""Grading The minimum passing grade is 70 percent. Program delivery Online: This program is delivered fully online. Program location Online Learning Go back Courses Next up Faculty, Advisors & Staff"",""duration_years"":null,""intake_months"":[],""international_eligibility"":""Refer to official program page"",""last_checked"":""2026-09-08"",""program_id"":""0838CM"",""source_url"":""https://www.bcit.ca/programs/automotive-service-management-essentials-microcredential-part-time-0838cm/"",""terms_per_year"":null,""total_credits"":""4.0""},""table"":""program_delivery_facts"",""values"":{""authoritative_raw"":""Grading The minimum passing grade is 70 percent. Program delivery Online: This program is delivered fully online. Program location Online Learning Go back Courses Next up Faculty, Advisors & Staff\nInternational evidence: {\""evidence\"":[{\""checked_at\"":\""2026-09-08T17:42:04.887145+00:00\"",\""evidence_type\"":\""international_list_positive_flag\"",\""source_sha256\"":\""80ccc30497514cdabeb24188c92933bde377ee28c660097ccd4abb46138608d4\"",\""url\"":\""https://www.bcit.ca/international-applicants/flexible-credential-programs/\""}],\""offering_scope\"":\""Any Domestic Only offering remains mode/intake-specific.\"",\""pgwp\"":\""UNKNOWN_NOT_PUBLISHED\"",\""status\"":\""ACCEPTED_AVAILABLE\"",\""study_permit\"":\""UNKNOWN_NOT_PUBLISHED\""}"",""international_eligibility"":""ACCEPTED_AVAILABLE"",""last_checked"":""2026-09-08"",""source_url"":""https://www.bcit.ca/programs/automotive-service-management-essentials-microcredential-part-time-0838cm/""}},{""action"":""INSERT"",""key"":{""program_id"":""0838CM"",""rule_name"":""International eligibility source evidence"",""rule_scope"":""INTERNATIONAL"",""study_mode"":""Part-time""},""precondition"":""No semantically equivalent INTERNATIONAL rule exists"",""table"":""academic_rule_sets"",""values"":{""notes"":""{\""evidence\"":[{\""checked_at\"":\""2026-09-08T17:42:04.887145+00:00\"",\""evidence_type\"":\""international_list_positive_flag\"",\""source_sha256\"":\""80ccc30497514cdabeb24188c92933bde377ee28c660097ccd4abb46138608d4\"",\""url\"":\""https://www.bcit.ca/international-applicants/flexible-credential-programs/\""}],\""offering_scope\"":\""Any Domestic Only offering remains mode/intake-specific.\"",\""pgwp\"":\""UNKNOWN_NOT_PUBLISHED\"",\""status\"":\""ACCEPTED_AVAILABLE\"",\""study_permit\"":\""UNKNOWN_NOT_PUBLISHED\""}"",""source_url"":""https://www.bcit.ca/international-applicants/flexible-credential-programs/""}}]","{""delivery_facts"":{""authoritative_raw"":""Grading The minimum passing grade is 70 percent. Program delivery Online: This program is delivered fully online. Program location Online Learning Go back Courses Next up Faculty, Advisors & Staff"",""duration_years"":null,""intake_months"":[],""international_eligibility"":""Refer to official program page"",""last_checked"":""2026-09-08"",""program_id"":""0838CM"",""source_url"":""https://www.bcit.ca/programs/automotive-service-management-essentials-microcredential-part-time-0838cm/"",""terms_per_year"":null,""total_credits"":""4.0""},""international_conditions"":[],""international_rule_sets"":[],""legacy_accepts_international_students"":null}"
22,0840CM,Introduction to Full-Stack Web Development,ACCEPTED_AVAILABLE,UPDATE,APPLIED,[],"[{""action"":""UPDATE"",""key"":{""program_id"":""0840CM""},""precondition"":{""authoritative_raw"":""Earning badges and this microcredential Starting September 2023, upon successful completion, students may apply for a digital badge for each of COMP 3012 and COMP 3013. These badges contain embedded data, including the competencies assessed. A badge may be linked to an online resume, website or social media platform. Please be sure to read our Computing Flexible Learning Student Guide (specifically page 5) for workload expectations. These are post-secondary and for credit courses, so there are attendance requirements and significant homework outside of each class. The program is typically be completed over two terms. Most students will complete 1 course per term, which is typically an 11 hour per week total time commitment. However, some students with prior background in Advanced JavaScript and previous versions of Node and React may be able to complete both courses in the same term. This would require attending 2 classes each week with 3-hour lessons per, and completing 16+ hours of homework each week, for 12 weeks. Program length The program can be completed in a single 12-week term or over two terms. Grading The minimum passing grade for each course is 60%. Program delivery Blended: This program is delivered partly on campus and partly online. Online: This program is delivered fully online. Program location Burnaby Campus 3700 Willingdon Avenue Burnaby, BC Downtown Campus 555 Seymour Street Vancouver, BC Distance and online learning Continue your education Completing this microcredential can lead to pathways for Associate Certificates, such as Applied Web Development (AWD) or Web and Mobile Application Development , and the Computer Systems (CST) FLEX Diploma. Go back Courses Next up Faculty, Advisors & Staff"",""duration_years"":null,""intake_months"":[],""international_eligibility"":""Refer to official program page"",""last_checked"":""2026-09-08"",""program_id"":""0840CM"",""source_url"":""https://www.bcit.ca/programs/introduction-to-full-stack-web-development-microcredential-part-time-0840cm/"",""terms_per_year"":null,""total_credits"":""6.0""},""table"":""program_delivery_facts"",""values"":{""authoritative_raw"":""Earning badges and this microcredential Starting September 2023, upon successful completion, students may apply for a digital badge for each of COMP 3012 and COMP 3013. These badges contain embedded data, including the competencies assessed. A badge may be linked to an online resume, website or social media platform. Please be sure to read our Computing Flexible Learning Student Guide (specifically page 5) for workload expectations. These are post-secondary and for credit courses, so there are attendance requirements and significant homework outside of each class. The program is typically be completed over two terms. Most students will complete 1 course per term, which is typically an 11 hour per week total time commitment. However, some students with prior background in Advanced JavaScript and previous versions of Node and React may be able to complete both courses in the same term. This would require attending 2 classes each week with 3-hour lessons per, and completing 16+ hours of homework each week, for 12 weeks. Program length The program can be completed in a single 12-week term or over two terms. Grading The minimum passing grade for each course is 60%. Program delivery Blended: This program is delivered partly on campus and partly online. Online: This program is delivered fully online. Program location Burnaby Campus 3700 Willingdon Avenue Burnaby, BC Downtown Campus 555 Seymour Street Vancouver, BC Distance and online learning Continue your education Completing this microcredential can lead to pathways for Associate Certificates, such as Applied Web Development (AWD) or Web and Mobile Application Development , and the Computer Systems (CST) FLEX Diploma. Go back Courses Next up Faculty, Advisors & Staff\nInternational evidence: {\""evidence\"":[{\""checked_at\"":\""2026-09-08T17:42:04.887145+00:00\"",\""evidence_type\"":\""international_list_positive_flag\"",\""source_sha256\"":\""80ccc30497514cdabeb24188c92933bde377ee28c660097ccd4abb46138608d4\"",\""url\"":\""https://www.bcit.ca/international-applicants/flexible-credential-programs/\""}],\""offering_scope\"":\""Any Domestic Only offering remains mode/intake-specific.\"",\""pgwp\"":\""UNKNOWN_NOT_PUBLISHED\"",\""status\"":\""ACCEPTED_AVAILABLE\"",\""study_permit\"":\""UNKNOWN_NOT_PUBLISHED\""}"",""international_eligibility"":""ACCEPTED_AVAILABLE"",""last_checked"":""2026-09-08"",""source_url"":""https://www.bcit.ca/programs/introduction-to-full-stack-web-development-microcredential-part-time-0840cm/""}},{""action"":""INSERT"",""key"":{""program_id"":""0840CM"",""rule_name"":""International eligibility source evidence"",""rule_scope"":""INTERNATIONAL"",""study_mode"":""Part-time""},""precondition"":""No semantically equivalent INTERNATIONAL rule exists"",""table"":""academic_rule_sets"",""values"":{""notes"":""{\""evidence\"":[{\""checked_at\"":\""2026-09-08T17:42:04.887145+00:00\"",\""evidence_type\"":\""international_list_positive_flag\"",\""source_sha256\"":\""80ccc30497514cdabeb24188c92933bde377ee28c660097ccd4abb46138608d4\"",\""url\"":\""https://www.bcit.ca/international-applicants/flexible-credential-programs/\""}],\""offering_scope\"":\""Any Domestic Only offering remains mode/intake-specific.\"",\""pgwp\"":\""UNKNOWN_NOT_PUBLISHED\"",\""status\"":\""ACCEPTED_AVAILABLE\"",\""study_permit\"":\""UNKNOWN_NOT_PUBLISHED\""}"",""source_url"":""https://www.bcit.ca/international-applicants/flexible-credential-programs/""}}]","{""delivery_facts"":{""authoritative_raw"":""Earning badges and this microcredential Starting September 2023, upon successful completion, students may apply for a digital badge for each of COMP 3012 and COMP 3013. These badges contain embedded data, including the competencies assessed. A badge may be linked to an online resume, website or social media platform. Please be sure to read our Computing Flexible Learning Student Guide (specifically page 5) for workload expectations. These are post-secondary and for credit courses, so there are attendance requirements and significant homework outside of each class. The program is typically be completed over two terms. Most students will complete 1 course per term, which is typically an 11 hour per week total time commitment. However, some students with prior background in Advanced JavaScript and previous versions of Node and React may be able to complete both courses in the same term. This would require attending 2 classes each week with 3-hour lessons per, and completing 16+ hours of homework each week, for 12 weeks. Program length The program can be completed in a single 12-week term or over two terms. Grading The minimum passing grade for each course is 60%. Program delivery Blended: This program is delivered partly on campus and partly online. Online: This program is delivered fully online. Program location Burnaby Campus 3700 Willingdon Avenue Burnaby, BC Downtown Campus 555 Seymour Street Vancouver, BC Distance and online learning Continue your education Completing this microcredential can lead to pathways for Associate Certificates, such as Applied Web Development (AWD) or Web and Mobile Application Development , and the Computer Systems (CST) FLEX Diploma. Go back Courses Next up Faculty, Advisors & Staff"",""duration_years"":null,""intake_months"":[],""international_eligibility"":""Refer to official program page"",""last_checked"":""2026-09-08"",""program_id"":""0840CM"",""source_url"":""https://www.bcit.ca/programs/introduction-to-full-stack-web-development-microcredential-part-time-0840cm/"",""terms_per_year"":null,""total_credits"":""6.0""},""international_conditions"":[],""international_rule_sets"":[],""legacy_accepts_international_students"":null}"
23,0841CM,Web Development Foundations (WDF),ACCEPTED_AVAILABLE,UPDATE,APPLIED,[],"[{""action"":""UPDATE"",""key"":{""program_id"":""0841CM""},""precondition"":{""authoritative_raw"":""Please read our Computing Flexible Learning Student Guide (specifically page 5) for workload expectations. These are post-secondary, and for credit courses, so there are attendance requirements and significant homework outside of each class. The program is typically completed over two terms. Most students will complete 1 course per term, which is typically an 11-hour-per-week total time commitment However, some students with prior background in previous versions of HTML, CSS and JavaScript have the option of completing the compressed 6-week course sections of COMP 1850 and COMP 2132 , which are available in the afternoons at the Downtown Campus. By completing these two courses consecutively, some students may finish in just 12 weeks and progress to the next level, Introduction to Full-Stack Web Development Microcredential. Program length The program can be completed in a single 12-week term or two terms. Grading The minimum passing grade for each course is 60%. Program delivery This program is offered in the following delivery modes: In person: This program is delivered on campus. Online: The entire program is delivered fully online. Program location Courses may be offered at the following locations: Burnaby Campus 3700 Willingdon Avenue Burnaby, BC Downtown Campus 555 Seymour Street Vancouver, BC Distance and online learning Continue your education This microcredential ladders to the Applied Web Development (AWD) , the Web and Mobile Application Development (WMA) Associate Certificates and the Computer Systems Certificate (CSC) . Go back Courses Next up Faculty, Advisors & Staff"",""duration_years"":null,""intake_months"":[],""international_eligibility"":""Refer to official program page"",""last_checked"":""2026-09-08"",""program_id"":""0841CM"",""source_url"":""https://www.bcit.ca/programs/web-development-foundations-wdf-microcredential-part-time-0841cm/"",""terms_per_year"":null,""total_credits"":""6.0""},""table"":""program_delivery_facts"",""values"":{""authoritative_raw"":""Please read our Computing Flexible Learning Student Guide (specifically page 5) for workload expectations. These are post-secondary, and for credit courses, so there are attendance requirements and significant homework outside of each class. The program is typically completed over two terms. Most students will complete 1 course per term, which is typically an 11-hour-per-week total time commitment However, some students with prior background in previous versions of HTML, CSS and JavaScript have the option of completing the compressed 6-week course sections of COMP 1850 and COMP 2132 , which are available in the afternoons at the Downtown Campus. By completing these two courses consecutively, some students may finish in just 12 weeks and progress to the next level, Introduction to Full-Stack Web Development Microcredential. Program length The program can be completed in a single 12-week term or two terms. Grading The minimum passing grade for each course is 60%. Program delivery This program is offered in the following delivery modes: In person: This program is delivered on campus. Online: The entire program is delivered fully online. Program location Courses may be offered at the following locations: Burnaby Campus 3700 Willingdon Avenue Burnaby, BC Downtown Campus 555 Seymour Street Vancouver, BC Distance and online learning Continue your education This microcredential ladders to the Applied Web Development (AWD) , the Web and Mobile Application Development (WMA) Associate Certificates and the Computer Systems Certificate (CSC) . Go back Courses Next up Faculty, Advisors & Staff\nInternational evidence: {\""evidence\"":[{\""checked_at\"":\""2026-09-08T17:42:04.887145+00:00\"",\""evidence_type\"":\""international_list_positive_flag\"",\""source_sha256\"":\""80ccc30497514cdabeb24188c92933bde377ee28c660097ccd4abb46138608d4\"",\""url\"":\""https://www.bcit.ca/international-applicants/flexible-credential-programs/\""}],\""offering_scope\"":\""Any Domestic Only offering remains mode/intake-specific.\"",\""pgwp\"":\""UNKNOWN_NOT_PUBLISHED\"",\""status\"":\""ACCEPTED_AVAILABLE\"",\""study_permit\"":\""UNKNOWN_NOT_PUBLISHED\""}"",""international_eligibility"":""ACCEPTED_AVAILABLE"",""last_checked"":""2026-09-08"",""source_url"":""https://www.bcit.ca/programs/web-development-foundations-wdf-microcredential-part-time-0841cm/""}},{""action"":""INSERT"",""key"":{""program_id"":""0841CM"",""rule_name"":""International eligibility source evidence"",""rule_scope"":""INTERNATIONAL"",""study_mode"":""Part-time""},""precondition"":""No semantically equivalent INTERNATIONAL rule exists"",""table"":""academic_rule_sets"",""values"":{""notes"":""{\""evidence\"":[{\""checked_at\"":\""2026-09-08T17:42:04.887145+00:00\"",\""evidence_type\"":\""international_list_positive_flag\"",\""source_sha256\"":\""80ccc30497514cdabeb24188c92933bde377ee28c660097ccd4abb46138608d4\"",\""url\"":\""https://www.bcit.ca/international-applicants/flexible-credential-programs/\""}],\""offering_scope\"":\""Any Domestic Only offering remains mode/intake-specific.\"",\""pgwp\"":\""UNKNOWN_NOT_PUBLISHED\"",\""status\"":\""ACCEPTED_AVAILABLE\"",\""study_permit\"":\""UNKNOWN_NOT_PUBLISHED\""}"",""source_url"":""https://www.bcit.ca/international-applicants/flexible-credential-programs/""}}]","{""delivery_facts"":{""authoritative_raw"":""Please read our Computing Flexible Learning Student Guide (specifically page 5) for workload expectations. These are post-secondary, and for credit courses, so there are attendance requirements and significant homework outside of each class. The program is typically completed over two terms. Most students will complete 1 course per term, which is typically an 11-hour-per-week total time commitment However, some students with prior background in previous versions of HTML, CSS and JavaScript have the option of completing the compressed 6-week course sections of COMP 1850 and COMP 2132 , which are available in the afternoons at the Downtown Campus. By completing these two courses consecutively, some students may finish in just 12 weeks and progress to the next level, Introduction to Full-Stack Web Development Microcredential. Program length The program can be completed in a single 12-week term or two terms. Grading The minimum passing grade for each course is 60%. Program delivery This program is offered in the following delivery modes: In person: This program is delivered on campus. Online: The entire program is delivered fully online. Program location Courses may be offered at the following locations: Burnaby Campus 3700 Willingdon Avenue Burnaby, BC Downtown Campus 555 Seymour Street Vancouver, BC Distance and online learning Continue your education This microcredential ladders to the Applied Web Development (AWD) , the Web and Mobile Application Development (WMA) Associate Certificates and the Computer Systems Certificate (CSC) . Go back Courses Next up Faculty, Advisors & Staff"",""duration_years"":null,""intake_months"":[],""international_eligibility"":""Refer to official program page"",""last_checked"":""2026-09-08"",""program_id"":""0841CM"",""source_url"":""https://www.bcit.ca/programs/web-development-foundations-wdf-microcredential-part-time-0841cm/"",""terms_per_year"":null,""total_credits"":""6.0""},""international_conditions"":[],""international_rule_sets"":[],""legacy_accepts_international_students"":null}"
24,0842CM,Data Visualization with MS Power BI,ACCEPTED_AVAILABLE,UPDATE,APPLIED,[],"[{""action"":""UPDATE"",""key"":{""program_id"":""0842CM""},""precondition"":{""authoritative_raw"":""Please note: These 3x 6-week courses were last offered in Spring 2026. COMP 2156 – Introduction to Microsoft Power BI will be offered in April 2026, for the last time. COMP 3156 – MS Power BI Optimization will be offered in April 2026, for the last time. COMP 3157 – MS Power BI Advanced Visualization will be offered in May 2026, for the last time. They were are combined into 1x 12-week course starting September 2026. COMP 2456 – Applied Power BI Development Credit will only be granted for one (1) of COMP 2156/3156/3157 or COMP 2456. Students in this program may also be interesed in COMP 2453 – Introducton to Microsoft Fabric for Data Analysis. Program length This program can be completed over two terms. Students must complete COMP 2364 prior to COMP 2456. Grading The minimum passing grade for each course is 60%. Program delivery This program is offered in the following delivery modes: In person: This program is delivered on campus. Online: The entire program is delivered fully online. Program location Courses may be offered at the following locations: Burnaby Campus 3700 Willingdon Avenue Burnaby, BC Downtown Campus 555 Seymour Street Vancouver, BC Distance and online learning Continue your education The Data Visualization with MS Power BI Microcredential contains courses which ladder to the Applied Computer Information Systems (ACIS) and the Applied Database Administration and Design (ADAD) Associate Certificates, plus the Applied Data Analytics Certificate (ADAC) and the Computer Systems (CST) FLEX Diploma. Go back Courses Next up Faculty, Advisors & Staff"",""duration_years"":null,""intake_months"":[],""international_eligibility"":""Refer to official program page"",""last_checked"":""2026-09-08"",""program_id"":""0842CM"",""source_url"":""https://www.bcit.ca/programs/data-visualization-with-ms-power-bi-microcredential-part-time-0842cm/"",""terms_per_year"":null,""total_credits"":""6.0""},""table"":""program_delivery_facts"",""values"":{""authoritative_raw"":""Please note: These 3x 6-week courses were last offered in Spring 2026. COMP 2156 – Introduction to Microsoft Power BI will be offered in April 2026, for the last time. COMP 3156 – MS Power BI Optimization will be offered in April 2026, for the last time. COMP 3157 – MS Power BI Advanced Visualization will be offered in May 2026, for the last time. They were are combined into 1x 12-week course starting September 2026. COMP 2456 – Applied Power BI Development Credit will only be granted for one (1) of COMP 2156/3156/3157 or COMP 2456. Students in this program may also be interesed in COMP 2453 – Introducton to Microsoft Fabric for Data Analysis. Program length This program can be completed over two terms. Students must complete COMP 2364 prior to COMP 2456. Grading The minimum passing grade for each course is 60%. Program delivery This program is offered in the following delivery modes: In person: This program is delivered on campus. Online: The entire program is delivered fully online. Program location Courses may be offered at the following locations: Burnaby Campus 3700 Willingdon Avenue Burnaby, BC Downtown Campus 555 Seymour Street Vancouver, BC Distance and online learning Continue your education The Data Visualization with MS Power BI Microcredential contains courses which ladder to the Applied Computer Information Systems (ACIS) and the Applied Database Administration and Design (ADAD) Associate Certificates, plus the Applied Data Analytics Certificate (ADAC) and the Computer Systems (CST) FLEX Diploma. Go back Courses Next up Faculty, Advisors & Staff\nInternational evidence: {\""evidence\"":[{\""checked_at\"":\""2026-09-08T17:42:04.887145+00:00\"",\""evidence_type\"":\""international_list_positive_flag\"",\""source_sha256\"":\""80ccc30497514cdabeb24188c92933bde377ee28c660097ccd4abb46138608d4\"",\""url\"":\""https://www.bcit.ca/international-applicants/flexible-credential-programs/\""}],\""offering_scope\"":\""Any Domestic Only offering remains mode/intake-specific.\"",\""pgwp\"":\""UNKNOWN_NOT_PUBLISHED\"",\""status\"":\""ACCEPTED_AVAILABLE\"",\""study_permit\"":\""UNKNOWN_NOT_PUBLISHED\""}"",""international_eligibility"":""ACCEPTED_AVAILABLE"",""last_checked"":""2026-09-08"",""source_url"":""https://www.bcit.ca/programs/data-visualization-with-ms-power-bi-microcredential-part-time-0842cm/""}},{""action"":""INSERT"",""key"":{""program_id"":""0842CM"",""rule_name"":""International eligibility source evidence"",""rule_scope"":""INTERNATIONAL"",""study_mode"":""Part-time""},""precondition"":""No semantically equivalent INTERNATIONAL rule exists"",""table"":""academic_rule_sets"",""values"":{""notes"":""{\""evidence\"":[{\""checked_at\"":\""2026-09-08T17:42:04.887145+00:00\"",\""evidence_type\"":\""international_list_positive_flag\"",\""source_sha256\"":\""80ccc30497514cdabeb24188c92933bde377ee28c660097ccd4abb46138608d4\"",\""url\"":\""https://www.bcit.ca/international-applicants/flexible-credential-programs/\""}],\""offering_scope\"":\""Any Domestic Only offering remains mode/intake-specific.\"",\""pgwp\"":\""UNKNOWN_NOT_PUBLISHED\"",\""status\"":\""ACCEPTED_AVAILABLE\"",\""study_permit\"":\""UNKNOWN_NOT_PUBLISHED\""}"",""source_url"":""https://www.bcit.ca/international-applicants/flexible-credential-programs/""}}]","{""delivery_facts"":{""authoritative_raw"":""Please note: These 3x 6-week courses were last offered in Spring 2026. COMP 2156 – Introduction to Microsoft Power BI will be offered in April 2026, for the last time. COMP 3156 – MS Power BI Optimization will be offered in April 2026, for the last time. COMP 3157 – MS Power BI Advanced Visualization will be offered in May 2026, for the last time. They were are combined into 1x 12-week course starting September 2026. COMP 2456 – Applied Power BI Development Credit will only be granted for one (1) of COMP 2156/3156/3157 or COMP 2456. Students in this program may also be interesed in COMP 2453 – Introducton to Microsoft Fabric for Data Analysis. Program length This program can be completed over two terms. Students must complete COMP 2364 prior to COMP 2456. Grading The minimum passing grade for each course is 60%. Program delivery This program is offered in the following delivery modes: In person: This program is delivered on campus. Online: The entire program is delivered fully online. Program location Courses may be offered at the following locations: Burnaby Campus 3700 Willingdon Avenue Burnaby, BC Downtown Campus 555 Seymour Street Vancouver, BC Distance and online learning Continue your education The Data Visualization with MS Power BI Microcredential contains courses which ladder to the Applied Computer Information Systems (ACIS) and the Applied Database Administration and Design (ADAD) Associate Certificates, plus the Applied Data Analytics Certificate (ADAC) and the Computer Systems (CST) FLEX Diploma. Go back Courses Next up Faculty, Advisors & Staff"",""duration_years"":null,""intake_months"":[],""international_eligibility"":""Refer to official program page"",""last_checked"":""2026-09-08"",""program_id"":""0842CM"",""source_url"":""https://www.bcit.ca/programs/data-visualization-with-ms-power-bi-microcredential-part-time-0842cm/"",""terms_per_year"":null,""total_credits"":""6.0""},""international_conditions"":[],""international_rule_sets"":[],""legacy_accepts_international_students"":null}"
25,0843CM,Spanish Language and Culture Fundamentals,ACCEPTED_AVAILABLE,UPDATE,APPLIED,[],"[{""action"":""UPDATE"",""key"":{""program_id"":""0843CM""},""precondition"":{""authoritative_raw"":""Program length The program requires a total of 36 hours. Students who complete the two required courses will receive a Spanish Language and Culture Fundamentals Microcredential. Grading Two courses must be taken in order. The minimum passing grade for each course is 50%. Program delivery This program is offered in the following delivery modes: In person: This program is delivered on campus. Online: The entire program is delivered fully online. Program location Courses may be offered at the following locations: Burnaby Campus 3700 Willingdon Avenue Burnaby, BC Distance and online learning Go back Courses Next up Contact Us"",""duration_years"":null,""intake_months"":[],""international_eligibility"":""Refer to official program page"",""last_checked"":""2026-09-08"",""program_id"":""0843CM"",""source_url"":""https://www.bcit.ca/programs/spanish-language-and-culture-fundamentals-microcredential-part-time-0843cm/"",""terms_per_year"":null,""total_credits"":""3.0""},""table"":""program_delivery_facts"",""values"":{""authoritative_raw"":""Program length The program requires a total of 36 hours. Students who complete the two required courses will receive a Spanish Language and Culture Fundamentals Microcredential. Grading Two courses must be taken in order. The minimum passing grade for each course is 50%. Program delivery This program is offered in the following delivery modes: In person: This program is delivered on campus. Online: The entire program is delivered fully online. Program location Courses may be offered at the following locations: Burnaby Campus 3700 Willingdon Avenue Burnaby, BC Distance and online learning Go back Courses Next up Contact Us\nInternational evidence: {\""evidence\"":[{\""checked_at\"":\""2026-09-08T17:42:04.887145+00:00\"",\""evidence_type\"":\""international_list_positive_flag\"",\""source_sha256\"":\""80ccc30497514cdabeb24188c92933bde377ee28c660097ccd4abb46138608d4\"",\""url\"":\""https://www.bcit.ca/international-applicants/flexible-credential-programs/\""}],\""offering_scope\"":\""Any Domestic Only offering remains mode/intake-specific.\"",\""pgwp\"":\""UNKNOWN_NOT_PUBLISHED\"",\""status\"":\""ACCEPTED_AVAILABLE\"",\""study_permit\"":\""UNKNOWN_NOT_PUBLISHED\""}"",""international_eligibility"":""ACCEPTED_AVAILABLE"",""last_checked"":""2026-09-08"",""source_url"":""https://www.bcit.ca/programs/spanish-language-and-culture-fundamentals-microcredential-part-time-0843cm/""}},{""action"":""INSERT"",""key"":{""program_id"":""0843CM"",""rule_name"":""International eligibility source evidence"",""rule_scope"":""INTERNATIONAL"",""study_mode"":""Part-time""},""precondition"":""No semantically equivalent INTERNATIONAL rule exists"",""table"":""academic_rule_sets"",""values"":{""notes"":""{\""evidence\"":[{\""checked_at\"":\""2026-09-08T17:42:04.887145+00:00\"",\""evidence_type\"":\""international_list_positive_flag\"",\""source_sha256\"":\""80ccc30497514cdabeb24188c92933bde377ee28c660097ccd4abb46138608d4\"",\""url\"":\""https://www.bcit.ca/international-applicants/flexible-credential-programs/\""}],\""offering_scope\"":\""Any Domestic Only offering remains mode/intake-specific.\"",\""pgwp\"":\""UNKNOWN_NOT_PUBLISHED\"",\""status\"":\""ACCEPTED_AVAILABLE\"",\""study_permit\"":\""UNKNOWN_NOT_PUBLISHED\""}"",""source_url"":""https://www.bcit.ca/international-applicants/flexible-credential-programs/""}}]","{""delivery_facts"":{""authoritative_raw"":""Program length The program requires a total of 36 hours. Students who complete the two required courses will receive a Spanish Language and Culture Fundamentals Microcredential. Grading Two courses must be taken in order. The minimum passing grade for each course is 50%. Program delivery This program is offered in the following delivery modes: In person: This program is delivered on campus. Online: The entire program is delivered fully online. Program location Courses may be offered at the following locations: Burnaby Campus 3700 Willingdon Avenue Burnaby, BC Distance and online learning Go back Courses Next up Contact Us"",""duration_years"":null,""intake_months"":[],""international_eligibility"":""Refer to official program page"",""last_checked"":""2026-09-08"",""program_id"":""0843CM"",""source_url"":""https://www.bcit.ca/programs/spanish-language-and-culture-fundamentals-microcredential-part-time-0843cm/"",""terms_per_year"":null,""total_credits"":""3.0""},""international_conditions"":[],""international_rule_sets"":[],""legacy_accepts_international_students"":null}"
26,0844CM,Fundamentals of Virtual Containers,ACCEPTED_AVAILABLE,UPDATE,APPLIED,[],"[{""action"":""UPDATE"",""key"":{""program_id"":""0844CM""},""precondition"":{""authoritative_raw"":""Program length This self-paced microcredential can be completed in one year. Grading Minimum passing grade for each course is 50%. Program delivery Online: This program is delivered fully online. Program location Online Learning Go back Courses Next up Graduating & Jobs"",""duration_years"":null,""intake_months"":[],""international_eligibility"":""Refer to official program page"",""last_checked"":""2026-09-08"",""program_id"":""0844CM"",""source_url"":""https://www.bcit.ca/programs/fundamentals-of-virtual-containers-microcredential-part-time-0844cm/"",""terms_per_year"":null,""total_credits"":""3.0""},""table"":""program_delivery_facts"",""values"":{""authoritative_raw"":""Program length This self-paced microcredential can be completed in one year. Grading Minimum passing grade for each course is 50%. Program delivery Online: This program is delivered fully online. Program location Online Learning Go back Courses Next up Graduating & Jobs\nInternational evidence: {\""evidence\"":[{\""checked_at\"":\""2026-09-08T17:42:04.887145+00:00\"",\""evidence_type\"":\""international_list_positive_flag\"",\""source_sha256\"":\""80ccc30497514cdabeb24188c92933bde377ee28c660097ccd4abb46138608d4\"",\""url\"":\""https://www.bcit.ca/international-applicants/flexible-credential-programs/\""}],\""offering_scope\"":\""Any Domestic Only offering remains mode/intake-specific.\"",\""pgwp\"":\""UNKNOWN_NOT_PUBLISHED\"",\""status\"":\""ACCEPTED_AVAILABLE\"",\""study_permit\"":\""UNKNOWN_NOT_PUBLISHED\""}"",""international_eligibility"":""ACCEPTED_AVAILABLE"",""last_checked"":""2026-09-08"",""source_url"":""https://www.bcit.ca/programs/fundamentals-of-virtual-containers-microcredential-part-time-0844cm/""}},{""action"":""INSERT"",""key"":{""program_id"":""0844CM"",""rule_name"":""International eligibility source evidence"",""rule_scope"":""INTERNATIONAL"",""study_mode"":""Part-time""},""precondition"":""No semantically equivalent INTERNATIONAL rule exists"",""table"":""academic_rule_sets"",""values"":{""notes"":""{\""evidence\"":[{\""checked_at\"":\""2026-09-08T17:42:04.887145+00:00\"",\""evidence_type\"":\""international_list_positive_flag\"",\""source_sha256\"":\""80ccc30497514cdabeb24188c92933bde377ee28c660097ccd4abb46138608d4\"",\""url\"":\""https://www.bcit.ca/international-applicants/flexible-credential-programs/\""}],\""offering_scope\"":\""Any Domestic Only offering remains mode/intake-specific.\"",\""pgwp\"":\""UNKNOWN_NOT_PUBLISHED\"",\""status\"":\""ACCEPTED_AVAILABLE\"",\""study_permit\"":\""UNKNOWN_NOT_PUBLISHED\""}"",""source_url"":""https://www.bcit.ca/international-applicants/flexible-credential-programs/""}}]","{""delivery_facts"":{""authoritative_raw"":""Program length This self-paced microcredential can be completed in one year. Grading Minimum passing grade for each course is 50%. Program delivery Online: This program is delivered fully online. Program location Online Learning Go back Courses Next up Graduating & Jobs"",""duration_years"":null,""intake_months"":[],""international_eligibility"":""Refer to official program page"",""last_checked"":""2026-09-08"",""program_id"":""0844CM"",""source_url"":""https://www.bcit.ca/programs/fundamentals-of-virtual-containers-microcredential-part-time-0844cm/"",""terms_per_year"":null,""total_credits"":""3.0""},""international_conditions"":[],""international_rule_sets"":[],""legacy_accepts_international_students"":null}"
27,0845CM,Network Switching and Routing,ACCEPTED_AVAILABLE,UPDATE,APPLIED,[],"[{""action"":""UPDATE"",""key"":{""program_id"":""0845CM""},""precondition"":{""authoritative_raw"":""Program length Students have two years to complete the program. Grading Minimum passing grade for each course is 50%. Program delivery Online: This program is delivered fully online. Program location Online Learning Continue your education This microcredential will be considered for credit for INCS 1110 in combination with the Essentials of Data Networking Microcredential. Go back Courses Next up Faculty, Advisors & Staff"",""duration_years"":null,""intake_months"":[],""international_eligibility"":""Refer to official program page"",""last_checked"":""2026-09-08"",""program_id"":""0845CM"",""source_url"":""https://www.bcit.ca/programs/network-switching-and-routing-microcredential-part-time-0845cm/"",""terms_per_year"":null,""total_credits"":""6.0""},""table"":""program_delivery_facts"",""values"":{""authoritative_raw"":""Program length Students have two years to complete the program. Grading Minimum passing grade for each course is 50%. Program delivery Online: This program is delivered fully online. Program location Online Learning Continue your education This microcredential will be considered for credit for INCS 1110 in combination with the Essentials of Data Networking Microcredential. Go back Courses Next up Faculty, Advisors & Staff\nInternational evidence: {\""evidence\"":[{\""checked_at\"":\""2026-09-08T17:42:04.887145+00:00\"",\""evidence_type\"":\""international_list_positive_flag\"",\""source_sha256\"":\""80ccc30497514cdabeb24188c92933bde377ee28c660097ccd4abb46138608d4\"",\""url\"":\""https://www.bcit.ca/international-applicants/flexible-credential-programs/\""}],\""offering_scope\"":\""Any Domestic Only offering remains mode/intake-specific.\"",\""pgwp\"":\""UNKNOWN_NOT_PUBLISHED\"",\""status\"":\""ACCEPTED_AVAILABLE\"",\""study_permit\"":\""UNKNOWN_NOT_PUBLISHED\""}"",""international_eligibility"":""ACCEPTED_AVAILABLE"",""last_checked"":""2026-09-08"",""source_url"":""https://www.bcit.ca/programs/network-switching-and-routing-microcredential-part-time-0845cm/""}},{""action"":""INSERT"",""key"":{""program_id"":""0845CM"",""rule_name"":""International eligibility source evidence"",""rule_scope"":""INTERNATIONAL"",""study_mode"":""Part-time""},""precondition"":""No semantically equivalent INTERNATIONAL rule exists"",""table"":""academic_rule_sets"",""values"":{""notes"":""{\""evidence\"":[{\""checked_at\"":\""2026-09-08T17:42:04.887145+00:00\"",\""evidence_type\"":\""international_list_positive_flag\"",\""source_sha256\"":\""80ccc30497514cdabeb24188c92933bde377ee28c660097ccd4abb46138608d4\"",\""url\"":\""https://www.bcit.ca/international-applicants/flexible-credential-programs/\""}],\""offering_scope\"":\""Any Domestic Only offering remains mode/intake-specific.\"",\""pgwp\"":\""UNKNOWN_NOT_PUBLISHED\"",\""status\"":\""ACCEPTED_AVAILABLE\"",\""study_permit\"":\""UNKNOWN_NOT_PUBLISHED\""}"",""source_url"":""https://www.bcit.ca/international-applicants/flexible-credential-programs/""}}]","{""delivery_facts"":{""authoritative_raw"":""Program length Students have two years to complete the program. Grading Minimum passing grade for each course is 50%. Program delivery Online: This program is delivered fully online. Program location Online Learning Continue your education This microcredential will be considered for credit for INCS 1110 in combination with the Essentials of Data Networking Microcredential. Go back Courses Next up Faculty, Advisors & Staff"",""duration_years"":null,""intake_months"":[],""international_eligibility"":""Refer to official program page"",""last_checked"":""2026-09-08"",""program_id"":""0845CM"",""source_url"":""https://www.bcit.ca/programs/network-switching-and-routing-microcredential-part-time-0845cm/"",""terms_per_year"":null,""total_credits"":""6.0""},""international_conditions"":[],""international_rule_sets"":[],""legacy_accepts_international_students"":null}"
28,0847CM,Wind Turbine Essentials,ACCEPTED_AVAILABLE,UPDATE,APPLIED,[],"[{""action"":""UPDATE"",""key"":{""program_id"":""0847CM""},""precondition"":{""authoritative_raw"":""Program length This self-paced program can be completed in one year. Grading The passing grade for each course is 65%. Program delivery Blended: This program is delivered partly on campus and partly online. Program location Courses may be offered at the following locations: Burnaby Campus 3700 Willingdon Avenue Burnaby, BC Distance and online learning Go back Courses Next up Faculty, Advisors & Staff"",""duration_years"":null,""intake_months"":[],""international_eligibility"":""Refer to official program page"",""last_checked"":""2026-09-08"",""program_id"":""0847CM"",""source_url"":""https://www.bcit.ca/programs/wind-turbine-essentials-microcredential-part-time-0847cm/"",""terms_per_year"":null,""total_credits"":""5.0""},""table"":""program_delivery_facts"",""values"":{""authoritative_raw"":""Program length This self-paced program can be completed in one year. Grading The passing grade for each course is 65%. Program delivery Blended: This program is delivered partly on campus and partly online. Program location Courses may be offered at the following locations: Burnaby Campus 3700 Willingdon Avenue Burnaby, BC Distance and online learning Go back Courses Next up Faculty, Advisors & Staff\nInternational evidence: {\""evidence\"":[{\""checked_at\"":\""2026-09-08T17:42:04.887145+00:00\"",\""evidence_type\"":\""international_list_positive_flag\"",\""source_sha256\"":\""80ccc30497514cdabeb24188c92933bde377ee28c660097ccd4abb46138608d4\"",\""url\"":\""https://www.bcit.ca/international-applicants/flexible-credential-programs/\""}],\""offering_scope\"":\""Any Domestic Only offering remains mode/intake-specific.\"",\""pgwp\"":\""UNKNOWN_NOT_PUBLISHED\"",\""status\"":\""ACCEPTED_AVAILABLE\"",\""study_permit\"":\""UNKNOWN_NOT_PUBLISHED\""}"",""international_eligibility"":""ACCEPTED_AVAILABLE"",""last_checked"":""2026-09-08"",""source_url"":""https://www.bcit.ca/programs/wind-turbine-essentials-microcredential-part-time-0847cm/""}},{""action"":""INSERT"",""key"":{""program_id"":""0847CM"",""rule_name"":""International eligibility source evidence"",""rule_scope"":""INTERNATIONAL"",""study_mode"":""Part-time""},""precondition"":""No semantically equivalent INTERNATIONAL rule exists"",""table"":""academic_rule_sets"",""values"":{""notes"":""{\""evidence\"":[{\""checked_at\"":\""2026-09-08T17:42:04.887145+00:00\"",\""evidence_type\"":\""international_list_positive_flag\"",\""source_sha256\"":\""80ccc30497514cdabeb24188c92933bde377ee28c660097ccd4abb46138608d4\"",\""url\"":\""https://www.bcit.ca/international-applicants/flexible-credential-programs/\""}],\""offering_scope\"":\""Any Domestic Only offering remains mode/intake-specific.\"",\""pgwp\"":\""UNKNOWN_NOT_PUBLISHED\"",\""status\"":\""ACCEPTED_AVAILABLE\"",\""study_permit\"":\""UNKNOWN_NOT_PUBLISHED\""}"",""source_url"":""https://www.bcit.ca/international-applicants/flexible-credential-programs/""}}]","{""delivery_facts"":{""authoritative_raw"":""Program length This self-paced program can be completed in one year. Grading The passing grade for each course is 65%. Program delivery Blended: This program is delivered partly on campus and partly online. Program location Courses may be offered at the following locations: Burnaby Campus 3700 Willingdon Avenue Burnaby, BC Distance and online learning Go back Courses Next up Faculty, Advisors & Staff"",""duration_years"":null,""intake_months"":[],""international_eligibility"":""Refer to official program page"",""last_checked"":""2026-09-08"",""program_id"":""0847CM"",""source_url"":""https://www.bcit.ca/programs/wind-turbine-essentials-microcredential-part-time-0847cm/"",""terms_per_year"":null,""total_credits"":""5.0""},""international_conditions"":[],""international_rule_sets"":[],""legacy_accepts_international_students"":null}"
29,0848CM,Advanced Topics in Networking,ACCEPTED_AVAILABLE,UPDATE,APPLIED,[],"[{""action"":""UPDATE"",""key"":{""program_id"":""0848CM""},""precondition"":{""authoritative_raw"":""Program length Students have two years to complete the program. Grading Minimum passing grade for each course is 50%. Program delivery Online: This program is delivered fully online. Program location Online Learning Go back Courses Next up Faculty, Advisors & Staff"",""duration_years"":null,""intake_months"":[],""international_eligibility"":""Refer to official program page"",""last_checked"":""2026-09-08"",""program_id"":""0848CM"",""source_url"":""https://www.bcit.ca/programs/advanced-topics-in-networking-microcredential-part-time-0848cm/"",""terms_per_year"":null,""total_credits"":""6.0""},""table"":""program_delivery_facts"",""values"":{""authoritative_raw"":""Program length Students have two years to complete the program. Grading Minimum passing grade for each course is 50%. Program delivery Online: This program is delivered fully online. Program location Online Learning Go back Courses Next up Faculty, Advisors & Staff\nInternational evidence: {\""evidence\"":[{\""checked_at\"":\""2026-09-08T17:42:04.887145+00:00\"",\""evidence_type\"":\""international_list_positive_flag\"",\""source_sha256\"":\""80ccc30497514cdabeb24188c92933bde377ee28c660097ccd4abb46138608d4\"",\""url\"":\""https://www.bcit.ca/international-applicants/flexible-credential-programs/\""}],\""offering_scope\"":\""Any Domestic Only offering remains mode/intake-specific.\"",\""pgwp\"":\""UNKNOWN_NOT_PUBLISHED\"",\""status\"":\""ACCEPTED_AVAILABLE\"",\""study_permit\"":\""UNKNOWN_NOT_PUBLISHED\""}"",""international_eligibility"":""ACCEPTED_AVAILABLE"",""last_checked"":""2026-09-08"",""source_url"":""https://www.bcit.ca/programs/advanced-topics-in-networking-microcredential-part-time-0848cm/""}},{""action"":""INSERT"",""key"":{""program_id"":""0848CM"",""rule_name"":""International eligibility source evidence"",""rule_scope"":""INTERNATIONAL"",""study_mode"":""Part-time""},""precondition"":""No semantically equivalent INTERNATIONAL rule exists"",""table"":""academic_rule_sets"",""values"":{""notes"":""{\""evidence\"":[{\""checked_at\"":\""2026-09-08T17:42:04.887145+00:00\"",\""evidence_type\"":\""international_list_positive_flag\"",\""source_sha256\"":\""80ccc30497514cdabeb24188c92933bde377ee28c660097ccd4abb46138608d4\"",\""url\"":\""https://www.bcit.ca/international-applicants/flexible-credential-programs/\""}],\""offering_scope\"":\""Any Domestic Only offering remains mode/intake-specific.\"",\""pgwp\"":\""UNKNOWN_NOT_PUBLISHED\"",\""status\"":\""ACCEPTED_AVAILABLE\"",\""study_permit\"":\""UNKNOWN_NOT_PUBLISHED\""}"",""source_url"":""https://www.bcit.ca/international-applicants/flexible-credential-programs/""}}]","{""delivery_facts"":{""authoritative_raw"":""Program length Students have two years to complete the program. Grading Minimum passing grade for each course is 50%. Program delivery Online: This program is delivered fully online. Program location Online Learning Go back Courses Next up Faculty, Advisors & Staff"",""duration_years"":null,""intake_months"":[],""international_eligibility"":""Refer to official program page"",""last_checked"":""2026-09-08"",""program_id"":""0848CM"",""source_url"":""https://www.bcit.ca/programs/advanced-topics-in-networking-microcredential-part-time-0848cm/"",""terms_per_year"":null,""total_credits"":""6.0""},""international_conditions"":[],""international_rule_sets"":[],""legacy_accepts_international_students"":null}"
30,0849CM,Asbestos Awareness and Safety,ACCEPTED_AVAILABLE,UPDATE,APPLIED,[],"[{""action"":""UPDATE"",""key"":{""program_id"":""0849CM""},""precondition"":{""authoritative_raw"":""WorkSafeBC certification examinations Students who complete OCHS 1015 are eligible to write the WorkSafeBC Level 1 Certification Exam. Students who complete the full Microcredential program and practical assessment are eligible to write the WorkSafeBC Level 2 Certification Exam. Please contact the BCIT OCHS Program to register for the practical assessments and certification exams. Continue your education Completing the Asbestos Awareness and Safety Microcredential program provides credits that can be directly applied towards the Advanced Safety Management Certificate Program. This offers a streamlined path for learners to advance their education and expertise in safety management. Program delivery Blended: This program is delivered partly on campus and partly online. Program location Distance and online learning Go back Courses Next up Graduating & Jobs"",""duration_years"":null,""intake_months"":[],""international_eligibility"":""Refer to official program page"",""last_checked"":""2026-09-08"",""program_id"":""0849CM"",""source_url"":""https://www.bcit.ca/programs/asbestos-awareness-and-safety-microcredential-part-time-0849cm/"",""terms_per_year"":null,""total_credits"":""3.0""},""table"":""program_delivery_facts"",""values"":{""authoritative_raw"":""WorkSafeBC certification examinations Students who complete OCHS 1015 are eligible to write the WorkSafeBC Level 1 Certification Exam. Students who complete the full Microcredential program and practical assessment are eligible to write the WorkSafeBC Level 2 Certification Exam. Please contact the BCIT OCHS Program to register for the practical assessments and certification exams. Continue your education Completing the Asbestos Awareness and Safety Microcredential program provides credits that can be directly applied towards the Advanced Safety Management Certificate Program. This offers a streamlined path for learners to advance their education and expertise in safety management. Program delivery Blended: This program is delivered partly on campus and partly online. Program location Distance and online learning Go back Courses Next up Graduating & Jobs\nInternational evidence: {\""evidence\"":[{\""checked_at\"":\""2026-09-08T17:42:04.887145+00:00\"",\""evidence_type\"":\""international_list_positive_flag\"",\""source_sha256\"":\""80ccc30497514cdabeb24188c92933bde377ee28c660097ccd4abb46138608d4\"",\""url\"":\""https://www.bcit.ca/international-applicants/flexible-credential-programs/\""}],\""offering_scope\"":\""Any Domestic Only offering remains mode/intake-specific.\"",\""pgwp\"":\""UNKNOWN_NOT_PUBLISHED\"",\""status\"":\""ACCEPTED_AVAILABLE\"",\""study_permit\"":\""UNKNOWN_NOT_PUBLISHED\""}"",""international_eligibility"":""ACCEPTED_AVAILABLE"",""last_checked"":""2026-09-08"",""source_url"":""https://www.bcit.ca/programs/asbestos-awareness-and-safety-microcredential-part-time-0849cm/""}},{""action"":""INSERT"",""key"":{""program_id"":""0849CM"",""rule_name"":""International eligibility source evidence"",""rule_scope"":""INTERNATIONAL"",""study_mode"":""Part-time""},""precondition"":""No semantically equivalent INTERNATIONAL rule exists"",""table"":""academic_rule_sets"",""values"":{""notes"":""{\""evidence\"":[{\""checked_at\"":\""2026-09-08T17:42:04.887145+00:00\"",\""evidence_type\"":\""international_list_positive_flag\"",\""source_sha256\"":\""80ccc30497514cdabeb24188c92933bde377ee28c660097ccd4abb46138608d4\"",\""url\"":\""https://www.bcit.ca/international-applicants/flexible-credential-programs/\""}],\""offering_scope\"":\""Any Domestic Only offering remains mode/intake-specific.\"",\""pgwp\"":\""UNKNOWN_NOT_PUBLISHED\"",\""status\"":\""ACCEPTED_AVAILABLE\"",\""study_permit\"":\""UNKNOWN_NOT_PUBLISHED\""}"",""source_url"":""https://www.bcit.ca/international-applicants/flexible-credential-programs/""}}]","{""delivery_facts"":{""authoritative_raw"":""WorkSafeBC certification examinations Students who complete OCHS 1015 are eligible to write the WorkSafeBC Level 1 Certification Exam. Students who complete the full Microcredential program and practical assessment are eligible to write the WorkSafeBC Level 2 Certification Exam. Please contact the BCIT OCHS Program to register for the practical assessments and certification exams. Continue your education Completing the Asbestos Awareness and Safety Microcredential program provides credits that can be directly applied towards the Advanced Safety Management Certificate Program. This offers a streamlined path for learners to advance their education and expertise in safety management. Program delivery Blended: This program is delivered partly on campus and partly online. Program location Distance and online learning Go back Courses Next up Graduating & Jobs"",""duration_years"":null,""intake_months"":[],""international_eligibility"":""Refer to official program page"",""last_checked"":""2026-09-08"",""program_id"":""0849CM"",""source_url"":""https://www.bcit.ca/programs/asbestos-awareness-and-safety-microcredential-part-time-0849cm/"",""terms_per_year"":null,""total_credits"":""3.0""},""international_conditions"":[],""international_rule_sets"":[],""legacy_accepts_international_students"":null}"
31,0850CM,Fraud and Financial Crime Investigation,ACCEPTED_AVAILABLE,UPDATE,APPLIED,[],"[{""action"":""UPDATE"",""key"":{""program_id"":""0850CM""},""precondition"":{""authoritative_raw"":""Fraud and Financial Crime Investigation Info Session The Fraud and Financial Crime Investigation (FFCI) microcredential program offers a series of six online courses designed to provide knowledge and skills for investigating fraud and financial crimes. Program duration Each course: Spans four consecutive weeks Is online & synchronous Class hours: 5:30 to 9:15 pm, weeknights This live, interactive format is structured to enrich your learning experience and help you get the most out of each class session. Attendance While attendance is not mandatory, we encourage you to attend each class. Not only will you make the most of the material covered, as lectures are not recorded for later review, but sometimes participation in class is also part of your final mark. By participating live, you can fully engage with the principles and techniques discussed, building a stronger foundation in key investigative skills. Coursework By the end of the program, you’re expected to have mastered the guiding principles for fraud and financial crime investigations, understood legal parameters, and developed investigative and analytical techniques used by professional investigators. Additionally, the program highlights further learning opportunities to support ongoing professional development in this field. Due to the focused 15-hour format, software training is not a primary component of these courses. If you’re seeking in-depth software training, you’re encouraged to pursue additional courses after completing this program. Workload You’ll engage in various types of assignments, including tests, projects, discussions, and group work, all of which are scaled to fit the course length and objectives. Assignments are designed to apply course concepts to real-world scenarios, reinforcing the skills taught in each session. The workload is manageable, with weekly tasks typically requiring under five hours to complete. Course materials The instructor usually provides the materials. For a couple of courses, there is a course text that is recommended. Program delivery Online: This program is delivered fully online. Program location Online Learning Go back Courses Next up Faculty, Advisors & Staff"",""duration_years"":null,""intake_months"":[],""international_eligibility"":""Refer to official program page"",""last_checked"":""2026-09-08"",""program_id"":""0850CM"",""source_url"":""https://www.bcit.ca/programs/fraud-and-financial-crime-investigation-microcredential-part-time-0850cm/"",""terms_per_year"":null,""total_credits"":""6.0""},""table"":""program_delivery_facts"",""values"":{""authoritative_raw"":""Fraud and Financial Crime Investigation Info Session The Fraud and Financial Crime Investigation (FFCI) microcredential program offers a series of six online courses designed to provide knowledge and skills for investigating fraud and financial crimes. Program duration Each course: Spans four consecutive weeks Is online & synchronous Class hours: 5:30 to 9:15 pm, weeknights This live, interactive format is structured to enrich your learning experience and help you get the most out of each class session. Attendance While attendance is not mandatory, we encourage you to attend each class. Not only will you make the most of the material covered, as lectures are not recorded for later review, but sometimes participation in class is also part of your final mark. By participating live, you can fully engage with the principles and techniques discussed, building a stronger foundation in key investigative skills. Coursework By the end of the program, you’re expected to have mastered the guiding principles for fraud and financial crime investigations, understood legal parameters, and developed investigative and analytical techniques used by professional investigators. Additionally, the program highlights further learning opportunities to support ongoing professional development in this field. Due to the focused 15-hour format, software training is not a primary component of these courses. If you’re seeking in-depth software training, you’re encouraged to pursue additional courses after completing this program. Workload You’ll engage in various types of assignments, including tests, projects, discussions, and group work, all of which are scaled to fit the course length and objectives. Assignments are designed to apply course concepts to real-world scenarios, reinforcing the skills taught in each session. The workload is manageable, with weekly tasks typically requiring under five hours to complete. Course materials The instructor usually provides the materials. For a couple of courses, there is a course text that is recommended. Program delivery Online: This program is delivered fully online. Program location Online Learning Go back Courses Next up Faculty, Advisors & Staff\nInternational evidence: {\""evidence\"":[{\""checked_at\"":\""2026-09-08T17:42:04.887145+00:00\"",\""evidence_type\"":\""international_list_positive_flag\"",\""source_sha256\"":\""80ccc30497514cdabeb24188c92933bde377ee28c660097ccd4abb46138608d4\"",\""url\"":\""https://www.bcit.ca/international-applicants/flexible-credential-programs/\""}],\""offering_scope\"":\""Any Domestic Only offering remains mode/intake-specific.\"",\""pgwp\"":\""UNKNOWN_NOT_PUBLISHED\"",\""status\"":\""ACCEPTED_AVAILABLE\"",\""study_permit\"":\""UNKNOWN_NOT_PUBLISHED\""}"",""international_eligibility"":""ACCEPTED_AVAILABLE"",""last_checked"":""2026-09-08"",""source_url"":""https://www.bcit.ca/programs/fraud-and-financial-crime-investigation-microcredential-part-time-0850cm/""}},{""action"":""INSERT"",""key"":{""program_id"":""0850CM"",""rule_name"":""International eligibility source evidence"",""rule_scope"":""INTERNATIONAL"",""study_mode"":""Part-time""},""precondition"":""No semantically equivalent INTERNATIONAL rule exists"",""table"":""academic_rule_sets"",""values"":{""notes"":""{\""evidence\"":[{\""checked_at\"":\""2026-09-08T17:42:04.887145+00:00\"",\""evidence_type\"":\""international_list_positive_flag\"",\""source_sha256\"":\""80ccc30497514cdabeb24188c92933bde377ee28c660097ccd4abb46138608d4\"",\""url\"":\""https://www.bcit.ca/international-applicants/flexible-credential-programs/\""}],\""offering_scope\"":\""Any Domestic Only offering remains mode/intake-specific.\"",\""pgwp\"":\""UNKNOWN_NOT_PUBLISHED\"",\""status\"":\""ACCEPTED_AVAILABLE\"",\""study_permit\"":\""UNKNOWN_NOT_PUBLISHED\""}"",""source_url"":""https://www.bcit.ca/international-applicants/flexible-credential-programs/""}}]","{""delivery_facts"":{""authoritative_raw"":""Fraud and Financial Crime Investigation Info Session The Fraud and Financial Crime Investigation (FFCI) microcredential program offers a series of six online courses designed to provide knowledge and skills for investigating fraud and financial crimes. Program duration Each course: Spans four consecutive weeks Is online & synchronous Class hours: 5:30 to 9:15 pm, weeknights This live, interactive format is structured to enrich your learning experience and help you get the most out of each class session. Attendance While attendance is not mandatory, we encourage you to attend each class. Not only will you make the most of the material covered, as lectures are not recorded for later review, but sometimes participation in class is also part of your final mark. By participating live, you can fully engage with the principles and techniques discussed, building a stronger foundation in key investigative skills. Coursework By the end of the program, you’re expected to have mastered the guiding principles for fraud and financial crime investigations, understood legal parameters, and developed investigative and analytical techniques used by professional investigators. Additionally, the program highlights further learning opportunities to support ongoing professional development in this field. Due to the focused 15-hour format, software training is not a primary component of these courses. If you’re seeking in-depth software training, you’re encouraged to pursue additional courses after completing this program. Workload You’ll engage in various types of assignments, including tests, projects, discussions, and group work, all of which are scaled to fit the course length and objectives. Assignments are designed to apply course concepts to real-world scenarios, reinforcing the skills taught in each session. The workload is manageable, with weekly tasks typically requiring under five hours to complete. Course materials The instructor usually provides the materials. For a couple of courses, there is a course text that is recommended. Program delivery Online: This program is delivered fully online. Program location Online Learning Go back Courses Next up Faculty, Advisors & Staff"",""duration_years"":null,""intake_months"":[],""international_eligibility"":""Refer to official program page"",""last_checked"":""2026-09-08"",""program_id"":""0850CM"",""source_url"":""https://www.bcit.ca/programs/fraud-and-financial-crime-investigation-microcredential-part-time-0850cm/"",""terms_per_year"":null,""total_credits"":""6.0""},""international_conditions"":[],""international_rule_sets"":[],""legacy_accepts_international_students"":null}"
32,0852CM,Canadian Engineering Professional Practice,ACCEPTED_AVAILABLE,UPDATE,APPLIED,[],"[{""action"":""UPDATE"",""key"":{""program_id"":""0852CM""},""precondition"":{""authoritative_raw"":""Program length This Microcredential can be completed in one year. However, students have up to seven years to complete it. Program delivery Online: This program is delivered fully online. Program location This program is offered through distance and online learning . Go back Courses Next up Graduating & Jobs"",""duration_years"":null,""intake_months"":[],""international_eligibility"":""Refer to official program page"",""last_checked"":""2026-09-08"",""program_id"":""0852CM"",""source_url"":""https://www.bcit.ca/programs/canadian-engineering-professional-practice-microcredential-part-time-0852cm/"",""terms_per_year"":null,""total_credits"":""9.0""},""table"":""program_delivery_facts"",""values"":{""authoritative_raw"":""Program length This Microcredential can be completed in one year. However, students have up to seven years to complete it. Program delivery Online: This program is delivered fully online. Program location This program is offered through distance and online learning . Go back Courses Next up Graduating & Jobs\nInternational evidence: {\""evidence\"":[{\""checked_at\"":\""2026-09-08T17:42:04.887145+00:00\"",\""evidence_type\"":\""international_list_positive_flag\"",\""source_sha256\"":\""80ccc30497514cdabeb24188c92933bde377ee28c660097ccd4abb46138608d4\"",\""url\"":\""https://www.bcit.ca/international-applicants/flexible-credential-programs/\""}],\""offering_scope\"":\""Any Domestic Only offering remains mode/intake-specific.\"",\""pgwp\"":\""UNKNOWN_NOT_PUBLISHED\"",\""status\"":\""ACCEPTED_AVAILABLE\"",\""study_permit\"":\""UNKNOWN_NOT_PUBLISHED\""}"",""international_eligibility"":""ACCEPTED_AVAILABLE"",""last_checked"":""2026-09-08"",""source_url"":""https://www.bcit.ca/programs/canadian-engineering-professional-practice-microcredential-part-time-0852cm/""}},{""action"":""INSERT"",""key"":{""program_id"":""0852CM"",""rule_name"":""International eligibility source evidence"",""rule_scope"":""INTERNATIONAL"",""study_mode"":""Part-time""},""precondition"":""No semantically equivalent INTERNATIONAL rule exists"",""table"":""academic_rule_sets"",""values"":{""notes"":""{\""evidence\"":[{\""checked_at\"":\""2026-09-08T17:42:04.887145+00:00\"",\""evidence_type\"":\""international_list_positive_flag\"",\""source_sha256\"":\""80ccc30497514cdabeb24188c92933bde377ee28c660097ccd4abb46138608d4\"",\""url\"":\""https://www.bcit.ca/international-applicants/flexible-credential-programs/\""}],\""offering_scope\"":\""Any Domestic Only offering remains mode/intake-specific.\"",\""pgwp\"":\""UNKNOWN_NOT_PUBLISHED\"",\""status\"":\""ACCEPTED_AVAILABLE\"",\""study_permit\"":\""UNKNOWN_NOT_PUBLISHED\""}"",""source_url"":""https://www.bcit.ca/international-applicants/flexible-credential-programs/""}}]","{""delivery_facts"":{""authoritative_raw"":""Program length This Microcredential can be completed in one year. However, students have up to seven years to complete it. Program delivery Online: This program is delivered fully online. Program location This program is offered through distance and online learning . Go back Courses Next up Graduating & Jobs"",""duration_years"":null,""intake_months"":[],""international_eligibility"":""Refer to official program page"",""last_checked"":""2026-09-08"",""program_id"":""0852CM"",""source_url"":""https://www.bcit.ca/programs/canadian-engineering-professional-practice-microcredential-part-time-0852cm/"",""terms_per_year"":null,""total_credits"":""9.0""},""international_conditions"":[],""international_rule_sets"":[],""legacy_accepts_international_students"":null}"
33,0854CM,Essentials of Community Energy and Emissions Management,ACCEPTED_AVAILABLE,UPDATE,APPLIED,[],"[{""action"":""UPDATE"",""key"":{""program_id"":""0854CM""},""precondition"":{""authoritative_raw"":""Program length This microcredential is normally completed within six months to one year. Grading Minimum passing grade is 70%. Program delivery Online: This program is delivered fully online. Program location Distance and online learning Go back Courses Next up Faculty, Advisors & Staff"",""duration_years"":null,""intake_months"":[],""international_eligibility"":""Refer to official program page"",""last_checked"":""2026-09-08"",""program_id"":""0854CM"",""source_url"":""https://www.bcit.ca/programs/essentials-of-community-energy-and-emissions-management-microcredential-part-time-0854cm/"",""terms_per_year"":null,""total_credits"":""5.5""},""table"":""program_delivery_facts"",""values"":{""authoritative_raw"":""Program length This microcredential is normally completed within six months to one year. Grading Minimum passing grade is 70%. Program delivery Online: This program is delivered fully online. Program location Distance and online learning Go back Courses Next up Faculty, Advisors & Staff\nInternational evidence: {\""evidence\"":[{\""checked_at\"":\""2026-09-08T17:42:04.887145+00:00\"",\""evidence_type\"":\""international_list_positive_flag\"",\""source_sha256\"":\""80ccc30497514cdabeb24188c92933bde377ee28c660097ccd4abb46138608d4\"",\""url\"":\""https://www.bcit.ca/international-applicants/flexible-credential-programs/\""}],\""offering_scope\"":\""Any Domestic Only offering remains mode/intake-specific.\"",\""pgwp\"":\""UNKNOWN_NOT_PUBLISHED\"",\""status\"":\""ACCEPTED_AVAILABLE\"",\""study_permit\"":\""UNKNOWN_NOT_PUBLISHED\""}"",""international_eligibility"":""ACCEPTED_AVAILABLE"",""last_checked"":""2026-09-08"",""source_url"":""https://www.bcit.ca/programs/essentials-of-community-energy-and-emissions-management-microcredential-part-time-0854cm/""}},{""action"":""INSERT"",""key"":{""program_id"":""0854CM"",""rule_name"":""International eligibility source evidence"",""rule_scope"":""INTERNATIONAL"",""study_mode"":""Part-time""},""precondition"":""No semantically equivalent INTERNATIONAL rule exists"",""table"":""academic_rule_sets"",""values"":{""notes"":""{\""evidence\"":[{\""checked_at\"":\""2026-09-08T17:42:04.887145+00:00\"",\""evidence_type\"":\""international_list_positive_flag\"",\""source_sha256\"":\""80ccc30497514cdabeb24188c92933bde377ee28c660097ccd4abb46138608d4\"",\""url\"":\""https://www.bcit.ca/international-applicants/flexible-credential-programs/\""}],\""offering_scope\"":\""Any Domestic Only offering remains mode/intake-specific.\"",\""pgwp\"":\""UNKNOWN_NOT_PUBLISHED\"",\""status\"":\""ACCEPTED_AVAILABLE\"",\""study_permit\"":\""UNKNOWN_NOT_PUBLISHED\""}"",""source_url"":""https://www.bcit.ca/international-applicants/flexible-credential-programs/""}}]","{""delivery_facts"":{""authoritative_raw"":""Program length This microcredential is normally completed within six months to one year. Grading Minimum passing grade is 70%. Program delivery Online: This program is delivered fully online. Program location Distance and online learning Go back Courses Next up Faculty, Advisors & Staff"",""duration_years"":null,""intake_months"":[],""international_eligibility"":""Refer to official program page"",""last_checked"":""2026-09-08"",""program_id"":""0854CM"",""source_url"":""https://www.bcit.ca/programs/essentials-of-community-energy-and-emissions-management-microcredential-part-time-0854cm/"",""terms_per_year"":null,""total_credits"":""5.5""},""international_conditions"":[],""international_rule_sets"":[],""legacy_accepts_international_students"":null}"
34,0855CM,Thermal Power Plant Simulation Proficiency,ACCEPTED_AVAILABLE,UPDATE,APPLIED,[],"[{""action"":""UPDATE"",""key"":{""program_id"":""0855CM""},""precondition"":{""authoritative_raw"":""Program length This self-paced program can be completed in one year. Grading The passing grade for each course is 60%. Program delivery Online: This program is delivered fully online. Delivery will be offered in a combination of synchronous and asynchronous sessions. In addition, learners will have access to simulation activities for additional hours that will be available 24/7 during the offering period. Program location Distance and online learning Continue your education Completing this program would serve as an upskilling for our graduates from Power Engineering programs that include all distance education Power Engineering programs . This microcredential can also apply to other trades and technologies that are involved in power plant operation across Canada. Go back Courses Next up Faculty, Advisors & Staff"",""duration_years"":null,""intake_months"":[],""international_eligibility"":""Refer to official program page"",""last_checked"":""2026-09-08"",""program_id"":""0855CM"",""source_url"":""https://www.bcit.ca/programs/thermal-power-plant-simulation-proficiency-microcredential-part-time-0855cm/"",""terms_per_year"":null,""total_credits"":""5.5""},""table"":""program_delivery_facts"",""values"":{""authoritative_raw"":""Program length This self-paced program can be completed in one year. Grading The passing grade for each course is 60%. Program delivery Online: This program is delivered fully online. Delivery will be offered in a combination of synchronous and asynchronous sessions. In addition, learners will have access to simulation activities for additional hours that will be available 24/7 during the offering period. Program location Distance and online learning Continue your education Completing this program would serve as an upskilling for our graduates from Power Engineering programs that include all distance education Power Engineering programs . This microcredential can also apply to other trades and technologies that are involved in power plant operation across Canada. Go back Courses Next up Faculty, Advisors & Staff\nInternational evidence: {\""evidence\"":[{\""checked_at\"":\""2026-09-08T17:42:04.887145+00:00\"",\""evidence_type\"":\""international_list_positive_flag\"",\""source_sha256\"":\""80ccc30497514cdabeb24188c92933bde377ee28c660097ccd4abb46138608d4\"",\""url\"":\""https://www.bcit.ca/international-applicants/flexible-credential-programs/\""}],\""offering_scope\"":\""Any Domestic Only offering remains mode/intake-specific.\"",\""pgwp\"":\""UNKNOWN_NOT_PUBLISHED\"",\""status\"":\""ACCEPTED_AVAILABLE\"",\""study_permit\"":\""UNKNOWN_NOT_PUBLISHED\""}"",""international_eligibility"":""ACCEPTED_AVAILABLE"",""last_checked"":""2026-09-08"",""source_url"":""https://www.bcit.ca/programs/thermal-power-plant-simulation-proficiency-microcredential-part-time-0855cm/""}},{""action"":""INSERT"",""key"":{""program_id"":""0855CM"",""rule_name"":""International eligibility source evidence"",""rule_scope"":""INTERNATIONAL"",""study_mode"":""Part-time""},""precondition"":""No semantically equivalent INTERNATIONAL rule exists"",""table"":""academic_rule_sets"",""values"":{""notes"":""{\""evidence\"":[{\""checked_at\"":\""2026-09-08T17:42:04.887145+00:00\"",\""evidence_type\"":\""international_list_positive_flag\"",\""source_sha256\"":\""80ccc30497514cdabeb24188c92933bde377ee28c660097ccd4abb46138608d4\"",\""url\"":\""https://www.bcit.ca/international-applicants/flexible-credential-programs/\""}],\""offering_scope\"":\""Any Domestic Only offering remains mode/intake-specific.\"",\""pgwp\"":\""UNKNOWN_NOT_PUBLISHED\"",\""status\"":\""ACCEPTED_AVAILABLE\"",\""study_permit\"":\""UNKNOWN_NOT_PUBLISHED\""}"",""source_url"":""https://www.bcit.ca/international-applicants/flexible-credential-programs/""}}]","{""delivery_facts"":{""authoritative_raw"":""Program length This self-paced program can be completed in one year. Grading The passing grade for each course is 60%. Program delivery Online: This program is delivered fully online. Delivery will be offered in a combination of synchronous and asynchronous sessions. In addition, learners will have access to simulation activities for additional hours that will be available 24/7 during the offering period. Program location Distance and online learning Continue your education Completing this program would serve as an upskilling for our graduates from Power Engineering programs that include all distance education Power Engineering programs . This microcredential can also apply to other trades and technologies that are involved in power plant operation across Canada. Go back Courses Next up Faculty, Advisors & Staff"",""duration_years"":null,""intake_months"":[],""international_eligibility"":""Refer to official program page"",""last_checked"":""2026-09-08"",""program_id"":""0855CM"",""source_url"":""https://www.bcit.ca/programs/thermal-power-plant-simulation-proficiency-microcredential-part-time-0855cm/"",""terms_per_year"":null,""total_credits"":""5.5""},""international_conditions"":[],""international_rule_sets"":[],""legacy_accepts_international_students"":null}"
35,0859CM,Sexual and Reproductive Health Foundations,ACCEPTED_AVAILABLE,UPDATE,APPLIED,[],"[{""action"":""UPDATE"",""key"":{""program_id"":""0859CM""},""precondition"":{""authoritative_raw"":""Program length This part-time microcredential can be completed in as little as 10 weeks if the courses are taken concurrently. If the courses are taken separately, it will take 16 weeks to complete. Grading All learners must achieve a minimum 75% passing grade, including a 75% on the final exam. Program delivery Online: This program is delivered fully online. Program location Distance and online learning Go back Courses Next up Graduating & Jobs"",""duration_years"":null,""intake_months"":[],""international_eligibility"":""Refer to official program page"",""last_checked"":""2026-09-08"",""program_id"":""0859CM"",""source_url"":""https://www.bcit.ca/programs/sexual-and-reproductive-health-foundations-microcredential-part-time-0859cm/"",""terms_per_year"":null,""total_credits"":""4.0""},""table"":""program_delivery_facts"",""values"":{""authoritative_raw"":""Program length This part-time microcredential can be completed in as little as 10 weeks if the courses are taken concurrently. If the courses are taken separately, it will take 16 weeks to complete. Grading All learners must achieve a minimum 75% passing grade, including a 75% on the final exam. Program delivery Online: This program is delivered fully online. Program location Distance and online learning Go back Courses Next up Graduating & Jobs\nInternational evidence: {\""evidence\"":[{\""checked_at\"":\""2026-09-08T17:42:04.887145+00:00\"",\""evidence_type\"":\""international_list_positive_flag\"",\""source_sha256\"":\""80ccc30497514cdabeb24188c92933bde377ee28c660097ccd4abb46138608d4\"",\""url\"":\""https://www.bcit.ca/international-applicants/flexible-credential-programs/\""}],\""offering_scope\"":\""Any Domestic Only offering remains mode/intake-specific.\"",\""pgwp\"":\""UNKNOWN_NOT_PUBLISHED\"",\""status\"":\""ACCEPTED_AVAILABLE\"",\""study_permit\"":\""UNKNOWN_NOT_PUBLISHED\""}"",""international_eligibility"":""ACCEPTED_AVAILABLE"",""last_checked"":""2026-09-08"",""source_url"":""https://www.bcit.ca/programs/sexual-and-reproductive-health-foundations-microcredential-part-time-0859cm/""}},{""action"":""INSERT"",""key"":{""program_id"":""0859CM"",""rule_name"":""International eligibility source evidence"",""rule_scope"":""INTERNATIONAL"",""study_mode"":""Part-time""},""precondition"":""No semantically equivalent INTERNATIONAL rule exists"",""table"":""academic_rule_sets"",""values"":{""notes"":""{\""evidence\"":[{\""checked_at\"":\""2026-09-08T17:42:04.887145+00:00\"",\""evidence_type\"":\""international_list_positive_flag\"",\""source_sha256\"":\""80ccc30497514cdabeb24188c92933bde377ee28c660097ccd4abb46138608d4\"",\""url\"":\""https://www.bcit.ca/international-applicants/flexible-credential-programs/\""}],\""offering_scope\"":\""Any Domestic Only offering remains mode/intake-specific.\"",\""pgwp\"":\""UNKNOWN_NOT_PUBLISHED\"",\""status\"":\""ACCEPTED_AVAILABLE\"",\""study_permit\"":\""UNKNOWN_NOT_PUBLISHED\""}"",""source_url"":""https://www.bcit.ca/international-applicants/flexible-credential-programs/""}}]","{""delivery_facts"":{""authoritative_raw"":""Program length This part-time microcredential can be completed in as little as 10 weeks if the courses are taken concurrently. If the courses are taken separately, it will take 16 weeks to complete. Grading All learners must achieve a minimum 75% passing grade, including a 75% on the final exam. Program delivery Online: This program is delivered fully online. Program location Distance and online learning Go back Courses Next up Graduating & Jobs"",""duration_years"":null,""intake_months"":[],""international_eligibility"":""Refer to official program page"",""last_checked"":""2026-09-08"",""program_id"":""0859CM"",""source_url"":""https://www.bcit.ca/programs/sexual-and-reproductive-health-foundations-microcredential-part-time-0859cm/"",""terms_per_year"":null,""total_credits"":""4.0""},""international_conditions"":[],""international_rule_sets"":[],""legacy_accepts_international_students"":null}"
36,0861CM,Climate Changemakers Leadership Training,ACCEPTED_AVAILABLE,UPDATE,APPLIED,[],"[{""action"":""UPDATE"",""key"":{""program_id"":""0861CM""},""precondition"":{""authoritative_raw"":""Program length This microcredential is normally completed within four to six months. Program delivery Online: This program is delivered fully online. Program location Distance and online learning Go back Courses Next up Contact Us"",""duration_years"":null,""intake_months"":[],""international_eligibility"":""Refer to official program page"",""last_checked"":""2026-09-08"",""program_id"":""0861CM"",""source_url"":""https://www.bcit.ca/programs/climate-changemakers-leadership-training-microcredential-part-time-0861cm/"",""terms_per_year"":null,""total_credits"":""4.0""},""table"":""program_delivery_facts"",""values"":{""authoritative_raw"":""Program length This microcredential is normally completed within four to six months. Program delivery Online: This program is delivered fully online. Program location Distance and online learning Go back Courses Next up Contact Us\nInternational evidence: {\""evidence\"":[{\""checked_at\"":\""2026-09-08T17:42:04.887145+00:00\"",\""evidence_type\"":\""international_list_positive_flag\"",\""source_sha256\"":\""80ccc30497514cdabeb24188c92933bde377ee28c660097ccd4abb46138608d4\"",\""url\"":\""https://www.bcit.ca/international-applicants/flexible-credential-programs/\""}],\""offering_scope\"":\""Any Domestic Only offering remains mode/intake-specific.\"",\""pgwp\"":\""UNKNOWN_NOT_PUBLISHED\"",\""status\"":\""ACCEPTED_AVAILABLE\"",\""study_permit\"":\""UNKNOWN_NOT_PUBLISHED\""}"",""international_eligibility"":""ACCEPTED_AVAILABLE"",""last_checked"":""2026-09-08"",""source_url"":""https://www.bcit.ca/programs/climate-changemakers-leadership-training-microcredential-part-time-0861cm/""}},{""action"":""INSERT"",""key"":{""program_id"":""0861CM"",""rule_name"":""International eligibility source evidence"",""rule_scope"":""INTERNATIONAL"",""study_mode"":""Part-time""},""precondition"":""No semantically equivalent INTERNATIONAL rule exists"",""table"":""academic_rule_sets"",""values"":{""notes"":""{\""evidence\"":[{\""checked_at\"":\""2026-09-08T17:42:04.887145+00:00\"",\""evidence_type\"":\""international_list_positive_flag\"",\""source_sha256\"":\""80ccc30497514cdabeb24188c92933bde377ee28c660097ccd4abb46138608d4\"",\""url\"":\""https://www.bcit.ca/international-applicants/flexible-credential-programs/\""}],\""offering_scope\"":\""Any Domestic Only offering remains mode/intake-specific.\"",\""pgwp\"":\""UNKNOWN_NOT_PUBLISHED\"",\""status\"":\""ACCEPTED_AVAILABLE\"",\""study_permit\"":\""UNKNOWN_NOT_PUBLISHED\""}"",""source_url"":""https://www.bcit.ca/international-applicants/flexible-credential-programs/""}}]","{""delivery_facts"":{""authoritative_raw"":""Program length This microcredential is normally completed within four to six months. Program delivery Online: This program is delivered fully online. Program location Distance and online learning Go back Courses Next up Contact Us"",""duration_years"":null,""intake_months"":[],""international_eligibility"":""Refer to official program page"",""last_checked"":""2026-09-08"",""program_id"":""0861CM"",""source_url"":""https://www.bcit.ca/programs/climate-changemakers-leadership-training-microcredential-part-time-0861cm/"",""terms_per_year"":null,""total_credits"":""4.0""},""international_conditions"":[],""international_rule_sets"":[],""legacy_accepts_international_students"":null}"
37,0864CM,Marine Business Essentials,ACCEPTED_AVAILABLE,UPDATE,APPLIED,[],"[{""action"":""UPDATE"",""key"":{""program_id"":""0864CM""},""precondition"":{""authoritative_raw"":""Program length Each course takes a total of six hours and will be covered in two days. The courses can be completed in any order. Grading Successful students must have 100% attendance and achieve a minimum of 60% in each evaluation, with a minimum aggregate mark of 70%. Program delivery Online: This program is delivered fully online. Program location Distance and online learning Go back Courses Next up Faculty, Advisors & Staff"",""duration_years"":null,""intake_months"":[],""international_eligibility"":""Refer to official program page"",""last_checked"":""2026-09-08"",""program_id"":""0864CM"",""source_url"":""https://www.bcit.ca/programs/marine-business-essentials-microcredential-part-time-0864cm/"",""terms_per_year"":null,""total_credits"":""5.0""},""table"":""program_delivery_facts"",""values"":{""authoritative_raw"":""Program length Each course takes a total of six hours and will be covered in two days. The courses can be completed in any order. Grading Successful students must have 100% attendance and achieve a minimum of 60% in each evaluation, with a minimum aggregate mark of 70%. Program delivery Online: This program is delivered fully online. Program location Distance and online learning Go back Courses Next up Faculty, Advisors & Staff\nInternational evidence: {\""evidence\"":[{\""checked_at\"":\""2026-09-08T17:42:04.887145+00:00\"",\""evidence_type\"":\""international_list_positive_flag\"",\""source_sha256\"":\""80ccc30497514cdabeb24188c92933bde377ee28c660097ccd4abb46138608d4\"",\""url\"":\""https://www.bcit.ca/international-applicants/flexible-credential-programs/\""}],\""offering_scope\"":\""Any Domestic Only offering remains mode/intake-specific.\"",\""pgwp\"":\""UNKNOWN_NOT_PUBLISHED\"",\""status\"":\""ACCEPTED_AVAILABLE\"",\""study_permit\"":\""UNKNOWN_NOT_PUBLISHED\""}"",""international_eligibility"":""ACCEPTED_AVAILABLE"",""last_checked"":""2026-09-08"",""source_url"":""https://www.bcit.ca/programs/marine-business-essentials-microcredential-part-time-0864cm/""}},{""action"":""INSERT"",""key"":{""program_id"":""0864CM"",""rule_name"":""International eligibility source evidence"",""rule_scope"":""INTERNATIONAL"",""study_mode"":""Part-time""},""precondition"":""No semantically equivalent INTERNATIONAL rule exists"",""table"":""academic_rule_sets"",""values"":{""notes"":""{\""evidence\"":[{\""checked_at\"":\""2026-09-08T17:42:04.887145+00:00\"",\""evidence_type\"":\""international_list_positive_flag\"",\""source_sha256\"":\""80ccc30497514cdabeb24188c92933bde377ee28c660097ccd4abb46138608d4\"",\""url\"":\""https://www.bcit.ca/international-applicants/flexible-credential-programs/\""}],\""offering_scope\"":\""Any Domestic Only offering remains mode/intake-specific.\"",\""pgwp\"":\""UNKNOWN_NOT_PUBLISHED\"",\""status\"":\""ACCEPTED_AVAILABLE\"",\""study_permit\"":\""UNKNOWN_NOT_PUBLISHED\""}"",""source_url"":""https://www.bcit.ca/international-applicants/flexible-credential-programs/""}}]","{""delivery_facts"":{""authoritative_raw"":""Program length Each course takes a total of six hours and will be covered in two days. The courses can be completed in any order. Grading Successful students must have 100% attendance and achieve a minimum of 60% in each evaluation, with a minimum aggregate mark of 70%. Program delivery Online: This program is delivered fully online. Program location Distance and online learning Go back Courses Next up Faculty, Advisors & Staff"",""duration_years"":null,""intake_months"":[],""international_eligibility"":""Refer to official program page"",""last_checked"":""2026-09-08"",""program_id"":""0864CM"",""source_url"":""https://www.bcit.ca/programs/marine-business-essentials-microcredential-part-time-0864cm/"",""terms_per_year"":null,""total_credits"":""5.0""},""international_conditions"":[],""international_rule_sets"":[],""legacy_accepts_international_students"":null}"
38,0866CM,Distribution Design for Electrical Utilities,ACCEPTED_AVAILABLE,UPDATE,APPLIED,[],"[{""action"":""UPDATE"",""key"":{""program_id"":""0866CM""},""precondition"":{""authoritative_raw"":""Program length This microcredential can be completed in one year. Grading Students must obtain a passing grade of 60% in each course. Additional program options Students who take this program may also be interested in the following programs: Introduction to Power Systems Protection Design Microcredential Electrical and Computer Engineering Technology Diploma (Electrical Power and Industrial Control Option) Accreditation These courses can be taken to meet the EGBC professional development requirement. Program delivery Online: This program is delivered fully online. Note: In-person labs may be made available to students if there is interest. Please contact the Program Assistant for more information. Program location Distance and online learning Go back Courses Next up Graduating & Jobs"",""duration_years"":null,""intake_months"":[],""international_eligibility"":""Refer to official program page"",""last_checked"":""2026-09-08"",""program_id"":""0866CM"",""source_url"":""https://www.bcit.ca/programs/distribution-design-for-electrical-utilities-microcredential-part-time-0866cm/"",""terms_per_year"":null,""total_credits"":""9.0""},""table"":""program_delivery_facts"",""values"":{""authoritative_raw"":""Program length This microcredential can be completed in one year. Grading Students must obtain a passing grade of 60% in each course. Additional program options Students who take this program may also be interested in the following programs: Introduction to Power Systems Protection Design Microcredential Electrical and Computer Engineering Technology Diploma (Electrical Power and Industrial Control Option) Accreditation These courses can be taken to meet the EGBC professional development requirement. Program delivery Online: This program is delivered fully online. Note: In-person labs may be made available to students if there is interest. Please contact the Program Assistant for more information. Program location Distance and online learning Go back Courses Next up Graduating & Jobs\nInternational evidence: {\""evidence\"":[{\""checked_at\"":\""2026-09-08T17:42:04.887145+00:00\"",\""evidence_type\"":\""international_list_positive_flag\"",\""source_sha256\"":\""80ccc30497514cdabeb24188c92933bde377ee28c660097ccd4abb46138608d4\"",\""url\"":\""https://www.bcit.ca/international-applicants/flexible-credential-programs/\""}],\""offering_scope\"":\""Any Domestic Only offering remains mode/intake-specific.\"",\""pgwp\"":\""UNKNOWN_NOT_PUBLISHED\"",\""status\"":\""ACCEPTED_AVAILABLE\"",\""study_permit\"":\""UNKNOWN_NOT_PUBLISHED\""}"",""international_eligibility"":""ACCEPTED_AVAILABLE"",""last_checked"":""2026-09-08"",""source_url"":""https://www.bcit.ca/programs/distribution-design-for-electrical-utilities-microcredential-part-time-0866cm/""}},{""action"":""INSERT"",""key"":{""program_id"":""0866CM"",""rule_name"":""International eligibility source evidence"",""rule_scope"":""INTERNATIONAL"",""study_mode"":""Part-time""},""precondition"":""No semantically equivalent INTERNATIONAL rule exists"",""table"":""academic_rule_sets"",""values"":{""notes"":""{\""evidence\"":[{\""checked_at\"":\""2026-09-08T17:42:04.887145+00:00\"",\""evidence_type\"":\""international_list_positive_flag\"",\""source_sha256\"":\""80ccc30497514cdabeb24188c92933bde377ee28c660097ccd4abb46138608d4\"",\""url\"":\""https://www.bcit.ca/international-applicants/flexible-credential-programs/\""}],\""offering_scope\"":\""Any Domestic Only offering remains mode/intake-specific.\"",\""pgwp\"":\""UNKNOWN_NOT_PUBLISHED\"",\""status\"":\""ACCEPTED_AVAILABLE\"",\""study_permit\"":\""UNKNOWN_NOT_PUBLISHED\""}"",""source_url"":""https://www.bcit.ca/international-applicants/flexible-credential-programs/""}}]","{""delivery_facts"":{""authoritative_raw"":""Program length This microcredential can be completed in one year. Grading Students must obtain a passing grade of 60% in each course. Additional program options Students who take this program may also be interested in the following programs: Introduction to Power Systems Protection Design Microcredential Electrical and Computer Engineering Technology Diploma (Electrical Power and Industrial Control Option) Accreditation These courses can be taken to meet the EGBC professional development requirement. Program delivery Online: This program is delivered fully online. Note: In-person labs may be made available to students if there is interest. Please contact the Program Assistant for more information. Program location Distance and online learning Go back Courses Next up Graduating & Jobs"",""duration_years"":null,""intake_months"":[],""international_eligibility"":""Refer to official program page"",""last_checked"":""2026-09-08"",""program_id"":""0866CM"",""source_url"":""https://www.bcit.ca/programs/distribution-design-for-electrical-utilities-microcredential-part-time-0866cm/"",""terms_per_year"":null,""total_credits"":""9.0""},""international_conditions"":[],""international_rule_sets"":[],""legacy_accepts_international_students"":null}"
39,0870CM,Sexual Health Rehabilitation,ACCEPTED_AVAILABLE,UPDATE,APPLIED,[],"[{""action"":""UPDATE"",""key"":{""program_id"":""0870CM""},""precondition"":{""authoritative_raw"":""Program length 24 weeks. Program delivery Online: This program is delivered fully online. Program location Distance and online learning Go back Courses Next up Contact Us"",""duration_years"":null,""intake_months"":[],""international_eligibility"":""Refer to official program page"",""last_checked"":""2026-09-08"",""program_id"":""0870CM"",""source_url"":""https://www.bcit.ca/programs/sexual-health-rehabilitation-microcredential-part-time-0870cm/"",""terms_per_year"":null,""total_credits"":""6.0""},""table"":""program_delivery_facts"",""values"":{""authoritative_raw"":""Program length 24 weeks. Program delivery Online: This program is delivered fully online. Program location Distance and online learning Go back Courses Next up Contact Us\nInternational evidence: {\""evidence\"":[{\""checked_at\"":\""2026-09-08T17:42:04.887145+00:00\"",\""evidence_type\"":\""international_list_positive_flag\"",\""source_sha256\"":\""80ccc30497514cdabeb24188c92933bde377ee28c660097ccd4abb46138608d4\"",\""url\"":\""https://www.bcit.ca/international-applicants/flexible-credential-programs/\""}],\""offering_scope\"":\""Any Domestic Only offering remains mode/intake-specific.\"",\""pgwp\"":\""UNKNOWN_NOT_PUBLISHED\"",\""status\"":\""ACCEPTED_AVAILABLE\"",\""study_permit\"":\""UNKNOWN_NOT_PUBLISHED\""}"",""international_eligibility"":""ACCEPTED_AVAILABLE"",""last_checked"":""2026-09-08"",""source_url"":""https://www.bcit.ca/programs/sexual-health-rehabilitation-microcredential-part-time-0870cm/""}},{""action"":""INSERT"",""key"":{""program_id"":""0870CM"",""rule_name"":""International eligibility source evidence"",""rule_scope"":""INTERNATIONAL"",""study_mode"":""Part-time""},""precondition"":""No semantically equivalent INTERNATIONAL rule exists"",""table"":""academic_rule_sets"",""values"":{""notes"":""{\""evidence\"":[{\""checked_at\"":\""2026-09-08T17:42:04.887145+00:00\"",\""evidence_type\"":\""international_list_positive_flag\"",\""source_sha256\"":\""80ccc30497514cdabeb24188c92933bde377ee28c660097ccd4abb46138608d4\"",\""url\"":\""https://www.bcit.ca/international-applicants/flexible-credential-programs/\""}],\""offering_scope\"":\""Any Domestic Only offering remains mode/intake-specific.\"",\""pgwp\"":\""UNKNOWN_NOT_PUBLISHED\"",\""status\"":\""ACCEPTED_AVAILABLE\"",\""study_permit\"":\""UNKNOWN_NOT_PUBLISHED\""}"",""source_url"":""https://www.bcit.ca/international-applicants/flexible-credential-programs/""}}]","{""delivery_facts"":{""authoritative_raw"":""Program length 24 weeks. Program delivery Online: This program is delivered fully online. Program location Distance and online learning Go back Courses Next up Contact Us"",""duration_years"":null,""intake_months"":[],""international_eligibility"":""Refer to official program page"",""last_checked"":""2026-09-08"",""program_id"":""0870CM"",""source_url"":""https://www.bcit.ca/programs/sexual-health-rehabilitation-microcredential-part-time-0870cm/"",""terms_per_year"":null,""total_credits"":""6.0""},""international_conditions"":[],""international_rule_sets"":[],""legacy_accepts_international_students"":null}"
40,0872CM,Techniques for Crime & Intelligence Analysts (TCIA),ACCEPTED_AVAILABLE,UPDATE,APPLIED,[],"[{""action"":""UPDATE"",""key"":{""program_id"":""0872CM""},""precondition"":{""authoritative_raw"":""Techniques for Crime & Intelligence Analysts Microcredential Program delivery Online: This program is delivered fully online. Program location Distance and online learning Go back Courses Next up Faculty, Advisors & Staff"",""duration_years"":null,""intake_months"":[],""international_eligibility"":""Refer to official program page"",""last_checked"":""2026-09-08"",""program_id"":""0872CM"",""source_url"":""https://www.bcit.ca/programs/techniques-for-crime-and-intelligence-analysts-tcia-microcredential-part-time-0872cm/"",""terms_per_year"":null,""total_credits"":""6.0""},""table"":""program_delivery_facts"",""values"":{""authoritative_raw"":""Techniques for Crime & Intelligence Analysts Microcredential Program delivery Online: This program is delivered fully online. Program location Distance and online learning Go back Courses Next up Faculty, Advisors & Staff\nInternational evidence: {\""evidence\"":[{\""checked_at\"":\""2026-09-08T17:42:04.887145+00:00\"",\""evidence_type\"":\""international_list_positive_flag\"",\""source_sha256\"":\""80ccc30497514cdabeb24188c92933bde377ee28c660097ccd4abb46138608d4\"",\""url\"":\""https://www.bcit.ca/international-applicants/flexible-credential-programs/\""}],\""offering_scope\"":\""Any Domestic Only offering remains mode/intake-specific.\"",\""pgwp\"":\""UNKNOWN_NOT_PUBLISHED\"",\""status\"":\""ACCEPTED_AVAILABLE\"",\""study_permit\"":\""UNKNOWN_NOT_PUBLISHED\""}"",""international_eligibility"":""ACCEPTED_AVAILABLE"",""last_checked"":""2026-09-08"",""source_url"":""https://www.bcit.ca/programs/techniques-for-crime-and-intelligence-analysts-tcia-microcredential-part-time-0872cm/""}},{""action"":""INSERT"",""key"":{""program_id"":""0872CM"",""rule_name"":""International eligibility source evidence"",""rule_scope"":""INTERNATIONAL"",""study_mode"":""Part-time""},""precondition"":""No semantically equivalent INTERNATIONAL rule exists"",""table"":""academic_rule_sets"",""values"":{""notes"":""{\""evidence\"":[{\""checked_at\"":\""2026-09-08T17:42:04.887145+00:00\"",\""evidence_type\"":\""international_list_positive_flag\"",\""source_sha256\"":\""80ccc30497514cdabeb24188c92933bde377ee28c660097ccd4abb46138608d4\"",\""url\"":\""https://www.bcit.ca/international-applicants/flexible-credential-programs/\""}],\""offering_scope\"":\""Any Domestic Only offering remains mode/intake-specific.\"",\""pgwp\"":\""UNKNOWN_NOT_PUBLISHED\"",\""status\"":\""ACCEPTED_AVAILABLE\"",\""study_permit\"":\""UNKNOWN_NOT_PUBLISHED\""}"",""source_url"":""https://www.bcit.ca/international-applicants/flexible-credential-programs/""}}]","{""delivery_facts"":{""authoritative_raw"":""Techniques for Crime & Intelligence Analysts Microcredential Program delivery Online: This program is delivered fully online. Program location Distance and online learning Go back Courses Next up Faculty, Advisors & Staff"",""duration_years"":null,""intake_months"":[],""international_eligibility"":""Refer to official program page"",""last_checked"":""2026-09-08"",""program_id"":""0872CM"",""source_url"":""https://www.bcit.ca/programs/techniques-for-crime-and-intelligence-analysts-tcia-microcredential-part-time-0872cm/"",""terms_per_year"":null,""total_credits"":""6.0""},""international_conditions"":[],""international_rule_sets"":[],""legacy_accepts_international_students"":null}"
41,0873CM,Fundamentals in Polytechnic Teaching,ACCEPTED_AVAILABLE,UPDATE,APPLIED,[],"[{""action"":""UPDATE"",""key"":{""program_id"":""0873CM""},""precondition"":{""authoritative_raw"":""Grading Grading varies by course. Please see individual course outlines for grading criteria. Program delivery Blended: This program is delivered partly on campus and partly online. Program location Burnaby Campus 3700 Willingdon Avenue Burnaby, BC Distance and online learning Continue your education The Foundations in Polytechnic Teaching Microcredential can be laddered into the Associate Certificate in Polytechnic Teaching . Go back Courses Next up Graduating & Jobs"",""duration_years"":null,""intake_months"":[],""international_eligibility"":""Refer to official program page"",""last_checked"":""2026-09-08"",""program_id"":""0873CM"",""source_url"":""https://www.bcit.ca/programs/fundamentals-in-polytechnic-teaching-microcredential-part-time-0873cm/"",""terms_per_year"":null,""total_credits"":""7.5""},""table"":""program_delivery_facts"",""values"":{""authoritative_raw"":""Grading Grading varies by course. Please see individual course outlines for grading criteria. Program delivery Blended: This program is delivered partly on campus and partly online. Program location Burnaby Campus 3700 Willingdon Avenue Burnaby, BC Distance and online learning Continue your education The Foundations in Polytechnic Teaching Microcredential can be laddered into the Associate Certificate in Polytechnic Teaching . Go back Courses Next up Graduating & Jobs\nInternational evidence: {\""evidence\"":[{\""checked_at\"":\""2026-09-08T17:42:04.887145+00:00\"",\""evidence_type\"":\""international_list_positive_flag\"",\""source_sha256\"":\""80ccc30497514cdabeb24188c92933bde377ee28c660097ccd4abb46138608d4\"",\""url\"":\""https://www.bcit.ca/international-applicants/flexible-credential-programs/\""}],\""offering_scope\"":\""Any Domestic Only offering remains mode/intake-specific.\"",\""pgwp\"":\""UNKNOWN_NOT_PUBLISHED\"",\""status\"":\""ACCEPTED_AVAILABLE\"",\""study_permit\"":\""UNKNOWN_NOT_PUBLISHED\""}"",""international_eligibility"":""ACCEPTED_AVAILABLE"",""last_checked"":""2026-09-08"",""source_url"":""https://www.bcit.ca/programs/fundamentals-in-polytechnic-teaching-microcredential-part-time-0873cm/""}},{""action"":""INSERT"",""key"":{""program_id"":""0873CM"",""rule_name"":""International eligibility source evidence"",""rule_scope"":""INTERNATIONAL"",""study_mode"":""Part-time""},""precondition"":""No semantically equivalent INTERNATIONAL rule exists"",""table"":""academic_rule_sets"",""values"":{""notes"":""{\""evidence\"":[{\""checked_at\"":\""2026-09-08T17:42:04.887145+00:00\"",\""evidence_type\"":\""international_list_positive_flag\"",\""source_sha256\"":\""80ccc30497514cdabeb24188c92933bde377ee28c660097ccd4abb46138608d4\"",\""url\"":\""https://www.bcit.ca/international-applicants/flexible-credential-programs/\""}],\""offering_scope\"":\""Any Domestic Only offering remains mode/intake-specific.\"",\""pgwp\"":\""UNKNOWN_NOT_PUBLISHED\"",\""status\"":\""ACCEPTED_AVAILABLE\"",\""study_permit\"":\""UNKNOWN_NOT_PUBLISHED\""}"",""source_url"":""https://www.bcit.ca/international-applicants/flexible-credential-programs/""}}]","{""delivery_facts"":{""authoritative_raw"":""Grading Grading varies by course. Please see individual course outlines for grading criteria. Program delivery Blended: This program is delivered partly on campus and partly online. Program location Burnaby Campus 3700 Willingdon Avenue Burnaby, BC Distance and online learning Continue your education The Foundations in Polytechnic Teaching Microcredential can be laddered into the Associate Certificate in Polytechnic Teaching . Go back Courses Next up Graduating & Jobs"",""duration_years"":null,""intake_months"":[],""international_eligibility"":""Refer to official program page"",""last_checked"":""2026-09-08"",""program_id"":""0873CM"",""source_url"":""https://www.bcit.ca/programs/fundamentals-in-polytechnic-teaching-microcredential-part-time-0873cm/"",""terms_per_year"":null,""total_credits"":""7.5""},""international_conditions"":[],""international_rule_sets"":[],""legacy_accepts_international_students"":null}"
42,0876CM,Applied Mass Timber Engineering,ACCEPTED_AVAILABLE,UPDATE,APPLIED,[],"[{""action"":""UPDATE"",""key"":{""program_id"":""0876CM""},""precondition"":{""authoritative_raw"":""Program length This program is self-paced and must be completed within a maximum of 6 months. Grading A minimum passing grade of 60% is required in each course. The grade for each course is achieved through a combination of knowledge check quizzes, graded assessments, and a final course assignment. Program delivery Online: This program is delivered fully online. Program location Distance and online learning Go back Courses Next up Faculty, Advisors & Staff"",""duration_years"":null,""intake_months"":[],""international_eligibility"":""Refer to official program page"",""last_checked"":""2026-09-08"",""program_id"":""0876CM"",""source_url"":""https://www.bcit.ca/programs/applied-mass-timber-engineering-microcredential-part-time-0876cm/"",""terms_per_year"":null,""total_credits"":""9.0""},""table"":""program_delivery_facts"",""values"":{""authoritative_raw"":""Program length This program is self-paced and must be completed within a maximum of 6 months. Grading A minimum passing grade of 60% is required in each course. The grade for each course is achieved through a combination of knowledge check quizzes, graded assessments, and a final course assignment. Program delivery Online: This program is delivered fully online. Program location Distance and online learning Go back Courses Next up Faculty, Advisors & Staff\nInternational evidence: {\""evidence\"":[{\""checked_at\"":\""2026-09-08T17:42:04.887145+00:00\"",\""evidence_type\"":\""international_list_positive_flag\"",\""source_sha256\"":\""80ccc30497514cdabeb24188c92933bde377ee28c660097ccd4abb46138608d4\"",\""url\"":\""https://www.bcit.ca/international-applicants/flexible-credential-programs/\""}],\""offering_scope\"":\""Any Domestic Only offering remains mode/intake-specific.\"",\""pgwp\"":\""UNKNOWN_NOT_PUBLISHED\"",\""status\"":\""ACCEPTED_AVAILABLE\"",\""study_permit\"":\""UNKNOWN_NOT_PUBLISHED\""}"",""international_eligibility"":""ACCEPTED_AVAILABLE"",""last_checked"":""2026-09-08"",""source_url"":""https://www.bcit.ca/programs/applied-mass-timber-engineering-microcredential-part-time-0876cm/""}},{""action"":""INSERT"",""key"":{""program_id"":""0876CM"",""rule_name"":""International eligibility source evidence"",""rule_scope"":""INTERNATIONAL"",""study_mode"":""Part-time""},""precondition"":""No semantically equivalent INTERNATIONAL rule exists"",""table"":""academic_rule_sets"",""values"":{""notes"":""{\""evidence\"":[{\""checked_at\"":\""2026-09-08T17:42:04.887145+00:00\"",\""evidence_type\"":\""international_list_positive_flag\"",\""source_sha256\"":\""80ccc30497514cdabeb24188c92933bde377ee28c660097ccd4abb46138608d4\"",\""url\"":\""https://www.bcit.ca/international-applicants/flexible-credential-programs/\""}],\""offering_scope\"":\""Any Domestic Only offering remains mode/intake-specific.\"",\""pgwp\"":\""UNKNOWN_NOT_PUBLISHED\"",\""status\"":\""ACCEPTED_AVAILABLE\"",\""study_permit\"":\""UNKNOWN_NOT_PUBLISHED\""}"",""source_url"":""https://www.bcit.ca/international-applicants/flexible-credential-programs/""}}]","{""delivery_facts"":{""authoritative_raw"":""Program length This program is self-paced and must be completed within a maximum of 6 months. Grading A minimum passing grade of 60% is required in each course. The grade for each course is achieved through a combination of knowledge check quizzes, graded assessments, and a final course assignment. Program delivery Online: This program is delivered fully online. Program location Distance and online learning Go back Courses Next up Faculty, Advisors & Staff"",""duration_years"":null,""intake_months"":[],""international_eligibility"":""Refer to official program page"",""last_checked"":""2026-09-08"",""program_id"":""0876CM"",""source_url"":""https://www.bcit.ca/programs/applied-mass-timber-engineering-microcredential-part-time-0876cm/"",""terms_per_year"":null,""total_credits"":""9.0""},""international_conditions"":[],""international_rule_sets"":[],""legacy_accepts_international_students"":null}"
43,100ADIPMA,Airline and Flight Operations Commercial Pilot (Fixed-Wing),ACCEPTED_AVAILABLE,UPDATE,APPLIED,[],"[{""action"":""UPDATE"",""key"":{""program_id"":""100ADIPMA""},""precondition"":{""authoritative_raw"":""Program length 64 weeks, full-time The program consists of four terms and is delivered over 18 months with scheduled breaks for flying during each term. Each term must be passed to progress to the next term. The flight training portion of the program is competency based. However, a minimum number of flying hours is required. Most students can expect to qualify for their Private Pilot Licence (PPL) in Term 2 after flying between 45 hours (Transport Canada minimum requirement) and 65 hours (the average for most people). Term 1 and 2 costs cover 65 flying hours. The Private Pilot Licence course allows for a maximum 80 flying hours. Any flying to qualify for the Private Pilot Licence that is over 65 hours will be at an additional cost to the student. Total flying provided within the program is 208.3 hours. Grading A 70 percent pass mark is required for each course. The exception to this rule is that a minimum of 90 percent is required to qualify for a Student Pilot Permit. To obtain pilot licences and ratings, students will be required to complete Transport Canada examinations and flight tests. If students do not complete the examinations and flight tests within the hours allotted, they will be involuntarily withdrawn from the program. Note : Students must pass all courses in a term to successfully complete the term. Students who fail or withdraw from one or more courses in a term may be prohibited from continuing in the program and be required to apply for re-admission. When students are permitted to continue in the program, it is their responsibility to present evidence of successful completion of the failed course(s) to the Registrar's Office either before the end of the next term or before the credential is awarded, whichever condition is specified. Program delivery Blended: This program is delivered partly on campus and partly online. Program location Aerospace Technology Campus 3800 Cessna Drive Richmond, BC Pacific Flying Club Boundary Bay Airport 4 - 4335 Skeena Street Delta, BC Rotary-wing ground school and flight training will also take place at: Chinook Helicopters 30720 Rotor Drive Abbotsford, BC Go back Courses Next up Graduating & Jobs"",""duration_years"":null,""intake_months"":[],""international_eligibility"":""Refer to official program page"",""last_checked"":""2026-09-08"",""program_id"":""100ADIPMA"",""source_url"":""https://www.bcit.ca/programs/airline-and-flight-operations-commercial-pilot-fixed-wing-diploma-full-time-100adipma/"",""terms_per_year"":null,""total_credits"":""127.5""},""table"":""program_delivery_facts"",""values"":{""authoritative_raw"":""Program length 64 weeks, full-time The program consists of four terms and is delivered over 18 months with scheduled breaks for flying during each term. Each term must be passed to progress to the next term. The flight training portion of the program is competency based. However, a minimum number of flying hours is required. Most students can expect to qualify for their Private Pilot Licence (PPL) in Term 2 after flying between 45 hours (Transport Canada minimum requirement) and 65 hours (the average for most people). Term 1 and 2 costs cover 65 flying hours. The Private Pilot Licence course allows for a maximum 80 flying hours. Any flying to qualify for the Private Pilot Licence that is over 65 hours will be at an additional cost to the student. Total flying provided within the program is 208.3 hours. Grading A 70 percent pass mark is required for each course. The exception to this rule is that a minimum of 90 percent is required to qualify for a Student Pilot Permit. To obtain pilot licences and ratings, students will be required to complete Transport Canada examinations and flight tests. If students do not complete the examinations and flight tests within the hours allotted, they will be involuntarily withdrawn from the program. Note : Students must pass all courses in a term to successfully complete the term. Students who fail or withdraw from one or more courses in a term may be prohibited from continuing in the program and be required to apply for re-admission. When students are permitted to continue in the program, it is their responsibility to present evidence of successful completion of the failed course(s) to the Registrar's Office either before the end of the next term or before the credential is awarded, whichever condition is specified. Program delivery Blended: This program is delivered partly on campus and partly online. Program location Aerospace Technology Campus 3800 Cessna Drive Richmond, BC Pacific Flying Club Boundary Bay Airport 4 - 4335 Skeena Street Delta, BC Rotary-wing ground school and flight training will also take place at: Chinook Helicopters 30720 Rotor Drive Abbotsford, BC Go back Courses Next up Graduating & Jobs\nInternational evidence: {\""evidence\"":[{\""checked_at\"":\""2026-09-08T17:42:04.887145+00:00\"",\""evidence_type\"":\""international_list_positive_flag\"",\""source_sha256\"":\""ef555c53d49601c848d071e461a1885414dddeb55de111d8bf063c4be05246ee\"",\""url\"":\""https://www.bcit.ca/international-applicants/regular-credential-programs/\""}],\""offering_scope\"":\""Any Domestic Only offering remains mode/intake-specific.\"",\""pgwp\"":\""ELIGIBLE_TO_APPLY\"",\""status\"":\""ACCEPTED_AVAILABLE\"",\""study_permit\"":\""UNKNOWN_NOT_PUBLISHED\""}"",""international_eligibility"":""ACCEPTED_AVAILABLE"",""last_checked"":""2026-09-08"",""source_url"":""https://www.bcit.ca/programs/airline-and-flight-operations-commercial-pilot-fixed-wing-diploma-full-time-100adipma/""}},{""action"":""INSERT"",""key"":{""program_id"":""100ADIPMA"",""rule_name"":""International eligibility source evidence"",""rule_scope"":""INTERNATIONAL"",""study_mode"":""Full-time""},""precondition"":""No semantically equivalent INTERNATIONAL rule exists"",""table"":""academic_rule_sets"",""values"":{""notes"":""{\""evidence\"":[{\""checked_at\"":\""2026-09-08T17:42:04.887145+00:00\"",\""evidence_type\"":\""international_list_positive_flag\"",\""source_sha256\"":\""ef555c53d49601c848d071e461a1885414dddeb55de111d8bf063c4be05246ee\"",\""url\"":\""https://www.bcit.ca/international-applicants/regular-credential-programs/\""}],\""offering_scope\"":\""Any Domestic Only offering remains mode/intake-specific.\"",\""pgwp\"":\""ELIGIBLE_TO_APPLY\"",\""status\"":\""ACCEPTED_AVAILABLE\"",\""study_permit\"":\""UNKNOWN_NOT_PUBLISHED\""}"",""source_url"":""https://www.bcit.ca/international-applicants/regular-credential-programs/""}}]","{""delivery_facts"":{""authoritative_raw"":""Program length 64 weeks, full-time The program consists of four terms and is delivered over 18 months with scheduled breaks for flying during each term. Each term must be passed to progress to the next term. The flight training portion of the program is competency based. However, a minimum number of flying hours is required. Most students can expect to qualify for their Private Pilot Licence (PPL) in Term 2 after flying between 45 hours (Transport Canada minimum requirement) and 65 hours (the average for most people). Term 1 and 2 costs cover 65 flying hours. The Private Pilot Licence course allows for a maximum 80 flying hours. Any flying to qualify for the Private Pilot Licence that is over 65 hours will be at an additional cost to the student. Total flying provided within the program is 208.3 hours. Grading A 70 percent pass mark is required for each course. The exception to this rule is that a minimum of 90 percent is required to qualify for a Student Pilot Permit. To obtain pilot licences and ratings, students will be required to complete Transport Canada examinations and flight tests. If students do not complete the examinations and flight tests within the hours allotted, they will be involuntarily withdrawn from the program. Note : Students must pass all courses in a term to successfully complete the term. Students who fail or withdraw from one or more courses in a term may be prohibited from continuing in the program and be required to apply for re-admission. When students are permitted to continue in the program, it is their responsibility to present evidence of successful completion of the failed course(s) to the Registrar's Office either before the end of the next term or before the credential is awarded, whichever condition is specified. Program delivery Blended: This program is delivered partly on campus and partly online. Program location Aerospace Technology Campus 3800 Cessna Drive Richmond, BC Pacific Flying Club Boundary Bay Airport 4 - 4335 Skeena Street Delta, BC Rotary-wing ground school and flight training will also take place at: Chinook Helicopters 30720 Rotor Drive Abbotsford, BC Go back Courses Next up Graduating & Jobs"",""duration_years"":null,""intake_months"":[],""international_eligibility"":""Refer to official program page"",""last_checked"":""2026-09-08"",""program_id"":""100ADIPMA"",""source_url"":""https://www.bcit.ca/programs/airline-and-flight-operations-commercial-pilot-fixed-wing-diploma-full-time-100adipma/"",""terms_per_year"":null,""total_credits"":""127.5""},""international_conditions"":[],""international_rule_sets"":[],""legacy_accepts_international_students"":null}"
44,100BDIPMA,Airline and Flight Operations Commercial Pilot (Rotary-Wing),ACCEPTED_AVAILABLE,UPDATE,APPLIED,[],"[{""action"":""UPDATE"",""key"":{""program_id"":""100BDIPMA""},""precondition"":{""authoritative_raw"":""Program length 57 weeks, full-time The program consists of three terms and is delivered over 15 months with scheduled breaks for flying during each term to accommodate possible inclement weather. Each term must be passed to progress to the next term. The fixed and rotary wing flight training portions of the program are competency based. However, a minimum number of flying hours is required to qualify for the Transport Canada written exams and flight tests. Fixed-wing flight training (Terms 1 and 2) Most learners can expect to qualify for their Private Pilot Licence (PPL) in Term 2 after flying between 45 hours (Transport Canada minimum requirement) and 65 hours (the average for most people). Cost for Terms 1 and 2 cover 65 flying hours. The Private Pilot Licence course allows for a maximum 80 flying hours. Any flying to qualify for the Private Pilot Licence that is over 65 hours will be at an additional cost to the learner. Rotary-wing flight training (Term 3) Most learners can expect to qualify for their Commercial Rotary Wing Licence in Term 3 after the completion of 100 hours of training (Transport Canada minimum). Any flying that is over 100 hours will be at an additional cost to the learner. Grading A 70 percent pass mark is required for each course. The exception to this rule is that a minimum of 90 percent is required to qualify for a Student Pilot Permit. To obtain pilot licences and ratings, students will be required to complete Transport Canada examinations and flight tests. If students do not complete the examinations and flight tests within the hours allotted, they will be involuntarily withdrawn from the program. Note : Students must pass all courses in a term to successfully complete the term. Students who fail or withdraw from one or more courses in a term may be prohibited from continuing in the program and be required to apply for re-admission. When students are permitted to continue in the program, it is their responsibility to present evidence of successful completion of the failed course(s) to the Registrar's Office either before the end of the next term or before the credential is awarded, whichever condition is specified. Program delivery Blended: This program is delivered partly on campus and partly online. Program location Aerospace Technology Campus 3800 Cessna Drive Richmond, BC Pacific Flying Club Boundary Bay Airport 4 - 4335 Skeena Street Delta, BC Rotary-wing ground school and flight training will also take place at: Chinook Helicopters 30720 Rotor Drive Abbotsford, BC Go back Courses Next up Graduating & Jobs"",""duration_years"":null,""intake_months"":[],""international_eligibility"":""Refer to official program page"",""last_checked"":""2026-09-08"",""program_id"":""100BDIPMA"",""source_url"":""https://www.bcit.ca/programs/airline-and-flight-operations-commercial-pilot-rotary-wing-diploma-full-time-100bdipma/"",""terms_per_year"":null,""total_credits"":""113.5""},""table"":""program_delivery_facts"",""values"":{""authoritative_raw"":""Program length 57 weeks, full-time The program consists of three terms and is delivered over 15 months with scheduled breaks for flying during each term to accommodate possible inclement weather. Each term must be passed to progress to the next term. The fixed and rotary wing flight training portions of the program are competency based. However, a minimum number of flying hours is required to qualify for the Transport Canada written exams and flight tests. Fixed-wing flight training (Terms 1 and 2) Most learners can expect to qualify for their Private Pilot Licence (PPL) in Term 2 after flying between 45 hours (Transport Canada minimum requirement) and 65 hours (the average for most people). Cost for Terms 1 and 2 cover 65 flying hours. The Private Pilot Licence course allows for a maximum 80 flying hours. Any flying to qualify for the Private Pilot Licence that is over 65 hours will be at an additional cost to the learner. Rotary-wing flight training (Term 3) Most learners can expect to qualify for their Commercial Rotary Wing Licence in Term 3 after the completion of 100 hours of training (Transport Canada minimum). Any flying that is over 100 hours will be at an additional cost to the learner. Grading A 70 percent pass mark is required for each course. The exception to this rule is that a minimum of 90 percent is required to qualify for a Student Pilot Permit. To obtain pilot licences and ratings, students will be required to complete Transport Canada examinations and flight tests. If students do not complete the examinations and flight tests within the hours allotted, they will be involuntarily withdrawn from the program. Note : Students must pass all courses in a term to successfully complete the term. Students who fail or withdraw from one or more courses in a term may be prohibited from continuing in the program and be required to apply for re-admission. When students are permitted to continue in the program, it is their responsibility to present evidence of successful completion of the failed course(s) to the Registrar's Office either before the end of the next term or before the credential is awarded, whichever condition is specified. Program delivery Blended: This program is delivered partly on campus and partly online. Program location Aerospace Technology Campus 3800 Cessna Drive Richmond, BC Pacific Flying Club Boundary Bay Airport 4 - 4335 Skeena Street Delta, BC Rotary-wing ground school and flight training will also take place at: Chinook Helicopters 30720 Rotor Drive Abbotsford, BC Go back Courses Next up Graduating & Jobs\nInternational evidence: {\""evidence\"":[{\""checked_at\"":\""2026-09-08T17:42:04.887145+00:00\"",\""evidence_type\"":\""international_list_positive_flag\"",\""source_sha256\"":\""ef555c53d49601c848d071e461a1885414dddeb55de111d8bf063c4be05246ee\"",\""url\"":\""https://www.bcit.ca/international-applicants/regular-credential-programs/\""}],\""offering_scope\"":\""Any Domestic Only offering remains mode/intake-specific.\"",\""pgwp\"":\""ELIGIBLE_TO_APPLY\"",\""status\"":\""ACCEPTED_AVAILABLE\"",\""study_permit\"":\""UNKNOWN_NOT_PUBLISHED\""}"",""international_eligibility"":""ACCEPTED_AVAILABLE"",""last_checked"":""2026-09-08"",""source_url"":""https://www.bcit.ca/programs/airline-and-flight-operations-commercial-pilot-rotary-wing-diploma-full-time-100bdipma/""}},{""action"":""INSERT"",""key"":{""program_id"":""100BDIPMA"",""rule_name"":""International eligibility source evidence"",""rule_scope"":""INTERNATIONAL"",""study_mode"":""Full-time""},""precondition"":""No semantically equivalent INTERNATIONAL rule exists"",""table"":""academic_rule_sets"",""values"":{""notes"":""{\""evidence\"":[{\""checked_at\"":\""2026-09-08T17:42:04.887145+00:00\"",\""evidence_type\"":\""international_list_positive_flag\"",\""source_sha256\"":\""ef555c53d49601c848d071e461a1885414dddeb55de111d8bf063c4be05246ee\"",\""url\"":\""https://www.bcit.ca/international-applicants/regular-credential-programs/\""}],\""offering_scope\"":\""Any Domestic Only offering remains mode/intake-specific.\"",\""pgwp\"":\""ELIGIBLE_TO_APPLY\"",\""status\"":\""ACCEPTED_AVAILABLE\"",\""study_permit\"":\""UNKNOWN_NOT_PUBLISHED\""}"",""source_url"":""https://www.bcit.ca/international-applicants/regular-credential-programs/""}}]","{""delivery_facts"":{""authoritative_raw"":""Program length 57 weeks, full-time The program consists of three terms and is delivered over 15 months with scheduled breaks for flying during each term to accommodate possible inclement weather. Each term must be passed to progress to the next term. The fixed and rotary wing flight training portions of the program are competency based. However, a minimum number of flying hours is required to qualify for the Transport Canada written exams and flight tests. Fixed-wing flight training (Terms 1 and 2) Most learners can expect to qualify for their Private Pilot Licence (PPL) in Term 2 after flying between 45 hours (Transport Canada minimum requirement) and 65 hours (the average for most people). Cost for Terms 1 and 2 cover 65 flying hours. The Private Pilot Licence course allows for a maximum 80 flying hours. Any flying to qualify for the Private Pilot Licence that is over 65 hours will be at an additional cost to the learner. Rotary-wing flight training (Term 3) Most learners can expect to qualify for their Commercial Rotary Wing Licence in Term 3 after the completion of 100 hours of training (Transport Canada minimum). Any flying that is over 100 hours will be at an additional cost to the learner. Grading A 70 percent pass mark is required for each course. The exception to this rule is that a minimum of 90 percent is required to qualify for a Student Pilot Permit. To obtain pilot licences and ratings, students will be required to complete Transport Canada examinations and flight tests. If students do not complete the examinations and flight tests within the hours allotted, they will be involuntarily withdrawn from the program. Note : Students must pass all courses in a term to successfully complete the term. Students who fail or withdraw from one or more courses in a term may be prohibited from continuing in the program and be required to apply for re-admission. When students are permitted to continue in the program, it is their responsibility to present evidence of successful completion of the failed course(s) to the Registrar's Office either before the end of the next term or before the credential is awarded, whichever condition is specified. Program delivery Blended: This program is delivered partly on campus and partly online. Program location Aerospace Technology Campus 3800 Cessna Drive Richmond, BC Pacific Flying Club Boundary Bay Airport 4 - 4335 Skeena Street Delta, BC Rotary-wing ground school and flight training will also take place at: Chinook Helicopters 30720 Rotor Drive Abbotsford, BC Go back Courses Next up Graduating & Jobs"",""duration_years"":null,""intake_months"":[],""international_eligibility"":""Refer to official program page"",""last_checked"":""2026-09-08"",""program_id"":""100BDIPMA"",""source_url"":""https://www.bcit.ca/programs/airline-and-flight-operations-commercial-pilot-rotary-wing-diploma-full-time-100bdipma/"",""terms_per_year"":null,""total_credits"":""113.5""},""international_conditions"":[],""international_rule_sets"":[],""legacy_accepts_international_students"":null}"
45,1030CERTTS,Aircraft Gas Turbine Technician,ACCEPTED_AVAILABLE,UPDATE,APPLIED,[],"[{""action"":""UPDATE"",""key"":{""program_id"":""1030CERTTS""},""precondition"":{""authoritative_raw"":""Program length 38 weeks, full-time Grading Minimum course passing grade is 70%. Each course has a theory component and a practical component and both components must be passed with 70%. The official transcript will show an average of both marks, with a U or F (unsatisfactory or failed) if either component is not passed. Course Failure and Program Continuation If you fail a course during a term, you may re-register to repeat the course. However, if your second attempt is unsuccessful, you will be prohibited from continuing the term and must seek approval from the Associate Dean in order to be readmitted into the program. Program delivery In person: This program is delivered on campus. Program location Aerospace Technology Campus 3800 Cessna Drive Richmond, BC Aviation attendance policy The attendance policies for all Aviation programs differ from other BCIT programs and are regulated by Transport Canada and/or Canadian Aviation Maintenance Council. Go back Courses Next up Graduating & Jobs"",""duration_years"":null,""intake_months"":[],""international_eligibility"":""Refer to official program page"",""last_checked"":""2026-09-08"",""program_id"":""1030CERTTS"",""source_url"":""https://www.bcit.ca/programs/aircraft-gas-turbine-technician-certificate-full-time-1030certts/"",""terms_per_year"":null,""total_credits"":""76.0""},""table"":""program_delivery_facts"",""values"":{""authoritative_raw"":""Program length 38 weeks, full-time Grading Minimum course passing grade is 70%. Each course has a theory component and a practical component and both components must be passed with 70%. The official transcript will show an average of both marks, with a U or F (unsatisfactory or failed) if either component is not passed. Course Failure and Program Continuation If you fail a course during a term, you may re-register to repeat the course. However, if your second attempt is unsuccessful, you will be prohibited from continuing the term and must seek approval from the Associate Dean in order to be readmitted into the program. Program delivery In person: This program is delivered on campus. Program location Aerospace Technology Campus 3800 Cessna Drive Richmond, BC Aviation attendance policy The attendance policies for all Aviation programs differ from other BCIT programs and are regulated by Transport Canada and/or Canadian Aviation Maintenance Council. Go back Courses Next up Graduating & Jobs\nInternational evidence: {\""evidence\"":[{\""checked_at\"":\""2026-09-08T17:42:04.887145+00:00\"",\""evidence_type\"":\""international_list_positive_flag\"",\""source_sha256\"":\""ef555c53d49601c848d071e461a1885414dddeb55de111d8bf063c4be05246ee\"",\""url\"":\""https://www.bcit.ca/international-applicants/regular-credential-programs/\""}],\""offering_scope\"":\""Any Domestic Only offering remains mode/intake-specific.\"",\""pgwp\"":\""ELIGIBLE_TO_APPLY\"",\""status\"":\""ACCEPTED_AVAILABLE\"",\""study_permit\"":\""UNKNOWN_NOT_PUBLISHED\""}"",""international_eligibility"":""ACCEPTED_AVAILABLE"",""last_checked"":""2026-09-08"",""source_url"":""https://www.bcit.ca/programs/aircraft-gas-turbine-technician-certificate-full-time-1030certts/""}},{""action"":""INSERT"",""key"":{""program_id"":""1030CERTTS"",""rule_name"":""International eligibility source evidence"",""rule_scope"":""INTERNATIONAL"",""study_mode"":""Full-time""},""precondition"":""No semantically equivalent INTERNATIONAL rule exists"",""table"":""academic_rule_sets"",""values"":{""notes"":""{\""evidence\"":[{\""checked_at\"":\""2026-09-08T17:42:04.887145+00:00\"",\""evidence_type\"":\""international_list_positive_flag\"",\""source_sha256\"":\""ef555c53d49601c848d071e461a1885414dddeb55de111d8bf063c4be05246ee\"",\""url\"":\""https://www.bcit.ca/international-applicants/regular-credential-programs/\""}],\""offering_scope\"":\""Any Domestic Only offering remains mode/intake-specific.\"",\""pgwp\"":\""ELIGIBLE_TO_APPLY\"",\""status\"":\""ACCEPTED_AVAILABLE\"",\""study_permit\"":\""UNKNOWN_NOT_PUBLISHED\""}"",""source_url"":""https://www.bcit.ca/international-applicants/regular-credential-programs/""}}]","{""delivery_facts"":{""authoritative_raw"":""Program length 38 weeks, full-time Grading Minimum course passing grade is 70%. Each course has a theory component and a practical component and both components must be passed with 70%. The official transcript will show an average of both marks, with a U or F (unsatisfactory or failed) if either component is not passed. Course Failure and Program Continuation If you fail a course during a term, you may re-register to repeat the course. However, if your second attempt is unsuccessful, you will be prohibited from continuing the term and must seek approval from the Associate Dean in order to be readmitted into the program. Program delivery In person: This program is delivered on campus. Program location Aerospace Technology Campus 3800 Cessna Drive Richmond, BC Aviation attendance policy The attendance policies for all Aviation programs differ from other BCIT programs and are regulated by Transport Canada and/or Canadian Aviation Maintenance Council. Go back Courses Next up Graduating & Jobs"",""duration_years"":null,""intake_months"":[],""international_eligibility"":""Refer to official program page"",""last_checked"":""2026-09-08"",""program_id"":""1030CERTTS"",""source_url"":""https://www.bcit.ca/programs/aircraft-gas-turbine-technician-certificate-full-time-1030certts/"",""terms_per_year"":null,""total_credits"":""76.0""},""international_conditions"":[],""international_rule_sets"":[],""legacy_accepts_international_students"":null}"
46,1070ACERT,Airport Operations,ACCEPTED_AVAILABLE,UPDATE,APPLIED,[],"[{""action"":""UPDATE"",""key"":{""program_id"":""1070ACERT""},""precondition"":{""authoritative_raw"":""Grading Successful course completion will require minimum pass standing of seventy (70%) percent. Program delivery Blended: This program is delivered partly on campus and partly online. Program location Aerospace Technology Campus 3800 Cessna Drive Richmond, BC Continue your education Students requesting transfer to the full-time Aviation Management and Operations diploma program will be granted full credit for those courses taken and successfully completed through the flexible learning (part-time studies) online Associate Certificate program. Go back Courses Next up Graduating & Jobs"",""duration_years"":null,""intake_months"":[],""international_eligibility"":""Refer to official program page"",""last_checked"":""2026-09-08"",""program_id"":""1070ACERT"",""source_url"":""https://www.bcit.ca/programs/airport-operations-associate-certificate-part-time-1070acert/"",""terms_per_year"":null,""total_credits"":""24.0""},""table"":""program_delivery_facts"",""values"":{""authoritative_raw"":""Grading Successful course completion will require minimum pass standing of seventy (70%) percent. Program delivery Blended: This program is delivered partly on campus and partly online. Program location Aerospace Technology Campus 3800 Cessna Drive Richmond, BC Continue your education Students requesting transfer to the full-time Aviation Management and Operations diploma program will be granted full credit for those courses taken and successfully completed through the flexible learning (part-time studies) online Associate Certificate program. Go back Courses Next up Graduating & Jobs\nInternational evidence: {\""evidence\"":[{\""checked_at\"":\""2026-09-08T17:42:04.887145+00:00\"",\""evidence_type\"":\""international_list_positive_flag\"",\""source_sha256\"":\""80ccc30497514cdabeb24188c92933bde377ee28c660097ccd4abb46138608d4\"",\""url\"":\""https://www.bcit.ca/international-applicants/flexible-credential-programs/\""}],\""offering_scope\"":\""Any Domestic Only offering remains mode/intake-specific.\"",\""pgwp\"":\""UNKNOWN_NOT_PUBLISHED\"",\""status\"":\""ACCEPTED_AVAILABLE\"",\""study_permit\"":\""UNKNOWN_NOT_PUBLISHED\""}"",""international_eligibility"":""ACCEPTED_AVAILABLE"",""last_checked"":""2026-09-08"",""source_url"":""https://www.bcit.ca/programs/airport-operations-associate-certificate-part-time-1070acert/""}},{""action"":""INSERT"",""key"":{""program_id"":""1070ACERT"",""rule_name"":""International eligibility source evidence"",""rule_scope"":""INTERNATIONAL"",""study_mode"":""Part-time""},""precondition"":""No semantically equivalent INTERNATIONAL rule exists"",""table"":""academic_rule_sets"",""values"":{""notes"":""{\""evidence\"":[{\""checked_at\"":\""2026-09-08T17:42:04.887145+00:00\"",\""evidence_type\"":\""international_list_positive_flag\"",\""source_sha256\"":\""80ccc30497514cdabeb24188c92933bde377ee28c660097ccd4abb46138608d4\"",\""url\"":\""https://www.bcit.ca/international-applicants/flexible-credential-programs/\""}],\""offering_scope\"":\""Any Domestic Only offering remains mode/intake-specific.\"",\""pgwp\"":\""UNKNOWN_NOT_PUBLISHED\"",\""status\"":\""ACCEPTED_AVAILABLE\"",\""study_permit\"":\""UNKNOWN_NOT_PUBLISHED\""}"",""source_url"":""https://www.bcit.ca/international-applicants/flexible-credential-programs/""}}]","{""delivery_facts"":{""authoritative_raw"":""Grading Successful course completion will require minimum pass standing of seventy (70%) percent. Program delivery Blended: This program is delivered partly on campus and partly online. Program location Aerospace Technology Campus 3800 Cessna Drive Richmond, BC Continue your education Students requesting transfer to the full-time Aviation Management and Operations diploma program will be granted full credit for those courses taken and successfully completed through the flexible learning (part-time studies) online Associate Certificate program. Go back Courses Next up Graduating & Jobs"",""duration_years"":null,""intake_months"":[],""international_eligibility"":""Refer to official program page"",""last_checked"":""2026-09-08"",""program_id"":""1070ACERT"",""source_url"":""https://www.bcit.ca/programs/airport-operations-associate-certificate-part-time-1070acert/"",""terms_per_year"":null,""total_credits"":""24.0""},""international_conditions"":[],""international_rule_sets"":[],""legacy_accepts_international_students"":null}"
47,1155ACERT,Construction Drawings,ACCEPTED_AVAILABLE,UPDATE,APPLIED,[],"[{""action"":""UPDATE"",""key"":{""program_id"":""1155ACERT""},""precondition"":{""authoritative_raw"":""Program length Students must complete the Associate Certificate in Construction Drawings program within seven years. Grading A minimum grade of 50% is required to pass each course. All courses must be passed in order to successfully complete the program. Students require an overall GPA of 65% in order to graduate. Program delivery Online: This program is delivered fully online. All courses in the program will be delivered through the BCIT Learning Hub online platform. Orientation to the platform and all the features employed in the course will be provided at the beginning of each course. Students are responsible for checking the prerequisites for each course before registering. Program location This program is offered through distance and online learning. Go back Courses Next up Graduating & Jobs"",""duration_years"":null,""intake_months"":[],""international_eligibility"":""Refer to official program page"",""last_checked"":""2026-09-08"",""program_id"":""1155ACERT"",""source_url"":""https://www.bcit.ca/programs/construction-drawings-associate-certificate-part-time-1155acert/"",""terms_per_year"":null,""total_credits"":""24.0""},""table"":""program_delivery_facts"",""values"":{""authoritative_raw"":""Program length Students must complete the Associate Certificate in Construction Drawings program within seven years. Grading A minimum grade of 50% is required to pass each course. All courses must be passed in order to successfully complete the program. Students require an overall GPA of 65% in order to graduate. Program delivery Online: This program is delivered fully online. All courses in the program will be delivered through the BCIT Learning Hub online platform. Orientation to the platform and all the features employed in the course will be provided at the beginning of each course. Students are responsible for checking the prerequisites for each course before registering. Program location This program is offered through distance and online learning. Go back Courses Next up Graduating & Jobs\nInternational evidence: {\""evidence\"":[{\""checked_at\"":\""2026-09-08T17:42:04.887145+00:00\"",\""evidence_type\"":\""international_list_positive_flag\"",\""source_sha256\"":\""80ccc30497514cdabeb24188c92933bde377ee28c660097ccd4abb46138608d4\"",\""url\"":\""https://www.bcit.ca/international-applicants/flexible-credential-programs/\""}],\""offering_scope\"":\""Any Domestic Only offering remains mode/intake-specific.\"",\""pgwp\"":\""UNKNOWN_NOT_PUBLISHED\"",\""status\"":\""ACCEPTED_AVAILABLE\"",\""study_permit\"":\""UNKNOWN_NOT_PUBLISHED\""}"",""international_eligibility"":""ACCEPTED_AVAILABLE"",""last_checked"":""2026-09-08"",""source_url"":""https://www.bcit.ca/programs/construction-drawings-associate-certificate-part-time-1155acert/""}},{""action"":""INSERT"",""key"":{""program_id"":""1155ACERT"",""rule_name"":""International eligibility source evidence"",""rule_scope"":""INTERNATIONAL"",""study_mode"":""Part-time""},""precondition"":""No semantically equivalent INTERNATIONAL rule exists"",""table"":""academic_rule_sets"",""values"":{""notes"":""{\""evidence\"":[{\""checked_at\"":\""2026-09-08T17:42:04.887145+00:00\"",\""evidence_type\"":\""international_list_positive_flag\"",\""source_sha256\"":\""80ccc30497514cdabeb24188c92933bde377ee28c660097ccd4abb46138608d4\"",\""url\"":\""https://www.bcit.ca/international-applicants/flexible-credential-programs/\""}],\""offering_scope\"":\""Any Domestic Only offering remains mode/intake-specific.\"",\""pgwp\"":\""UNKNOWN_NOT_PUBLISHED\"",\""status\"":\""ACCEPTED_AVAILABLE\"",\""study_permit\"":\""UNKNOWN_NOT_PUBLISHED\""}"",""source_url"":""https://www.bcit.ca/international-applicants/flexible-credential-programs/""}}]","{""delivery_facts"":{""authoritative_raw"":""Program length Students must complete the Associate Certificate in Construction Drawings program within seven years. Grading A minimum grade of 50% is required to pass each course. All courses must be passed in order to successfully complete the program. Students require an overall GPA of 65% in order to graduate. Program delivery Online: This program is delivered fully online. All courses in the program will be delivered through the BCIT Learning Hub online platform. Orientation to the platform and all the features employed in the course will be provided at the beginning of each course. Students are responsible for checking the prerequisites for each course before registering. Program location This program is offered through distance and online learning. Go back Courses Next up Graduating & Jobs"",""duration_years"":null,""intake_months"":[],""international_eligibility"":""Refer to official program page"",""last_checked"":""2026-09-08"",""program_id"":""1155ACERT"",""source_url"":""https://www.bcit.ca/programs/construction-drawings-associate-certificate-part-time-1155acert/"",""terms_per_year"":null,""total_credits"":""24.0""},""international_conditions"":[],""international_rule_sets"":[],""legacy_accepts_international_students"":null}"
48,1165DIPMA,Aircraft Maintenance Engineer Category ‘E’ (Electronics),ACCEPTED_AVAILABLE,INSERT,APPLIED,[],"[{""action"":""INSERT"",""key"":{""program_id"":""1165DIPMA"",""rule_name"":""International eligibility source evidence"",""rule_scope"":""INTERNATIONAL"",""study_mode"":""Full-time""},""precondition"":""No semantically equivalent INTERNATIONAL rule exists"",""table"":""academic_rule_sets"",""values"":{""notes"":""{\""evidence\"":[{\""checked_at\"":\""2026-09-08T17:42:04.887145+00:00\"",\""evidence_type\"":\""international_list_positive_flag\"",\""source_sha256\"":\""ef555c53d49601c848d071e461a1885414dddeb55de111d8bf063c4be05246ee\"",\""url\"":\""https://www.bcit.ca/international-applicants/regular-credential-programs/\""}],\""offering_scope\"":\""Any Domestic Only offering remains mode/intake-specific.\"",\""pgwp\"":\""ELIGIBLE_TO_APPLY\"",\""status\"":\""ACCEPTED_AVAILABLE\"",\""study_permit\"":\""UNKNOWN_NOT_PUBLISHED\""}"",""source_url"":""https://www.bcit.ca/international-applicants/regular-credential-programs/""}}]","{""delivery_facts"":{""authoritative_raw"":""Program length 68 weeks, full-time Grading The minimum course passing grade is 70% for Transport Canada. Each course has a theory component and a practical component, and both components must be passed with 70%. The official transcript will show an average of both marks, with a U or F (unsatisfactory or failed) if either component is not passed. Course Failure and Program Continuation If you fail a course during a term, you may re-register to repeat the course. However, if your second attempt is unsuccessful, you will be prohibited from continuing the term and must seek approval from the Associate Dean in order to be readmitted into the program. Program delivery In person: This program is delivered on campus. The program delivers instructional content and learning activities fully in person, supplemented by online components that provide additional resources to help students learn. Program location Aerospace Technology Campus 3800 Cessna Drive Richmond, BC Aviation attendance policy Attendance policy for all Aviation programs differs from other BCIT programs and is regulated by Transport Canada. Canadian Aviation Regulation Standard 566 states: \""Students missing more than five per cent of the course curriculum through absence will not qualify for any credit under Transport Canada course approval, unless the lost time is made up through documented supplementary studies, which shall include theory, workshop and laboratory time, equivalent to that missed from the original program. The five per cent absence policy is intended for illness, bereavement, or other circumstances beyond the individual's control.\"" Go back Courses Next up Graduating & Jobs"",""duration_years"":""1.307692307692307692307692308"",""intake_months"":[""January"",""August""],""international_eligibility"":""Available to international applicants"",""last_checked"":""2026-09-06"",""program_id"":""1165DIPMA"",""source_url"":""https://www.bcit.ca/programs/aircraft-maintenance-engineer-category-e-electronics-diploma-full-time-1165dipma/"",""terms_per_year"":4,""total_credits"":""136.0""},""international_conditions"":[],""international_rule_sets"":[],""legacy_accepts_international_students"":true}"
49,1175DIPMA,Aviation Management and Operations,ACCEPTED_AVAILABLE,UPDATE,APPLIED,[],"[{""action"":""UPDATE"",""key"":{""program_id"":""1175DIPMA""},""precondition"":{""authoritative_raw"":""Program length This is a full-time studies program that spans two years with four terms of study. Term 1 - September to December with a winter break Term 2A - January to April with a spring term break to follow the end of the term Term 2B - May to August with a summer break to follow the end of the term Term 3 - September to December with a winter break Term 4 - January to April Grading A 70 percent passing grade is required for each course. Student learning is evaluated at the end of each course. You must pass all courses each term to successfully complete the term. If you fail or withdraw from one or more courses, you may be required to apply for re-admission. If allowed to continue, you must provide the Registrar's Office with proof that failed courses have been completed before the end of the next term or before you can be issued a credential, whichever condition is specified. Program delivery Blended: This program is delivered partly on campus and partly online. The program delivers instructional content and learning activities fully in person, supplemented by online components that provide additional resources to help students learn. This includes lectures, demonstrations, and applied training, as well as industry-based activities assigned to be completed at local, regional, and national airports. The Workplace Education (non-coop) course in Term 2B will provide students with the ability to apply the skills and knowledge with an aviation employer including but not limited to airports, airport businesses, airport suppliers, airline operators, aviation security providers, aviation transportation consulting and/or engineering firms, Transport Canada, Nav Canada, BC Aviation Council, fixed based operators and other aviation sector employers. Program location Aerospace Technology Campus 3800 Cessna Drive Richmond, BC Go back Courses Next up Graduating & Jobs"",""duration_years"":null,""intake_months"":[],""international_eligibility"":""Refer to official program page"",""last_checked"":""2026-09-08"",""program_id"":""1175DIPMA"",""source_url"":""https://www.bcit.ca/programs/aviation-management-and-operations-diploma-full-time-1175dipma/"",""terms_per_year"":null,""total_credits"":""124.0""},""table"":""program_delivery_facts"",""values"":{""authoritative_raw"":""Program length This is a full-time studies program that spans two years with four terms of study. Term 1 - September to December with a winter break Term 2A - January to April with a spring term break to follow the end of the term Term 2B - May to August with a summer break to follow the end of the term Term 3 - September to December with a winter break Term 4 - January to April Grading A 70 percent passing grade is required for each course. Student learning is evaluated at the end of each course. You must pass all courses each term to successfully complete the term. If you fail or withdraw from one or more courses, you may be required to apply for re-admission. If allowed to continue, you must provide the Registrar's Office with proof that failed courses have been completed before the end of the next term or before you can be issued a credential, whichever condition is specified. Program delivery Blended: This program is delivered partly on campus and partly online. The program delivers instructional content and learning activities fully in person, supplemented by online components that provide additional resources to help students learn. This includes lectures, demonstrations, and applied training, as well as industry-based activities assigned to be completed at local, regional, and national airports. The Workplace Education (non-coop) course in Term 2B will provide students with the ability to apply the skills and knowledge with an aviation employer including but not limited to airports, airport businesses, airport suppliers, airline operators, aviation security providers, aviation transportation consulting and/or engineering firms, Transport Canada, Nav Canada, BC Aviation Council, fixed based operators and other aviation sector employers. Program location Aerospace Technology Campus 3800 Cessna Drive Richmond, BC Go back Courses Next up Graduating & Jobs\nInternational evidence: {\""evidence\"":[{\""checked_at\"":\""2026-09-08T17:42:04.887145+00:00\"",\""evidence_type\"":\""international_list_positive_flag\"",\""source_sha256\"":\""ef555c53d49601c848d071e461a1885414dddeb55de111d8bf063c4be05246ee\"",\""url\"":\""https://www.bcit.ca/international-applicants/regular-credential-programs/\""}],\""offering_scope\"":\""Any Domestic Only offering remains mode/intake-specific.\"",\""pgwp\"":\""ELIGIBLE_TO_APPLY\"",\""status\"":\""ACCEPTED_AVAILABLE\"",\""study_permit\"":\""UNKNOWN_NOT_PUBLISHED\""}"",""international_eligibility"":""ACCEPTED_AVAILABLE"",""last_checked"":""2026-09-08"",""source_url"":""https://www.bcit.ca/programs/aviation-management-and-operations-diploma-full-time-1175dipma/""}},{""action"":""INSERT"",""key"":{""program_id"":""1175DIPMA"",""rule_name"":""International eligibility source evidence"",""rule_scope"":""INTERNATIONAL"",""study_mode"":""Full-time""},""precondition"":""No semantically equivalent INTERNATIONAL rule exists"",""table"":""academic_rule_sets"",""values"":{""notes"":""{\""evidence\"":[{\""checked_at\"":\""2026-09-08T17:42:04.887145+00:00\"",\""evidence_type\"":\""international_list_positive_flag\"",\""source_sha256\"":\""ef555c53d49601c848d071e461a1885414dddeb55de111d8bf063c4be05246ee\"",\""url\"":\""https://www.bcit.ca/international-applicants/regular-credential-programs/\""}],\""offering_scope\"":\""Any Domestic Only offering remains mode/intake-specific.\"",\""pgwp\"":\""ELIGIBLE_TO_APPLY\"",\""status\"":\""ACCEPTED_AVAILABLE\"",\""study_permit\"":\""UNKNOWN_NOT_PUBLISHED\""}"",""source_url"":""https://www.bcit.ca/international-applicants/regular-credential-programs/""}}]","{""delivery_facts"":{""authoritative_raw"":""Program length This is a full-time studies program that spans two years with four terms of study. Term 1 - September to December with a winter break Term 2A - January to April with a spring term break to follow the end of the term Term 2B - May to August with a summer break to follow the end of the term Term 3 - September to December with a winter break Term 4 - January to April Grading A 70 percent passing grade is required for each course. Student learning is evaluated at the end of each course. You must pass all courses each term to successfully complete the term. If you fail or withdraw from one or more courses, you may be required to apply for re-admission. If allowed to continue, you must provide the Registrar's Office with proof that failed courses have been completed before the end of the next term or before you can be issued a credential, whichever condition is specified. Program delivery Blended: This program is delivered partly on campus and partly online. The program delivers instructional content and learning activities fully in person, supplemented by online components that provide additional resources to help students learn. This includes lectures, demonstrations, and applied training, as well as industry-based activities assigned to be completed at local, regional, and national airports. The Workplace Education (non-coop) course in Term 2B will provide students with the ability to apply the skills and knowledge with an aviation employer including but not limited to airports, airport businesses, airport suppliers, airline operators, aviation security providers, aviation transportation consulting and/or engineering firms, Transport Canada, Nav Canada, BC Aviation Council, fixed based operators and other aviation sector employers. Program location Aerospace Technology Campus 3800 Cessna Drive Richmond, BC Go back Courses Next up Graduating & Jobs"",""duration_years"":null,""intake_months"":[],""international_eligibility"":""Refer to official program page"",""last_checked"":""2026-09-08"",""program_id"":""1175DIPMA"",""source_url"":""https://www.bcit.ca/programs/aviation-management-and-operations-diploma-full-time-1175dipma/"",""terms_per_year"":null,""total_credits"":""124.0""},""international_conditions"":[],""international_rule_sets"":[],""legacy_accepts_international_students"":null}"
50,1205DIPMA,Aircraft Maintenance Engineer Category 'S' (Structures),ACCEPTED_AVAILABLE,INSERT,APPLIED,[],"[{""action"":""INSERT"",""key"":{""program_id"":""1205DIPMA"",""rule_name"":""International eligibility source evidence"",""rule_scope"":""INTERNATIONAL"",""study_mode"":""Full-time""},""precondition"":""No semantically equivalent INTERNATIONAL rule exists"",""table"":""academic_rule_sets"",""values"":{""notes"":""{\""evidence\"":[{\""checked_at\"":\""2026-09-08T17:42:04.887145+00:00\"",\""evidence_type\"":\""international_list_positive_flag\"",\""source_sha256\"":\""ef555c53d49601c848d071e461a1885414dddeb55de111d8bf063c4be05246ee\"",\""url\"":\""https://www.bcit.ca/international-applicants/regular-credential-programs/\""}],\""offering_scope\"":\""Any Domestic Only offering remains mode/intake-specific.\"",\""pgwp\"":\""ELIGIBLE_TO_APPLY\"",\""status\"":\""ACCEPTED_AVAILABLE\"",\""study_permit\"":\""UNKNOWN_NOT_PUBLISHED\""}"",""source_url"":""https://www.bcit.ca/international-applicants/regular-credential-programs/""}}]","{""delivery_facts"":{""authoritative_raw"":""Program length Students will spend a total of 10 months (40 weeks) in school. Grading The minimum course passing grade is 70%. If courses have a theory component and a practical component, both components must be passed with 70%. The official transcript will show an average of both marks, with a U or F (unsatisfactory or failed) if either component is not passed. Course failure and program continuation If you fail a course during a term, you may re-register to repeat the course. However, if your second attempt is also unsuccessful, you will be prohibited from being readmitted to the course until you seek approval from the Associate Dean of the program. Program delivery In person: This program is delivered on campus. The program delivers instructional content and learning activities fully in person, supplemented by online components that provide additional resources to help students learn. Program location Aerospace Technology Campus 3800 Cessna Drive Richmond, BC Aviation attendance policy Attendance policy for all Aviation programs differs from other BCIT programs and is regulated by Transport Canada. Your attendance will be recorded for each course. Transport Canada allows 5% absenteeism for specific circumstances. If you successfully complete the program and your total program attendance is less than 95%, you may receive the BCIT diploma. To receive the Transport Canada accreditation, you will be required to recuperate the lost time through documented supplementary studies. Canadian Aviation Regulation Standard 566 states: Students missing more than 5% of the course curriculum through absence will not qualify for any credit under Transport Canada course approval, unless the lost time is made up through documented supplementary studies, which shall include theory, workshop and laboratory time, equivalent to that missed from the original program. The 5% absence policy is intended for illness, bereavement, or other circumstances beyond the individual's control. Go back Courses Next up Graduating & Jobs"",""duration_years"":""0.7692307692307692307692307692"",""intake_months"":[""September""],""international_eligibility"":""Available to international applicants"",""last_checked"":""2026-09-06"",""program_id"":""1205DIPMA"",""source_url"":""https://www.bcit.ca/programs/aircraft-maintenance-engineer-category-s-structures-diploma-full-time-1205dipma/"",""terms_per_year"":3,""total_credits"":""80.0""},""international_conditions"":[],""international_rule_sets"":[],""legacy_accepts_international_students"":true}"
